"model","n","p","rho","rule","reps","sure4","sure10","sure20","sure30","sure50","sure100","sure20_fair"
"M1",2000,1000,0,"ours",40,0.2,0.525,0.625,0.65,0.7,0.725,0.625
"M1",2000,1000,0,"qsis",40,0.35,0.7,0.9,0.925,0.95,0.95,0.9
"M1",2000,1000,0,"union",40,0.45,0.8,0.9,0.925,0.95,0.95,0.8
"M1",2000,1000,0,"inter",40,0.15,0.45,0.625,0.65,0.7,0.725,0.625
"M1",2000,1000,0.2,"ours",40,0.75,0.925,0.95,0.95,0.975,0.975,0.95
"M1",2000,1000,0.2,"qsis",40,0.7,0.95,1,1,1,1,1
"M1",2000,1000,0.2,"union",40,0.875,1,1,1,1,1,1
"M1",2000,1000,0.2,"inter",40,0.575,0.875,0.95,0.95,0.975,0.975,0.95
"M1",2000,1000,0.25,"ours",40,0.775,0.925,0.95,0.95,0.975,0.975,0.95
"M1",2000,1000,0.25,"qsis",40,0.8,0.975,1,1,1,1,1
"M1",2000,1000,0.25,"union",40,0.925,0.975,1,1,1,1,0.975
"M1",2000,1000,0.25,"inter",40,0.65,0.925,0.95,0.95,0.975,0.975,0.95
"M1",2000,1000,0.3,"ours",40,0.925,0.975,1,1,1,1,1
"M1",2000,1000,0.3,"qsis",40,0.95,1,1,1,1,1,1
"M1",2000,1000,0.3,"union",40,0.975,1,1,1,1,1,1
"M1",2000,1000,0.3,"inter",40,0.9,0.975,1,1,1,1,1
"M1",2000,1000,0.4,"ours",40,0.95,1,1,1,1,1,1
"M1",2000,1000,0.4,"qsis",40,1,1,1,1,1,1,1
"M1",2000,1000,0.4,"union",40,1,1,1,1,1,1,1
"M1",2000,1000,0.4,"inter",40,0.95,1,1,1,1,1,1
"M1",2000,1000,0.5,"ours",40,1,1,1,1,1,1,1
"M1",2000,1000,0.5,"qsis",40,1,1,1,1,1,1,1
"M1",2000,1000,0.5,"union",40,1,1,1,1,1,1,1
"M1",2000,1000,0.5,"inter",40,1,1,1,1,1,1,1
"M1",2000,2000,0,"ours",40,0.1,0.325,0.525,0.6,0.725,0.775,0.525
"M1",2000,2000,0,"qsis",40,0.15,0.575,0.65,0.775,0.9,0.975,0.65
"M1",2000,2000,0,"union",40,0.35,0.725,0.85,0.9,0.95,1,0.725
"M1",2000,2000,0,"inter",40,0,0.25,0.375,0.5,0.675,0.75,0.375
"M1",2000,2000,0.2,"ours",40,0.625,0.875,0.9,0.9,0.95,0.95,0.9
"M1",2000,2000,0.2,"qsis",40,0.725,1,1,1,1,1,1
"M1",2000,2000,0.2,"union",40,0.85,1,1,1,1,1,1
"M1",2000,2000,0.2,"inter",40,0.525,0.875,0.9,0.9,0.95,0.95,0.9
"M1",2000,2000,0.25,"ours",40,0.725,0.975,0.975,1,1,1,0.975
"M1",2000,2000,0.25,"qsis",40,0.75,1,1,1,1,1,1
"M1",2000,2000,0.25,"union",40,0.875,1,1,1,1,1,1
"M1",2000,2000,0.25,"inter",40,0.6,0.975,0.975,1,1,1,0.975
"M1",2000,2000,0.3,"ours",40,0.925,1,1,1,1,1,1
"M1",2000,2000,0.3,"qsis",40,0.825,0.975,1,1,1,1,1
"M1",2000,2000,0.3,"union",40,0.975,1,1,1,1,1,1
"M1",2000,2000,0.3,"inter",40,0.775,0.975,1,1,1,1,1
"M1",2000,2000,0.4,"ours",40,0.95,1,1,1,1,1,1
"M1",2000,2000,0.4,"qsis",40,0.85,1,1,1,1,1,1
"M1",2000,2000,0.4,"union",40,1,1,1,1,1,1,1
"M1",2000,2000,0.4,"inter",40,0.8,1,1,1,1,1,1
"M1",2000,2000,0.5,"ours",40,1,1,1,1,1,1,1
"M1",2000,2000,0.5,"qsis",40,1,1,1,1,1,1,1
"M1",2000,2000,0.5,"union",40,1,1,1,1,1,1,1
"M1",2000,2000,0.5,"inter",40,1,1,1,1,1,1,1
"M1",5000,500,0,"ours",40,0.875,0.925,0.975,1,1,1,0.975
"M1",5000,500,0,"qsis",40,1,1,1,1,1,1,1
"M1",5000,500,0,"union",40,1,1,1,1,1,1,1
"M1",5000,500,0,"inter",40,0.875,0.925,0.975,1,1,1,0.975
"M1",5000,500,0.2,"ours",40,1,1,1,1,1,1,1
"M1",5000,500,0.2,"qsis",40,1,1,1,1,1,1,1
"M1",5000,500,0.2,"union",40,1,1,1,1,1,1,1
"M1",5000,500,0.2,"inter",40,1,1,1,1,1,1,1
"M1",5000,500,0.25,"ours",40,1,1,1,1,1,1,1
"M1",5000,500,0.25,"qsis",40,1,1,1,1,1,1,1
"M1",5000,500,0.25,"union",40,1,1,1,1,1,1,1
"M1",5000,500,0.25,"inter",40,1,1,1,1,1,1,1
"M1",5000,500,0.3,"ours",40,1,1,1,1,1,1,1
"M1",5000,500,0.3,"qsis",40,0.975,1,1,1,1,1,1
"M1",5000,500,0.3,"union",40,1,1,1,1,1,1,1
"M1",5000,500,0.3,"inter",40,0.975,1,1,1,1,1,1
"M1",5000,500,0.4,"ours",40,1,1,1,1,1,1,1
"M1",5000,500,0.4,"qsis",40,1,1,1,1,1,1,1
"M1",5000,500,0.4,"union",40,1,1,1,1,1,1,1
"M1",5000,500,0.4,"inter",40,1,1,1,1,1,1,1
"M1",5000,500,0.5,"ours",40,1,1,1,1,1,1,1
"M1",5000,500,0.5,"qsis",40,1,1,1,1,1,1,1
"M1",5000,500,0.5,"union",40,1,1,1,1,1,1,1
"M1",5000,500,0.5,"inter",40,1,1,1,1,1,1,1
"M1",5000,1000,0,"ours",40,0.875,1,1,1,1,1,1
"M1",5000,1000,0,"qsis",40,1,1,1,1,1,1,1
"M1",5000,1000,0,"union",40,1,1,1,1,1,1,1
"M1",5000,1000,0,"inter",40,0.875,1,1,1,1,1,1
"M1",5000,1000,0.2,"ours",40,0.975,0.975,1,1,1,1,1
"M1",5000,1000,0.2,"qsis",40,1,1,1,1,1,1,1
"M1",5000,1000,0.2,"union",40,1,1,1,1,1,1,1
"M1",5000,1000,0.2,"inter",40,0.975,0.975,1,1,1,1,1
"M1",5000,1000,0.25,"ours",40,1,1,1,1,1,1,1
"M1",5000,1000,0.25,"qsis",40,1,1,1,1,1,1,1
"M1",5000,1000,0.25,"union",40,1,1,1,1,1,1,1
"M1",5000,1000,0.25,"inter",40,1,1,1,1,1,1,1
"M1",5000,1000,0.3,"ours",40,1,1,1,1,1,1,1
"M1",5000,1000,0.3,"qsis",40,1,1,1,1,1,1,1
"M1",5000,1000,0.3,"union",40,1,1,1,1,1,1,1
"M1",5000,1000,0.3,"inter",40,1,1,1,1,1,1,1
"M1",5000,1000,0.4,"ours",40,1,1,1,1,1,1,1
"M1",5000,1000,0.4,"qsis",40,1,1,1,1,1,1,1
"M1",5000,1000,0.4,"union",40,1,1,1,1,1,1,1
"M1",5000,1000,0.4,"inter",40,1,1,1,1,1,1,1
"M1",5000,1000,0.5,"ours",40,1,1,1,1,1,1,1
"M1",5000,1000,0.5,"qsis",40,0.975,1,1,1,1,1,1
"M1",5000,1000,0.5,"union",40,1,1,1,1,1,1,1
"M1",5000,1000,0.5,"inter",40,0.975,1,1,1,1,1,1
"M1",5000,2000,0,"ours",40,0.9,0.975,0.975,0.975,0.975,0.975,0.975
"M1",5000,2000,0,"qsis",40,1,1,1,1,1,1,1
"M1",5000,2000,0,"union",40,1,1,1,1,1,1,1
"M1",5000,2000,0,"inter",40,0.9,0.975,0.975,0.975,0.975,0.975,0.975
"M1",5000,2000,0.2,"ours",40,0.975,1,1,1,1,1,1
"M1",5000,2000,0.2,"qsis",40,1,1,1,1,1,1,1
"M1",5000,2000,0.2,"union",40,1,1,1,1,1,1,1
"M1",5000,2000,0.2,"inter",40,0.975,1,1,1,1,1,1
"M1",5000,2000,0.25,"ours",40,1,1,1,1,1,1,1
"M1",5000,2000,0.25,"qsis",40,1,1,1,1,1,1,1
"M1",5000,2000,0.25,"union",40,1,1,1,1,1,1,1
"M1",5000,2000,0.25,"inter",40,1,1,1,1,1,1,1
"M1",5000,2000,0.3,"ours",40,1,1,1,1,1,1,1
"M1",5000,2000,0.3,"qsis",40,1,1,1,1,1,1,1
"M1",5000,2000,0.3,"union",40,1,1,1,1,1,1,1
"M1",5000,2000,0.3,"inter",40,1,1,1,1,1,1,1
"M1",5000,2000,0.4,"ours",40,1,1,1,1,1,1,1
"M1",5000,2000,0.4,"qsis",40,1,1,1,1,1,1,1
"M1",5000,2000,0.4,"union",40,1,1,1,1,1,1,1
"M1",5000,2000,0.4,"inter",40,1,1,1,1,1,1,1
"M1",5000,2000,0.5,"ours",40,1,1,1,1,1,1,1
"M1",5000,2000,0.5,"qsis",40,1,1,1,1,1,1,1
"M1",5000,2000,0.5,"union",40,1,1,1,1,1,1,1
"M1",5000,2000,0.5,"inter",40,1,1,1,1,1,1,1
"M2",2000,1000,0,"ours",40,0.025,0.175,0.225,0.3,0.325,0.45,0.225
"M2",2000,1000,0,"qsis",40,0.025,0.55,0.775,0.8,0.9,1,0.775
"M2",2000,1000,0,"union",40,0.125,0.575,0.775,0.825,0.925,1,0.575
"M2",2000,1000,0,"inter",40,0.025,0.15,0.225,0.3,0.325,0.45,0.225
"M2",2000,1000,0.2,"ours",40,0.3,0.425,0.525,0.55,0.6,0.8,0.525
"M2",2000,1000,0.2,"qsis",40,0.15,0.775,0.95,0.975,0.975,1,0.95
"M2",2000,1000,0.2,"union",40,0.4,0.775,0.975,0.975,0.975,1,0.775
"M2",2000,1000,0.2,"inter",40,0.125,0.425,0.5,0.55,0.6,0.8,0.5
"M2",2000,1000,0.25,"ours",40,0.2,0.35,0.55,0.575,0.6,0.725,0.55
"M2",2000,1000,0.25,"qsis",40,0.225,0.875,0.975,0.975,1,1,0.975
"M2",2000,1000,0.25,"union",40,0.4,0.9,0.975,0.975,1,1,0.9
"M2",2000,1000,0.25,"inter",40,0.125,0.35,0.55,0.575,0.6,0.725,0.55
"M2",2000,2000,0,"ours",40,0.025,0.125,0.175,0.2,0.225,0.3,0.175
"M2",2000,2000,0,"qsis",40,0.075,0.5,0.6,0.75,0.85,0.95,0.6
"M2",2000,2000,0,"union",40,0.1,0.525,0.65,0.8,0.875,0.95,0.525
"M2",2000,2000,0,"inter",40,0,0.125,0.175,0.2,0.225,0.3,0.175
"M2",2000,2000,0.2,"ours",40,0.1,0.35,0.375,0.45,0.475,0.55,0.375
"M2",2000,2000,0.2,"qsis",40,0.075,0.75,0.825,0.9,0.925,0.975,0.825
"M2",2000,2000,0.2,"union",40,0.2,0.825,0.875,0.95,0.95,0.975,0.825
"M2",2000,2000,0.2,"inter",40,0,0.275,0.325,0.4,0.45,0.55,0.325
"M2",2000,2000,0.25,"ours",40,0.175,0.425,0.525,0.625,0.7,0.8,0.525
"M2",2000,2000,0.25,"qsis",40,0.175,0.7,0.875,0.925,0.925,1,0.875
"M2",2000,2000,0.25,"union",40,0.25,0.75,0.875,0.925,0.95,1,0.75
"M2",2000,2000,0.25,"inter",40,0.125,0.375,0.525,0.625,0.675,0.8,0.525
"M2",2000,2000,0.3,"ours",40,0.175,0.375,0.475,0.525,0.65,0.775,0.475
"M2",2000,2000,0.3,"qsis",40,0.175,0.825,0.925,0.95,0.95,0.95,0.925
"M2",2000,2000,0.3,"union",40,0.325,0.85,0.925,0.95,0.95,0.95,0.85
"M2",2000,2000,0.3,"inter",40,0.075,0.35,0.475,0.525,0.65,0.775,0.475
"M2",2000,2000,0.4,"ours",40,0.4,0.6,0.7,0.725,0.725,0.8,0.7
"M2",2000,2000,0.4,"qsis",40,0.25,0.875,0.95,0.975,0.975,0.975,0.95
"M2",2000,2000,0.4,"union",40,0.475,0.9,0.95,0.975,0.975,1,0.9
"M2",2000,2000,0.4,"inter",40,0.175,0.575,0.7,0.725,0.725,0.775,0.7
"M2",2000,2000,0.5,"ours",40,0.475,0.75,0.825,0.825,0.85,0.875,0.825
"M2",2000,2000,0.5,"qsis",40,0.45,0.925,0.95,1,1,1,0.95
"M2",2000,2000,0.5,"union",40,0.65,0.95,0.95,1,1,1,0.95
"M2",2000,2000,0.5,"inter",40,0.3,0.725,0.825,0.825,0.85,0.875,0.825
"M2",5000,500,0,"ours",40,0.35,0.7,0.75,0.775,0.825,0.875,0.75
"M2",5000,500,0,"qsis",40,0.175,1,1,1,1,1,1
"M2",5000,500,0,"union",40,0.475,1,1,1,1,1,1
"M2",5000,500,0,"inter",40,0.125,0.7,0.75,0.775,0.825,0.875,0.75
"M2",5000,500,0.2,"ours",40,0.975,0.975,0.975,1,1,1,0.975
"M2",5000,500,0.2,"qsis",40,0.275,1,1,1,1,1,1
"M2",5000,500,0.2,"union",40,0.975,1,1,1,1,1,1
"M2",5000,500,0.2,"inter",40,0.275,0.975,0.975,1,1,1,0.975
"M2",5000,500,0.25,"ours",40,0.775,0.85,0.9,0.925,0.925,0.95,0.9
"M2",5000,500,0.25,"qsis",40,0.25,1,1,1,1,1,1
"M2",5000,500,0.25,"union",40,0.825,1,1,1,1,1,1
"M2",5000,500,0.25,"inter",40,0.225,0.85,0.9,0.925,0.925,0.95,0.9
"M2",5000,500,0.3,"ours",40,0.825,0.925,0.975,0.975,1,1,0.975
"M2",5000,500,0.3,"qsis",40,0.2,1,1,1,1,1,1
"M2",5000,500,0.3,"union",40,0.825,1,1,1,1,1,1
"M2",5000,500,0.3,"inter",40,0.2,0.925,0.975,0.975,1,1,0.975
"M2",5000,500,0.4,"ours",40,0.975,0.975,0.975,0.975,0.975,0.975,0.975
"M2",5000,500,0.4,"qsis",40,0.2,1,1,1,1,1,1
"M2",5000,500,0.4,"union",40,0.975,1,1,1,1,1,1
"M2",5000,500,0.4,"inter",40,0.2,0.975,0.975,0.975,0.975,0.975,0.975
"M2",5000,500,0.5,"ours",40,0.975,1,1,1,1,1,1
"M2",5000,500,0.5,"qsis",40,0.4,1,1,1,1,1,1
"M2",5000,500,0.5,"union",40,0.975,1,1,1,1,1,1
"M2",5000,500,0.5,"inter",40,0.4,1,1,1,1,1,1
"M2",5000,1000,0,"ours",40,0.15,0.5,0.625,0.7,0.825,0.85,0.625
"M2",5000,1000,0,"qsis",40,0.125,1,1,1,1,1,1
"M2",5000,1000,0,"union",40,0.35,1,1,1,1,1,1
"M2",5000,1000,0,"inter",40,0.05,0.5,0.625,0.7,0.825,0.85,0.625
"M2",5000,1000,0.2,"ours",40,0.7,0.85,0.9,0.925,0.95,0.975,0.9
"M2",5000,1000,0.2,"qsis",40,0.2,1,1,1,1,1,1
"M2",5000,1000,0.2,"union",40,0.7,1,1,1,1,1,1
"M2",5000,1000,0.2,"inter",40,0.2,0.85,0.9,0.925,0.95,0.975,0.9
"M2",5000,1000,0.25,"ours",40,0.825,0.925,0.975,0.975,1,1,0.975
"M2",5000,1000,0.25,"qsis",40,0.15,1,1,1,1,1,1
"M2",5000,1000,0.25,"union",40,0.9,1,1,1,1,1,1
"M2",5000,1000,0.25,"inter",40,0.15,0.925,0.975,0.975,1,1,0.975
"M2",5000,1000,0.3,"ours",40,0.775,0.875,0.925,0.925,0.925,0.975,0.925
"M2",5000,1000,0.3,"qsis",40,0.125,1,1,1,1,1,1
"M2",5000,1000,0.3,"union",40,0.8,1,1,1,1,1,1
"M2",5000,1000,0.3,"inter",40,0.125,0.875,0.925,0.925,0.925,0.975,0.925
"M2",5000,1000,0.4,"ours",40,0.925,1,1,1,1,1,1
"M2",5000,1000,0.4,"qsis",40,0.15,1,1,1,1,1,1
"M2",5000,1000,0.4,"union",40,0.925,1,1,1,1,1,1
"M2",5000,1000,0.4,"inter",40,0.15,1,1,1,1,1,1
"M2",5000,1000,0.5,"ours",40,0.95,0.975,0.975,1,1,1,0.975
"M2",5000,1000,0.5,"qsis",40,0.325,1,1,1,1,1,1
"M2",5000,1000,0.5,"union",40,0.95,1,1,1,1,1,1
"M2",5000,1000,0.5,"inter",40,0.325,0.975,0.975,1,1,1,0.975
"M2",5000,2000,0,"ours",40,0.425,0.65,0.675,0.675,0.775,0.775,0.675
"M2",5000,2000,0,"qsis",40,0.1,1,1,1,1,1,1
"M2",5000,2000,0,"union",40,0.625,1,1,1,1,1,1
"M2",5000,2000,0,"inter",40,0.075,0.65,0.675,0.675,0.775,0.775,0.675
"M2",5000,2000,0.2,"ours",40,0.725,0.85,0.875,0.9,0.95,0.95,0.875
"M2",5000,2000,0.2,"qsis",40,0.275,1,1,1,1,1,1
"M2",5000,2000,0.2,"union",40,0.8,1,1,1,1,1,1
"M2",5000,2000,0.2,"inter",40,0.25,0.85,0.875,0.9,0.95,0.95,0.875
"M2",5000,2000,0.25,"ours",40,0.9,0.95,0.975,1,1,1,0.975
"M2",5000,2000,0.25,"qsis",40,0.3,1,1,1,1,1,1
"M2",5000,2000,0.25,"union",40,0.9,1,1,1,1,1,1
"M2",5000,2000,0.25,"inter",40,0.3,0.95,0.975,1,1,1,0.975
"M2",5000,2000,0.3,"ours",40,0.875,0.925,0.975,0.975,0.975,0.975,0.975
"M2",5000,2000,0.3,"qsis",40,0.175,1,1,1,1,1,1
"M2",5000,2000,0.3,"union",40,0.875,1,1,1,1,1,1
"M2",5000,2000,0.3,"inter",40,0.175,0.925,0.975,0.975,0.975,0.975,0.975
"M2",5000,2000,0.4,"ours",40,0.975,0.975,1,1,1,1,1
"M2",5000,2000,0.4,"qsis",40,0.125,1,1,1,1,1,1
"M2",5000,2000,0.4,"union",40,0.975,1,1,1,1,1,1
"M2",5000,2000,0.4,"inter",40,0.125,0.975,1,1,1,1,1
"M2",5000,2000,0.5,"ours",40,0.975,0.975,0.975,0.975,1,1,0.975
"M2",5000,2000,0.5,"qsis",40,0.325,1,1,1,1,1,1
"M2",5000,2000,0.5,"union",40,0.975,1,1,1,1,1,1
"M2",5000,2000,0.5,"inter",40,0.325,0.975,0.975,0.975,1,1,0.975
"M3",2000,2000,0,"ours",40,0,0.025,0.05,0.075,0.075,0.125,0.05
"M3",2000,2000,0,"qsis",40,0,0.05,0.075,0.175,0.275,0.45,0.075
"M3",2000,2000,0,"union",40,0.025,0.075,0.15,0.25,0.4,0.6,0.075
"M3",2000,2000,0,"inter",40,0,0,0,0.075,0.075,0.1,0
"M3",2000,2000,0.2,"ours",40,0.025,0.15,0.2,0.25,0.3,0.575,0.2
"M3",2000,2000,0.2,"qsis",40,0.2,0.55,0.75,0.85,0.925,0.95,0.75
"M3",2000,2000,0.2,"union",40,0.275,0.65,0.8,0.925,0.95,0.975,0.65
"M3",2000,2000,0.2,"inter",40,0.025,0.125,0.175,0.225,0.275,0.55,0.175
"M3",2000,2000,0.25,"ours",40,0.125,0.225,0.3,0.425,0.5,0.65,0.3
"M3",2000,2000,0.25,"qsis",40,0.175,0.625,0.75,0.8,0.825,0.975,0.75
"M3",2000,2000,0.25,"union",40,0.325,0.65,0.8,0.875,0.875,1,0.65
"M3",2000,2000,0.25,"inter",40,0.05,0.225,0.275,0.4,0.475,0.65,0.275
"M3",2000,2000,0.3,"ours",40,0.175,0.525,0.625,0.675,0.775,0.825,0.625
"M3",2000,2000,0.3,"qsis",40,0.275,0.775,0.875,0.9,0.975,0.975,0.875
"M3",2000,2000,0.3,"union",40,0.475,0.875,0.925,0.95,0.975,0.975,0.875
"M3",2000,2000,0.3,"inter",40,0.125,0.45,0.6,0.65,0.775,0.825,0.6
"M3",2000,2000,0.4,"ours",40,0.35,0.675,0.75,0.775,0.8,0.9,0.75
"M3",2000,2000,0.4,"qsis",40,0.5,0.85,0.875,0.925,0.95,1,0.875
"M3",2000,2000,0.4,"union",40,0.675,0.875,0.9,0.925,0.95,1,0.875
"M3",2000,2000,0.4,"inter",40,0.2,0.65,0.725,0.775,0.8,0.9,0.725
"M3",2000,2000,0.5,"ours",40,0.775,0.9,1,1,1,1,1
"M3",2000,2000,0.5,"qsis",40,0.9,1,1,1,1,1,1
"M3",2000,2000,0.5,"union",40,0.95,1,1,1,1,1,1
"M3",2000,2000,0.5,"inter",40,0.725,0.9,1,1,1,1,1
"M3",5000,500,0,"ours",40,0.125,0.4,0.55,0.6,0.725,0.85,0.55
"M3",5000,500,0,"qsis",40,0.9,1,1,1,1,1,1
"M3",5000,500,0,"union",40,0.95,1,1,1,1,1,1
"M3",5000,500,0,"inter",40,0.125,0.4,0.55,0.6,0.725,0.85,0.55
"M3",5000,500,0.2,"ours",40,0.625,0.85,0.875,0.925,0.95,1,0.875
"M3",5000,500,0.2,"qsis",40,1,1,1,1,1,1,1
"M3",5000,500,0.2,"union",40,1,1,1,1,1,1,1
"M3",5000,500,0.2,"inter",40,0.625,0.85,0.875,0.925,0.95,1,0.875
"M3",5000,500,0.25,"ours",40,0.775,0.9,0.9,0.9,0.9,1,0.9
"M3",5000,500,0.25,"qsis",40,1,1,1,1,1,1,1
"M3",5000,500,0.25,"union",40,1,1,1,1,1,1,1
"M3",5000,500,0.25,"inter",40,0.775,0.9,0.9,0.9,0.9,1,0.9
"M3",5000,500,0.3,"ours",40,0.925,0.95,0.975,0.975,1,1,0.975
"M3",5000,500,0.3,"qsis",40,1,1,1,1,1,1,1
"M3",5000,500,0.3,"union",40,1,1,1,1,1,1,1
"M3",5000,500,0.3,"inter",40,0.925,0.95,0.975,0.975,1,1,0.975
"M3",5000,500,0.4,"ours",40,0.975,0.975,0.975,0.975,1,1,0.975
"M3",5000,500,0.4,"qsis",40,1,1,1,1,1,1,1
"M3",5000,500,0.4,"union",40,1,1,1,1,1,1,1
"M3",5000,500,0.4,"inter",40,0.975,0.975,0.975,0.975,1,1,0.975
"M3",5000,500,0.5,"ours",40,1,1,1,1,1,1,1
"M3",5000,500,0.5,"qsis",40,1,1,1,1,1,1,1
"M3",5000,500,0.5,"union",40,1,1,1,1,1,1,1
"M3",5000,500,0.5,"inter",40,1,1,1,1,1,1,1
"M3",5000,1000,0,"ours",40,0.125,0.4,0.525,0.6,0.7,0.775,0.525
"M3",5000,1000,0,"qsis",40,0.875,1,1,1,1,1,1
"M3",5000,1000,0,"union",40,0.875,1,1,1,1,1,1
"M3",5000,1000,0,"inter",40,0.125,0.4,0.525,0.6,0.7,0.775,0.525
"M3",5000,1000,0.2,"ours",40,0.575,0.825,0.925,0.925,0.925,0.975,0.925
"M3",5000,1000,0.2,"qsis",40,0.975,1,1,1,1,1,1
"M3",5000,1000,0.2,"union",40,0.975,1,1,1,1,1,1
"M3",5000,1000,0.2,"inter",40,0.575,0.825,0.925,0.925,0.925,0.975,0.925
"M3",5000,1000,0.25,"ours",40,0.725,0.9,0.9,0.95,0.975,0.975,0.9
"M3",5000,1000,0.25,"qsis",40,1,1,1,1,1,1,1
"M3",5000,1000,0.25,"union",40,1,1,1,1,1,1,1
"M3",5000,1000,0.25,"inter",40,0.725,0.9,0.9,0.95,0.975,0.975,0.9
"M3",5000,1000,0.3,"ours",40,0.825,0.925,0.925,0.975,0.975,0.975,0.925
"M3",5000,1000,0.3,"qsis",40,1,1,1,1,1,1,1
"M3",5000,1000,0.3,"union",40,1,1,1,1,1,1,1
"M3",5000,1000,0.3,"inter",40,0.825,0.925,0.925,0.975,0.975,0.975,0.925
"M3",5000,1000,0.4,"ours",40,0.95,0.975,1,1,1,1,1
"M3",5000,1000,0.4,"qsis",40,1,1,1,1,1,1,1
"M3",5000,1000,0.4,"union",40,1,1,1,1,1,1,1
"M3",5000,1000,0.4,"inter",40,0.95,0.975,1,1,1,1,1
"M3",5000,1000,0.5,"ours",40,1,1,1,1,1,1,1
"M3",5000,1000,0.5,"qsis",40,1,1,1,1,1,1,1
"M3",5000,1000,0.5,"union",40,1,1,1,1,1,1,1
"M3",5000,1000,0.5,"inter",40,1,1,1,1,1,1,1
"M3",5000,2000,0,"ours",40,0.125,0.3,0.45,0.5,0.55,0.55,0.45
"M3",5000,2000,0,"qsis",40,0.8,0.925,0.975,0.975,0.975,1,0.975
"M3",5000,2000,0,"union",40,0.8,0.95,0.975,0.975,0.975,1,0.95
"M3",5000,2000,0,"inter",40,0.125,0.275,0.45,0.5,0.55,0.55,0.45
"M3",5000,2000,0.2,"ours",40,0.625,0.8,0.875,0.925,0.925,0.925,0.875
"M3",5000,2000,0.2,"qsis",40,1,1,1,1,1,1,1
"M3",5000,2000,0.2,"union",40,1,1,1,1,1,1,1
"M3",5000,2000,0.2,"inter",40,0.625,0.8,0.875,0.925,0.925,0.925,0.875
"M3",5000,2000,0.25,"ours",40,0.675,0.8,0.85,0.875,0.9,0.9,0.85
"M3",5000,2000,0.25,"qsis",40,1,1,1,1,1,1,1
"M3",5000,2000,0.25,"union",40,1,1,1,1,1,1,1
"M3",5000,2000,0.25,"inter",40,0.675,0.8,0.85,0.875,0.9,0.9,0.85
"M3",5000,2000,0.3,"ours",40,0.85,0.925,0.975,0.975,0.975,0.975,0.975
"M3",5000,2000,0.3,"qsis",40,0.975,1,1,1,1,1,1
"M3",5000,2000,0.3,"union",40,0.975,1,1,1,1,1,1
"M3",5000,2000,0.3,"inter",40,0.85,0.925,0.975,0.975,0.975,0.975,0.975
"M3",5000,2000,0.4,"ours",40,0.95,1,1,1,1,1,1
"M3",5000,2000,0.4,"qsis",40,0.975,1,1,1,1,1,1
"M3",5000,2000,0.4,"union",40,1,1,1,1,1,1,1
"M3",5000,2000,0.4,"inter",40,0.925,1,1,1,1,1,1
"M3",5000,2000,0.5,"ours",40,1,1,1,1,1,1,1
"M3",5000,2000,0.5,"qsis",40,1,1,1,1,1,1,1
"M3",5000,2000,0.5,"union",40,1,1,1,1,1,1,1
"M3",5000,2000,0.5,"inter",40,1,1,1,1,1,1,1
"M4",2000,2000,0,"ours",40,0,0,0.05,0.05,0.075,0.15,0.05
"M4",2000,2000,0,"qsis",40,0,0,0.1,0.15,0.275,0.375,0.1
"M4",2000,2000,0,"union",40,0,0.025,0.175,0.225,0.375,0.5,0.025
"M4",2000,2000,0,"inter",40,0,0,0.025,0.025,0.05,0.1,0.025
"M4",2000,2000,0.2,"ours",40,0.075,0.125,0.15,0.225,0.375,0.45,0.15
"M4",2000,2000,0.2,"qsis",40,0.125,0.225,0.35,0.5,0.625,0.8,0.35
"M4",2000,2000,0.2,"union",40,0.175,0.35,0.475,0.625,0.675,0.8,0.35
"M4",2000,2000,0.2,"inter",40,0.025,0.1,0.1,0.175,0.35,0.45,0.1
"M4",2000,2000,0.25,"ours",40,0.05,0.175,0.25,0.3,0.325,0.375,0.25
"M4",2000,2000,0.25,"qsis",40,0.025,0.3,0.6,0.65,0.7,0.75,0.6
"M4",2000,2000,0.25,"union",40,0.175,0.4,0.65,0.7,0.725,0.8,0.4
"M4",2000,2000,0.25,"inter",40,0,0.1,0.25,0.3,0.325,0.35,0.25
"M4",2000,2000,0.3,"ours",40,0.05,0.175,0.275,0.3,0.4,0.525,0.275
"M4",2000,2000,0.3,"qsis",40,0.125,0.4,0.65,0.8,0.925,0.925,0.65
"M4",2000,2000,0.3,"union",40,0.325,0.525,0.675,0.8,0.925,0.925,0.525
"M4",2000,2000,0.3,"inter",40,0.025,0.15,0.275,0.3,0.4,0.525,0.275
"M4",2000,2000,0.4,"ours",40,0.225,0.5,0.7,0.7,0.775,0.775,0.7
"M4",2000,2000,0.4,"qsis",40,0.225,0.675,0.925,0.925,0.925,0.975,0.925
"M4",2000,2000,0.4,"union",40,0.425,0.775,0.925,0.925,0.925,0.975,0.775
"M4",2000,2000,0.4,"inter",40,0.1,0.425,0.7,0.7,0.775,0.775,0.7
"M4",2000,2000,0.5,"ours",40,0.425,0.5,0.675,0.75,0.775,0.825,0.675
"M4",2000,2000,0.5,"qsis",40,0.7,0.9,0.975,1,1,1,0.975
"M4",2000,2000,0.5,"union",40,0.8,0.925,1,1,1,1,0.925
"M4",2000,2000,0.5,"inter",40,0.4,0.475,0.65,0.75,0.775,0.825,0.65
"M4",5000,500,0,"ours",40,0.075,0.225,0.3,0.4,0.45,0.6,0.3
"M4",5000,500,0,"qsis",40,0.65,0.95,0.975,0.975,0.975,0.975,0.975
"M4",5000,500,0,"union",40,0.675,0.95,0.975,0.975,0.975,0.975,0.95
"M4",5000,500,0,"inter",40,0.05,0.225,0.3,0.4,0.45,0.6,0.3
"M4",5000,500,0.2,"ours",40,0.375,0.7,0.775,0.875,0.875,0.925,0.775
"M4",5000,500,0.2,"qsis",40,1,1,1,1,1,1,1
"M4",5000,500,0.2,"union",40,1,1,1,1,1,1,1
"M4",5000,500,0.2,"inter",40,0.375,0.7,0.775,0.875,0.875,0.925,0.775
"M4",5000,500,0.25,"ours",40,0.55,0.8,0.9,0.95,0.95,0.975,0.9
"M4",5000,500,0.25,"qsis",40,0.975,1,1,1,1,1,1
"M4",5000,500,0.25,"union",40,0.975,1,1,1,1,1,1
"M4",5000,500,0.25,"inter",40,0.55,0.8,0.9,0.95,0.95,0.975,0.9
"M4",5000,500,0.3,"ours",40,0.725,0.85,0.925,0.95,0.975,0.975,0.925
"M4",5000,500,0.3,"qsis",40,1,1,1,1,1,1,1
"M4",5000,500,0.3,"union",40,1,1,1,1,1,1,1
"M4",5000,500,0.3,"inter",40,0.725,0.85,0.925,0.95,0.975,0.975,0.925
"M4",5000,500,0.4,"ours",40,0.85,0.975,0.975,0.975,0.975,1,0.975
"M4",5000,500,0.4,"qsis",40,1,1,1,1,1,1,1
"M4",5000,500,0.4,"union",40,1,1,1,1,1,1,1
"M4",5000,500,0.4,"inter",40,0.85,0.975,0.975,0.975,0.975,1,0.975
"M4",5000,500,0.5,"ours",40,0.975,0.975,1,1,1,1,1
"M4",5000,500,0.5,"qsis",40,1,1,1,1,1,1,1
"M4",5000,500,0.5,"union",40,1,1,1,1,1,1,1
"M4",5000,500,0.5,"inter",40,0.975,0.975,1,1,1,1,1
"M4",5000,1000,0,"ours",40,0.025,0.15,0.275,0.375,0.525,0.7,0.275
"M4",5000,1000,0,"qsis",40,0.55,0.9,0.975,0.975,1,1,0.975
"M4",5000,1000,0,"union",40,0.65,0.95,1,1,1,1,0.95
"M4",5000,1000,0,"inter",40,0.025,0.15,0.275,0.375,0.525,0.7,0.275
"M4",5000,1000,0.2,"ours",40,0.3,0.525,0.675,0.725,0.725,0.825,0.675
"M4",5000,1000,0.2,"qsis",40,0.95,1,1,1,1,1,1
"M4",5000,1000,0.2,"union",40,1,1,1,1,1,1,1
"M4",5000,1000,0.2,"inter",40,0.275,0.525,0.675,0.725,0.725,0.825,0.675
"M4",5000,1000,0.25,"ours",40,0.525,0.85,0.85,0.875,0.875,0.9,0.85
"M4",5000,1000,0.25,"qsis",40,0.975,1,1,1,1,1,1
"M4",5000,1000,0.25,"union",40,0.975,1,1,1,1,1,1
"M4",5000,1000,0.25,"inter",40,0.525,0.85,0.85,0.875,0.875,0.9,0.85
"M4",5000,1000,0.3,"ours",40,0.6,0.825,0.9,0.9,0.925,0.95,0.9
"M4",5000,1000,0.3,"qsis",40,1,1,1,1,1,1,1
"M4",5000,1000,0.3,"union",40,1,1,1,1,1,1,1
"M4",5000,1000,0.3,"inter",40,0.6,0.825,0.9,0.9,0.925,0.95,0.9
"M4",5000,1000,0.4,"ours",40,0.9,0.925,0.975,1,1,1,0.975
"M4",5000,1000,0.4,"qsis",40,1,1,1,1,1,1,1
"M4",5000,1000,0.4,"union",40,1,1,1,1,1,1,1
"M4",5000,1000,0.4,"inter",40,0.9,0.925,0.975,1,1,1,0.975
"M4",5000,1000,0.5,"ours",40,0.95,1,1,1,1,1,1
"M4",5000,1000,0.5,"qsis",40,1,1,1,1,1,1,1
"M4",5000,1000,0.5,"union",40,1,1,1,1,1,1,1
"M4",5000,1000,0.5,"inter",40,0.95,1,1,1,1,1,1
"M4",5000,2000,0,"ours",40,0.025,0.1,0.125,0.15,0.3,0.4,0.125
"M4",5000,2000,0,"qsis",40,0.35,0.85,0.875,0.9,0.95,1,0.875
"M4",5000,2000,0,"union",40,0.375,0.85,0.875,0.9,0.95,1,0.85
"M4",5000,2000,0,"inter",40,0,0.1,0.125,0.15,0.3,0.4,0.125
"M4",5000,2000,0.2,"ours",40,0.35,0.6,0.675,0.7,0.8,0.825,0.675
"M4",5000,2000,0.2,"qsis",40,0.9,0.975,1,1,1,1,1
"M4",5000,2000,0.2,"union",40,0.925,1,1,1,1,1,1
"M4",5000,2000,0.2,"inter",40,0.35,0.6,0.675,0.7,0.8,0.825,0.675
"M4",5000,2000,0.25,"ours",40,0.4,0.6,0.7,0.725,0.775,0.875,0.7
"M4",5000,2000,0.25,"qsis",40,0.9,1,1,1,1,1,1
"M4",5000,2000,0.25,"union",40,0.925,1,1,1,1,1,1
"M4",5000,2000,0.25,"inter",40,0.375,0.6,0.7,0.725,0.775,0.875,0.7
"M4",5000,2000,0.3,"ours",40,0.625,0.75,0.775,0.825,0.85,0.875,0.775
"M4",5000,2000,0.3,"qsis",40,1,1,1,1,1,1,1
"M4",5000,2000,0.3,"union",40,1,1,1,1,1,1,1
"M4",5000,2000,0.3,"inter",40,0.625,0.75,0.775,0.825,0.85,0.875,0.775
"M4",5000,2000,0.4,"ours",40,0.825,0.925,0.925,0.925,0.95,0.95,0.925
"M4",5000,2000,0.4,"qsis",40,0.975,1,1,1,1,1,1
"M4",5000,2000,0.4,"union",40,0.975,1,1,1,1,1,1
"M4",5000,2000,0.4,"inter",40,0.825,0.925,0.925,0.925,0.95,0.95,0.925
"M4",5000,2000,0.5,"ours",40,0.95,1,1,1,1,1,1
"M4",5000,2000,0.5,"qsis",40,1,1,1,1,1,1,1
"M4",5000,2000,0.5,"union",40,1,1,1,1,1,1,1
"M4",5000,2000,0.5,"inter",40,0.95,1,1,1,1,1,1
