covariate,sd_inter,p_perm,gmin,gmax
s160m_max,0.256884915625639,0.0,0.8874606895446777,1.4649965438842774
s70m_max,0.20514354288935813,0.0,1.0322688598632812,1.477675018310547
s160m_kurt,0.19063531288633692,0.0,1.1027074432373047,1.5356110076904297
s160m_skew,0.18618937490048906,0.0,1.202812873840332,1.5940440139770509
s160m_q64,0.17293958817781932,0.006,1.1539084854125976,1.5644548034667969
s160m_q88,0.16931264830549422,0.008,1.2212172164916992,1.5933297576904297
s160m_q68,0.16844911984025535,0.008,1.1927405433654785,1.5722437782287597
s160m_q92,0.1678786871373312,0.008,1.1940172157287599,1.5899148292541503
s70m_q30,0.16258449165956296,0.008,1.2149514198303222,1.5303412284851075
s160m_q22,0.16022821548019306,0.008,1.2092842712402343,1.5727771644592285
s160m_bs03,0.16010092530640468,0.008,1.2664042205810546,1.5959629364013672
s70m_fb02,0.15982047119007514,0.01,1.2395657272338867,1.5791805992126464
s160m_q60,0.15905117355382,0.01,1.170916202545166,1.540416015625
s160m_q40,0.15878285548118887,0.01,1.1576698532104492,1.486781177520752
s160m_q24,0.15868174751532133,0.01,1.2321375656127929,1.593667308807373
d70_160_q90,0.15618388378513773,0.014,1.1742247848510743,1.5374269599914552
s160m_q62,0.1544769210986818,0.014,1.173677230834961,1.5465086631774903
s160m_q57,0.15366582368173334,0.014,1.2057810249328613,1.572241569519043
s160m_q66,0.15292432341366705,0.016,1.1964223670959473,1.5352608375549317
s160m_bm05,0.15239281981484995,0.018,1.2330987129211426,1.5676533699035644
s160m_q20,0.15169356356092975,0.018,1.197319923400879,1.5585178298950195
s70m_q42,0.15141529889486358,0.018,1.2660212364196777,1.601044822692871
s70m_bm05,0.1512518612601682,0.018,1.2670324630737304,1.5899967765808105
s70m_q26,0.14990610192519074,0.022,1.2200265693664551,1.5202854537963868
d70_160_bm07,0.14906938612761395,0.022,1.2285048980712892,1.5572365646362305
d70_160_q92,0.1474699752753616,0.024,1.1745243110656738,1.4835226860046387
d70_160_q98,0.14734509757808487,0.024,1.214434543609619,1.5379562683105468
d70_160_q96,0.14717971147838974,0.024,1.156042823791504,1.4743247184753419
s160m_q90,0.14691456450432674,0.024,1.235781551361084,1.5572743492126464
s70m_q44,0.1462173740097088,0.024,1.2605321960449218,1.580126953125
s160m_q94,0.144357293189357,0.026,1.1932241897583007,1.5303446617126464
d70_160_q44,0.1441677954273087,0.026,1.1618510398864745,1.5053305702209472
s70m_q32,0.1437577223626603,0.028,1.2414536819458009,1.505873821258545
s160m_mean,0.14312404363129663,0.028,1.2407053871154785,1.5648366622924805
s160m_q42,0.14266869436962276,0.028,1.167240261077881,1.4836567420959472
d70_160_bs14,0.14256616960864713,0.028,1.2053881149291992,1.53492138671875
s160m_q26,0.1421516639367302,0.03,1.210401351928711,1.5458987274169922
s160m_q38,0.1417478224532865,0.03,1.1763300590515138,1.4817061576843262
s70m_q90,0.1412228792310456,0.03,1.1532701721191407,1.4527338600158692
d70_160_q04,0.14027315660230807,0.03,1.166594841003418,1.5081516571044922
s160m_q28,0.13988923747309298,0.03,1.1874590225219726,1.5062120056152344
s160m_q70,0.13949746559384046,0.03,1.2403770561218261,1.5370061492919922
s160m_q18,0.13931114865429983,0.03,1.1956105728149413,1.5337898902893066
s70m_q54,0.1390576987533585,0.03,1.1893475723266602,1.4936954307556152
s70m_bm03,0.13879850058326976,0.032,1.231381591796875,1.5072804908752442
d70_160_min,0.1379277982245005,0.032,1.1834426612854003,1.5027081298828124
s70m_skew,0.13776833598375057,0.032,1.2046851043701172,1.5185155334472655
s70m_kurt,0.13740057843986547,0.034,1.1848095817565918,1.4836920166015626
s160m_q36,0.13683300231064277,0.034,1.230859115600586,1.5333909721374512
s70m_q92,0.13610145272931914,0.04,1.1478111915588378,1.4627654495239257
s160m_bm03,0.1354697313989601,0.042,1.1878432083129882,1.5151708450317383
s70m_q28,0.13426074697012733,0.042,1.2412428283691406,1.527592384338379
s70m_mean,0.13305998339893926,0.046,1.2578430366516113,1.545869731903076
s160m_q30,0.1324917270418347,0.05,1.2335069274902344,1.5163933372497558
s160m_bm14,0.1316992336180378,0.056,1.2313474464416503,1.5146526947021484
d70_160_bs07,0.1311416438181487,0.062,1.1899987907409668,1.5079050827026368
s70m_q24,0.13109367695710528,0.062,1.252677101135254,1.5437525749206542
s160m_bm15,0.130849572638327,0.062,1.2302552871704102,1.4893994522094727
s160m_q84,0.12947060421907683,0.064,1.2449338035583497,1.5320898818969726
d70_160_bm10,0.12919902297862862,0.066,1.2296647605895996,1.5188261833190917
d70_160_bs11,0.12907561949476712,0.066,1.191406478881836,1.500116928100586
s160m_q82,0.12896413150065691,0.068,1.2392272109985352,1.5271635475158691
d70_160_q32,0.12715386165550474,0.072,1.1704636726379394,1.453428092956543
d70_160_q02,0.12694316510961884,0.072,1.1599117393493652,1.4380922927856445
s160m_q10,0.12672874502136164,0.074,1.1911916198730468,1.4686187744140624
s160m_q86,0.12652225847021345,0.076,1.242675319671631,1.5291647338867187
s70m_q56,0.12629519813716783,0.076,1.2050061874389648,1.4602957344055176
s70m_q46,0.1261535153861902,0.076,1.2756807403564454,1.5450106544494628
d70_160_q82,0.12615058047817604,0.076,1.2223310546875,1.4744514923095704
s70m_q22,0.12582550791824065,0.078,1.248870376586914,1.4836164779663086
s160m_q44,0.1247635193693037,0.078,1.2074535598754883,1.4989014320373535
s160m_q46,0.12448686683656929,0.078,1.2132155685424804,1.4890605239868164
s160m_bm08,0.12374263070581741,0.084,1.2928166542053223,1.552277862548828
s70m_q70,0.12361708077499693,0.084,1.2849601287841796,1.553988067626953
s70m_q62,0.1234844268902853,0.086,1.2860700263977052,1.5571259307861327
s160m_q08,0.1232929878909615,0.086,1.215963882446289,1.494997531890869
s160m_q56,0.12319227778752158,0.086,1.2736520042419435,1.5430521926879883
d70_160_q46,0.12232623642160077,0.096,1.194298366546631,1.471453826904297
d70_160_q94,0.12221049592564014,0.098,1.239898250579834,1.4793821144104005
s160m_q80,0.12211185424467916,0.1,1.2235442390441895,1.5130945358276366
s160m_bm09,0.12113744870940547,0.106,1.2590898895263671,1.5288081474304198
s70m_q60,0.1210071503478401,0.106,1.217452465057373,1.503468894958496
d70_160_bs01,0.12076860045762815,0.106,1.1813150367736815,1.424065689086914
s70m_q12,0.1204234599014384,0.106,1.2291775131225586,1.5151357955932616
s70m_q14,0.1198937349242993,0.108,1.2352954025268554,1.4983053894042968
s70m_q38,0.11952031255602032,0.108,1.2712421073913573,1.5359040336608887
d70_160_fb02,0.11928472679244402,0.11,1.1739426193237306,1.4505814170837403
s70m_q57,0.11893170956581163,0.114,1.2352553634643555,1.5142739067077637
s160m_fb00,0.11890939997897348,0.114,1.2815467224121093,1.5563944549560547
s160m_bs06,0.11887582707851199,0.116,1.1930980072021484,1.4433166923522949
d70_160_q88,0.11712569528666741,0.118,1.230435386657715,1.4850275497436523
s70m_q02,0.11695746267511249,0.12,1.2557571716308593,1.5207476272583007
s70m_bs03,0.11604806578834122,0.128,1.2350504989624023,1.5175743141174316
s70m_bm02,0.11600827612607288,0.128,1.3013190307617188,1.5421582260131836
s160m_q48,0.11596700464070482,0.128,1.2561082000732422,1.5125924644470214
s160m_q72,0.11584175479401071,0.132,1.2481657180786132,1.5265199012756347
s160m_q76,0.11517787406401603,0.138,1.2784980392456056,1.5384807624816894
d70_160_bm15,0.11463420326035949,0.148,1.1843529243469237,1.439078971862793
s160m_q50,0.11456837662263004,0.148,1.2653243789672852,1.5170944061279297
s70m_bs02,0.11407711106532924,0.148,1.2377104148864746,1.5030557098388673
d70_160_q48,0.11380171780208857,0.148,1.207989589691162,1.454501838684082
d70_160_bs09,0.11364150504945285,0.152,1.2187777366638184,1.4793457260131837
s70m_q40,0.11321189982336513,0.158,1.3016963806152344,1.541374210357666
s160m_bs09,0.11295461755556997,0.16,1.2035019912719727,1.4762973289489747
s160m_q52,0.1127689436696539,0.162,1.2849270782470703,1.5222169227600097
s160m_q34,0.11213633782611075,0.166,1.2617003021240234,1.4700452308654786
d70_160_q08,0.11210220866014445,0.166,1.2117388801574707,1.4815302085876465
s70m_q74,0.11194273563674428,0.166,1.2614416885375976,1.520954315185547
s70m_q52,0.11100049721388047,0.172,1.239293067932129,1.5040503044128417
s70m_q34,0.11004417783864157,0.182,1.2451937294006348,1.487508804321289
s160m_q54,0.10997795020058557,0.182,1.2810154037475585,1.51524271774292
s70m_q86,0.10973826803136018,0.182,1.2213542709350587,1.4711661109924317
d70_160_q84,0.10930349374085335,0.184,1.2421290702819825,1.4953802947998047
s160m_q02,0.10866861661266833,0.186,1.2325927200317384,1.4578273391723633
s70m_q96,0.10859852631295282,0.186,1.2417045288085937,1.5014384498596192
s160m_q74,0.10848242831560799,0.186,1.2540614013671876,1.5020834426879883
s160m_bm02,0.10775745796292381,0.188,1.2687695770263672,1.5105246162414552
d70_160_skew,0.10743474956686784,0.192,1.1872063217163087,1.427542350769043
s70m_q16,0.10670287296137823,0.196,1.253366500854492,1.471456516265869
s70m_q20,0.10634073926387062,0.196,1.2628757438659668,1.4764789657592774
d70_160_bm02,0.1059286927713227,0.202,1.209627944946289,1.4479732780456542
d70_160_q14,0.10578729543209273,0.204,1.2556547317504883,1.4818704795837403
d70_160_q12,0.10572741386766629,0.204,1.2048691673278809,1.4385850563049316
s160m_q98,0.10568714686964188,0.206,1.2387965774536134,1.4462312126159669
s160m_bs05,0.10568209923025416,0.206,1.2647774353027343,1.5107874946594237
s70m_q50,0.10567122364516407,0.206,1.2536274147033692,1.5050163078308105
s70m_q94,0.10534126190564022,0.206,1.1937868690490723,1.4293158874511718
s70m_q68,0.10395121384118315,0.212,1.2863001594543457,1.5202010688781737
s70m_q88,0.1039310408107593,0.212,1.207731605529785,1.4534898567199708
s160m_q96,0.1034894213041932,0.216,1.2656775016784667,1.502705696105957
s160m_q14,0.10179770369030562,0.222,1.2567340621948242,1.4837922897338867
d70_160_q60,0.1016379914638457,0.224,1.2320179405212401,1.4768867301940918
s70m_q36,0.10161159479889657,0.224,1.2728589248657227,1.482647403717041
s160m_q32,0.1012776315912453,0.226,1.2498525161743164,1.4623450622558594
s160m_q16,0.10114295543909661,0.226,1.21100545501709,1.4334591827392578
s70m_q04,0.10102598417539396,0.228,1.2527989959716797,1.4975737075805664
s70m_q78,0.10079985814090849,0.228,1.2443446426391602,1.4680420417785645
s160m_bm04,0.1005815903548005,0.23,1.2372707328796386,1.4670418891906738
s70m_q66,0.09970352871102069,0.236,1.3015742721557617,1.5109510383605957
s160m_bs10,0.09903637189477993,0.242,1.226261730194092,1.4602633361816406
d70_160_q42,0.09800181605334746,0.25,1.2411240463256836,1.4540484161376954
s70m_q84,0.09757309936391777,0.252,1.2478684463500977,1.452805160522461
s160m_bm13,0.0972471419306789,0.254,1.274298782348633,1.4730039978027343
d70_160_q54,0.09686639579822552,0.256,1.2209258079528809,1.4410568923950196
d70_160_bs10,0.09681811024637521,0.256,1.238748233795166,1.4588956108093263
d70_160_q28,0.09675104849308751,0.256,1.2088792991638184,1.4396743507385255
d70_160_q86,0.09656990159643598,0.256,1.2535966148376465,1.481589527130127
s160m_fb02,0.09641640859860616,0.256,1.2265741577148437,1.458218032836914
s70m_q10,0.09629155866992342,0.258,1.2287848281860352,1.463503932952881
d70_160_fb01,0.09624047603751244,0.258,1.2180314674377442,1.4522038383483886
s160m_q06,0.09620401794946788,0.258,1.2542631149291992,1.4720859146118164
d70_160_bm14,0.09572664470009706,0.262,1.2181479263305663,1.4341221809387208
s70m_q06,0.09486832770436888,0.268,1.2781132278442382,1.4763915214538574
s70m_q18,0.09463645041473201,0.27,1.2475595016479493,1.4630083618164063
s160m_q04,0.09435141148985055,0.274,1.2724564743041993,1.4774547424316407
s70m_bs10,0.09401749429121883,0.278,1.2289479751586914,1.4495697174072266
s70m_bm08,0.09392906608261635,0.282,1.3063099136352538,1.5086263847351074
d70_160_q40,0.09365887386361646,0.284,1.2231272430419922,1.4488289375305177
d70_160_q16,0.0915782040859875,0.31,1.2845736694335939,1.4815443992614745
s70m_bm13,0.0914016100313328,0.31,1.258466323852539,1.480294246673584
s70m_q48,0.09115816080351066,0.312,1.2806101417541504,1.4742802925109864
d70_160_q78,0.09105363196494318,0.312,1.253327075958252,1.4641132164001465
d70_160_sd,0.09097718590247657,0.312,1.2098401336669922,1.4064782409667969
s160m_bs13,0.09044614467693005,0.32,1.2538016357421875,1.4676923370361328
d70_160_q26,0.08985703371984398,0.326,1.2503801460266113,1.4672902221679687
d70_160_bs15,0.08941312798821331,0.326,1.2432699661254882,1.4601317596435548
s160m_bm11,0.08897595932265336,0.334,1.3081071243286133,1.4941117095947265
s160m_q78,0.08897477888649004,0.334,1.2948847274780273,1.486504608154297
d70_160_q62,0.08836913370246323,0.336,1.273681884765625,1.4741218681335448
s70m_q08,0.0870781295272368,0.354,1.2364723358154297,1.4190961418151855
s70m_fb00,0.08655737524186764,0.358,1.2952379608154296,1.4837093658447265
s160m_bm01,0.08602047262861458,0.368,1.2535126113891601,1.4144483375549317
d70_160_bm11,0.08533812473924555,0.37,1.2710996322631836,1.467951072692871
d70_160_bs06,0.0850694528464464,0.37,1.2766032447814941,1.4589889755249024
d70_160_bm01,0.08411329726278649,0.378,1.2531559028625487,1.4535592308044434
s70m_bs08,0.08397953379768554,0.38,1.1997178268432618,1.3851133651733398
s160m_sd,0.08394567542832237,0.38,1.2432223052978515,1.4443691749572753
d70_160_bs12,0.08392867846142495,0.38,1.27384464263916,1.4543801612854004
s70m_bs09,0.08340094134918816,0.388,1.2173522491455078,1.3967253494262695
d70_160_q30,0.08322016054509532,0.394,1.241982006072998,1.4331096839904784
s160m_q12,0.08321577071787195,0.394,1.2590505599975585,1.4559654541015625
s70m_q72,0.08235679856583958,0.402,1.3115650482177734,1.469889892578125
d70_160_q20,0.0821788033481954,0.404,1.233340591430664,1.4083745040893554
s160m_bs08,0.08183076123530168,0.406,1.2299630851745607,1.4160089988708495
s70m_q64,0.08168328571647734,0.412,1.3138187408447266,1.486491584777832
s70m_q80,0.08105718593301431,0.416,1.2771654663085938,1.433880886077881
d70_160_bm09,0.0808274493474294,0.418,1.270209945678711,1.4612253074645996
d70_160_q06,0.08031280979286767,0.42,1.2823564605712892,1.4564963912963866
s70m_bm15,0.08024944809579793,0.422,1.2330935325622558,1.387564167022705
s70m_bs00,0.07969125116290375,0.424,1.2654715881347656,1.4586126174926757
d70_160_bs04,0.07908622283844441,0.43,1.2371554985046387,1.4077367935180665
d70_160_bm04,0.0787939121804232,0.436,1.2794630012512207,1.4622893333435059
s160m_bm07,0.07869055252916098,0.436,1.2647450637817383,1.4472167167663574
d70_160_q76,0.07851848455462294,0.44,1.2474150619506836,1.4352610206604004
s70m_bs15,0.07839341704013035,0.44,1.266867588043213,1.4438527908325196
d70_160_bm05,0.07833036897769084,0.44,1.2641967697143555,1.4546680068969726
s70m_bs01,0.0778285031496002,0.446,1.25464461517334,1.4206148490905761
s70m_q76,0.07725498111985414,0.448,1.3023707084655762,1.4700559272766114
s160m_bs01,0.07568903730485126,0.48,1.2965419311523438,1.458171859741211
s160m_bs11,0.07533472333325016,0.49,1.3021767158508302,1.456575584411621
d70_160_q10,0.07476549025234339,0.5,1.2844365348815918,1.4294604911804198
d70_160_q80,0.07471776957555115,0.502,1.259231258392334,1.4219973220825195
s70m_bm01,0.07445094814079635,0.502,1.2421265716552734,1.3942417678833008
d70_160_q66,0.07396433534284931,0.51,1.2798950080871583,1.4510510368347167
s70m_bs06,0.0737574352693888,0.512,1.2511340446472168,1.4096875228881836
d70_160_bm00,0.07293159189074958,0.52,1.2375983924865723,1.4099307899475098
s70m_q82,0.07279082202224876,0.524,1.2885337295532227,1.4570121612548828
d70_160_bm12,0.07254849521578438,0.528,1.2817251663208007,1.4485516967773437
d70_160_q72,0.0711981055379476,0.55,1.2646545639038087,1.4373983612060548
s160m_bs02,0.07105937850039876,0.55,1.282498031616211,1.4476860847473145
d70_160_bs00,0.07103897633859577,0.55,1.279966636657715,1.4245735359191896
s160m_bm06,0.07053806960084014,0.556,1.2756229095458984,1.4193675270080566
s160m_fb01,0.06952776646042001,0.57,1.3202116317749024,1.4795137023925782
d70_160_q70,0.06938552643039197,0.574,1.2548665962219239,1.4176998748779297
d70_160_mean,0.06846458731352316,0.588,1.2874567375183106,1.438684856414795
d70_160_kurt,0.06822209490390867,0.588,1.2806316032409668,1.441765407562256
s160m_bm12,0.0673954924771456,0.6,1.2966307067871095,1.4571489448547363
d70_160_q68,0.06637992634921969,0.61,1.264614055633545,1.4083642539978027
d70_160_bs08,0.06613729819862019,0.614,1.2751005630493164,1.4230023307800292
s70m_bs05,0.0650228013803245,0.624,1.2760806350708007,1.4118335609436035
d70_160_q34,0.06433819644879665,0.634,1.2451041450500488,1.3838087425231933
d70_160_q64,0.06372934824207481,0.642,1.2869826393127441,1.4003685264587402
s70m_q98,0.0634472126777527,0.642,1.2748892936706544,1.4289663543701172
d70_160_q38,0.06343152149657764,0.644,1.2709937057495118,1.4162365341186522
d70_160_q18,0.06337422852481658,0.646,1.2717797317504882,1.421612030029297
d70_160_q57,0.06313527093132822,0.646,1.2679700050354004,1.4065636711120606
d70_160_bs05,0.062027734959973796,0.652,1.280498649597168,1.4228817405700684
s70m_bm09,0.061197175532126294,0.656,1.3167532424926758,1.4475487594604493
s70m_bm11,0.060619217011260176,0.664,1.3153866653442383,1.4567848281860352
s70m_bm12,0.05988860863208505,0.674,1.2991386795043944,1.4327253684997558
d70_160_q22,0.05928354305543069,0.692,1.2949644012451171,1.4350825653076171
d70_160_max,0.059163249434787145,0.692,1.3000280685424805,1.4270808906555177
d70_160_q74,0.05889783089467268,0.696,1.2843548545837402,1.4164191360473632
s160m_bs15,0.05861668242157356,0.698,1.2564181480407715,1.3851032257080078
d70_160_bs02,0.05685034340210548,0.71,1.281742343902588,1.4158286094665526
s70m_bm04,0.055536911755536725,0.724,1.3045486183166504,1.4349503364562988
s70m_min,0.05542600202063824,0.724,1.2579127159118653,1.3832271881103515
s70m_bm10,0.05407028427843464,0.74,1.293572166442871,1.3976106643676758
s160m_bs07,0.053937881839489096,0.742,1.290414939880371,1.4191365661621094
s70m_bs13,0.053492977219363795,0.748,1.3090643692016601,1.4284680213928223
d70_160_q56,0.05133008134080229,0.766,1.2947484664916993,1.4201155662536622
d70_160_q24,0.051055503116083485,0.77,1.3052464904785157,1.4200063781738281
d70_160_q52,0.050977355424248805,0.77,1.3175974197387694,1.42252880859375
s70m_bm00,0.04932010319812339,0.784,1.3062320442199706,1.415235626220703
s70m_bm06,0.04847042261832747,0.79,1.2953344039916992,1.4004489517211913
d70_160_bm03,0.0475817424181665,0.796,1.311046817779541,1.4203724403381348
d70_160_bm08,0.04718531694045754,0.8,1.2888729248046875,1.403487018585205
d70_160_bm06,0.04705265438542464,0.802,1.2795137329101562,1.3801364364624022
s70m_bs04,0.0455923455441837,0.814,1.2939302673339843,1.3987504615783692
s160m_bs00,0.045356139329686365,0.816,1.2850871505737305,1.3865773315429688
s160m_bm10,0.0447263204996066,0.816,1.3032540893554687,1.4001982612609862
s70m_fb01,0.04459150177168517,0.818,1.3294148406982422,1.429872444152832
s70m_bs11,0.044461361725777734,0.822,1.3103212738037109,1.4090346717834472
s70m_sd,0.04378192642666019,0.826,1.2985875549316406,1.3981331558227539
s160m_min,0.04171308244921267,0.832,1.3159550704956056,1.4097807159423827
s70m_bs14,0.04126799555246495,0.836,1.263394329071045,1.3518677368164063
d70_160_bs13,0.03968570005586462,0.852,1.29888720703125,1.3930552520751953
d70_160_bm13,0.039467328202029306,0.852,1.3027186279296874,1.395568618774414
d70_160_fb00,0.03925415089951112,0.852,1.301884349822998,1.39594677734375
s70m_bm14,0.03883109956509089,0.854,1.3200120239257813,1.4026107711791993
s160m_bs12,0.03771362877675195,0.862,1.3095861930847168,1.3968271713256837
d70_160_q50,0.034746626801688156,0.892,1.3196093940734863,1.4003459320068359
s70m_bs12,0.03351158113432583,0.898,1.3204940071105957,1.3931725425720214
s160m_bm00,0.03223430106859997,0.91,1.3115539932250977,1.3819363174438477
d70_160_q36,0.03127037111423599,0.91,1.322370834350586,1.3928445739746094
d70_160_bs03,0.028780769521014674,0.936,1.3093833770751953,1.3745051536560058
s70m_bm07,0.02798470622614932,0.944,1.3315986557006836,1.398605640411377
s160m_bs04,0.0269334315523551,0.952,1.3111554870605469,1.3669086265563966
s160m_bs14,0.01769768638284661,0.982,1.3175962409973145,1.3550165519714354
s70m_bs07,0.016886675596105714,0.982,1.327618133544922,1.363352886199951
