"covariate","n","rank_sel","rank_agg","score","below"
"s70m_q02",5000,211,259,1.23657800920896,FALSE
"s70m_q04",5000,96,214,1.21813645302694,FALSE
"s70m_q06",5000,113,218,1.22069665980092,FALSE
"s70m_q08",5000,242,262,1.2479372366525,FALSE
"s70m_q10",5000,251,260,1.25024952427326,FALSE
"s70m_q12",5000,243,243,1.24817546166628,FALSE
"s70m_q14",5000,245,116,1.248317043086,FALSE
"s70m_q16",5000,244,131,1.24823736280538,FALSE
"s70m_q18",5000,228,213,1.2435756609255,FALSE
"s70m_q20",5000,240,238,1.24716175341086,FALSE
"s70m_q22",5000,237,245,1.2451802801959,FALSE
"s70m_q24",5000,260,244,1.2541027829872,FALSE
"s70m_q26",5000,264,224,1.25838096383779,FALSE
"s70m_q28",5000,247,157,1.24873606749258,FALSE
"s70m_q30",5000,224,80,1.24196072520075,FALSE
"s70m_q32",5000,220,156,1.24042706554988,FALSE
"s70m_q34",5000,231,175,1.24399450655334,FALSE
"s70m_q36",5000,241,147,1.24729416327755,FALSE
"s70m_q38",5000,223,164,1.24161171102118,FALSE
"s70m_q40",5000,229,94,1.24386696518464,FALSE
"s70m_q42",5000,205,113,1.23499467438146,FALSE
"s70m_q44",5000,236,105,1.24501568019464,FALSE
"s70m_q46",5000,221,170,1.24122791897044,FALSE
"s70m_q48",5000,225,158,1.24219310454901,FALSE
"s70m_q50",5000,199,185,1.23323410103198,FALSE
"s70m_q52",5000,196,163,1.23243902320917,FALSE
"s70m_q54",5000,180,165,1.22954765557171,FALSE
"s70m_q56",5000,167,138,1.22815154886684,FALSE
"s70m_q57",5000,140,65,1.22419534442779,FALSE
"s70m_q60",5000,136,38,1.22388398994172,FALSE
"s70m_q62",5000,119,101,1.22201087418561,FALSE
"s70m_q64",5000,71,133,1.21469881414859,FALSE
"s70m_q66",5000,65,72,1.21412259525925,FALSE
"s70m_q68",5000,102,89,1.2186365211941,FALSE
"s70m_q70",5000,67,114,1.21448520516301,FALSE
"s70m_q72",5000,68,135,1.21448732796366,FALSE
"s70m_q74",5000,107,186,1.21927917076768,FALSE
"s70m_q76",5000,134,205,1.22380339402211,FALSE
"s70m_q78",5000,151,215,1.2263336088703,FALSE
"s70m_q80",5000,208,192,1.23560552119227,FALSE
"s70m_q82",5000,214,189,1.23801719967034,FALSE
"s70m_q84",5000,182,92,1.22969529706669,FALSE
"s70m_q86",5000,209,102,1.23587426776421,FALSE
"s70m_q88",5000,217,16,1.23950098285905,FALSE
"s70m_q90",5000,135,95,1.22387275797683,FALSE
"s70m_q92",5000,156,195,1.2267598086642,FALSE
"s70m_q94",5000,122,201,1.22213247848202,FALSE
"s70m_q96",5000,219,252,1.24038577439676,FALSE
"s70m_q98",5000,166,250,1.22809272778579,FALSE
"s70m_mean",5000,203,23,1.23391201412197,FALSE
"s70m_sd",5000,141,17,1.22430713159932,FALSE
"s70m_max",5000,2,2,1.05573003047572,TRUE
"s70m_min",5000,80,146,1.21588817666609,FALSE
"s70m_skew",5000,161,233,1.22772956374716,FALSE
"s70m_kurt",5000,44,12,1.20733392430609,FALSE
"s70m_bm00",5000,218,264,1.23981040083445,FALSE
"s70m_bs00",5000,110,85,1.21978696171635,FALSE
"s70m_bm01",5000,86,137,1.21675147440108,FALSE
"s70m_bs01",5000,189,258,1.23110079237297,FALSE
"s70m_bm02",5000,82,76,1.21600077018781,FALSE
"s70m_bs02",5000,6,4,1.18553783138746,FALSE
"s70m_bm03",5000,30,57,1.20370506530133,FALSE
"s70m_bs03",5000,117,172,1.22168242633612,FALSE
"s70m_bm04",5000,38,107,1.20606644609277,FALSE
"s70m_bs04",5000,170,242,1.22896216362615,FALSE
"s70m_bm05",5000,50,71,1.2094579287983,FALSE
"s70m_bs05",5000,256,256,1.25345056371518,FALSE
"s70m_bm06",5000,55,160,1.2113063702187,FALSE
"s70m_bs06",5000,18,48,1.20011385619702,FALSE
"s70m_bm07",5000,8,22,1.18964512723182,FALSE
"s70m_bs07",5000,19,18,1.20043454995243,FALSE
"s70m_bm08",5000,258,67,1.2537961388427,FALSE
"s70m_bs08",5000,175,74,1.22931537736305,FALSE
"s70m_bm09",5000,183,210,1.22990985025837,FALSE
"s70m_bs09",5000,222,180,1.24135876260097,FALSE
"s70m_bm10",5000,100,151,1.21837453388,FALSE
"s70m_bs10",5000,248,261,1.24927692759826,FALSE
"s70m_bm11",5000,143,237,1.22457186884245,FALSE
"s70m_bs11",5000,239,194,1.24674590464235,FALSE
"s70m_bm12",5000,60,78,1.21187095810234,FALSE
"s70m_bs12",5000,112,36,1.22052238729213,FALSE
"s70m_bm13",5000,126,207,1.22281990528206,FALSE
"s70m_bs13",5000,235,42,1.24489911789397,FALSE
"s70m_bm14",5000,234,239,1.2447911609125,FALSE
"s70m_bs14",5000,23,34,1.20225460399784,FALSE
"s70m_bm15",5000,155,227,1.2267301528222,FALSE
"s70m_bs15",5000,133,234,1.22375155112219,FALSE
"s70m_fb00",5000,191,241,1.23118162134426,FALSE
"s160m_q02",5000,52,154,1.20985572207461,FALSE
"s160m_q04",5000,51,152,1.2095558965303,FALSE
"s160m_q06",5000,163,247,1.22788409159327,FALSE
"s160m_q08",5000,202,257,1.23388461641323,FALSE
"s160m_q10",5000,233,263,1.24452324532153,FALSE
"s160m_q12",5000,254,231,1.25124903010404,FALSE
"s160m_q14",5000,246,203,1.24851452512922,FALSE
"s160m_q16",5000,226,176,1.24226292726509,FALSE
"s160m_q18",5000,232,106,1.24420058095906,FALSE
"s160m_q20",5000,255,139,1.25296247532073,FALSE
"s160m_q22",5000,263,169,1.25675996707484,FALSE
"s160m_q24",5000,262,249,1.25563694330894,FALSE
"s160m_q26",5000,261,223,1.2553486351232,FALSE
"s160m_q28",5000,259,204,1.25389722022801,FALSE
"s160m_q30",5000,253,122,1.25101733196763,FALSE
"s160m_q32",5000,252,98,1.25073840410454,FALSE
"s160m_q34",5000,250,130,1.25011810652807,FALSE
"s160m_q36",5000,227,88,1.24242520617847,FALSE
"s160m_q38",5000,210,84,1.23591821030546,FALSE
"s160m_q40",5000,174,60,1.22921524228758,FALSE
"s160m_q42",5000,120,112,1.22203004502094,FALSE
"s160m_q44",5000,128,127,1.22325035883066,FALSE
"s160m_q46",5000,142,82,1.22449747493277,FALSE
"s160m_q48",5000,152,11,1.22649476034094,FALSE
"s160m_q50",5000,169,26,1.22871961055614,FALSE
"s160m_q52",5000,188,56,1.2309667238371,FALSE
"s160m_q54",5000,215,32,1.23805532305378,FALSE
"s160m_q56",5000,195,104,1.23212088719013,FALSE
"s160m_q57",5000,154,155,1.22672405371782,FALSE
"s160m_q60",5000,177,188,1.22938790727451,FALSE
"s160m_q62",5000,193,166,1.23176966158514,FALSE
"s160m_q64",5000,147,191,1.22531003147333,FALSE
"s160m_q66",5000,160,209,1.22744500140708,FALSE
"s160m_q68",5000,132,77,1.22359557878885,FALSE
"s160m_q70",5000,118,148,1.22193287392318,FALSE
"s160m_q72",5000,104,206,1.21895268755913,FALSE
"s160m_q74",5000,178,199,1.22944092474793,FALSE
"s160m_q76",5000,111,202,1.22007906067271,FALSE
"s160m_q78",5000,153,187,1.22667652968143,FALSE
"s160m_q80",5000,171,216,1.2289976581971,FALSE
"s160m_q82",5000,144,182,1.22484026655325,FALSE
"s160m_q84",5000,130,162,1.22336132842458,FALSE
"s160m_q86",5000,123,168,1.22236211193619,FALSE
"s160m_q88",5000,90,140,1.21726527677597,FALSE
"s160m_q90",5000,185,212,1.23001367208863,FALSE
"s160m_q92",5000,115,118,1.22140861738014,FALSE
"s160m_q94",5000,88,121,1.21701262065967,FALSE
"s160m_q96",5000,29,50,1.20362178896475,FALSE
"s160m_q98",5000,21,73,1.20091671751239,FALSE
"s160m_mean",5000,146,21,1.22520308917205,FALSE
"s160m_sd",5000,11,6,1.19684354390434,FALSE
"s160m_max",5000,1,1,0.924638587405523,TRUE
"s160m_min",5000,213,248,1.23674118588857,FALSE
"s160m_skew",5000,45,33,1.20749289779284,FALSE
"s160m_kurt",5000,3,3,1.17866114435368,FALSE
"s160m_bm00",5000,56,111,1.21131925606273,FALSE
"s160m_bs00",5000,131,93,1.22352670605851,FALSE
"s160m_bm01",5000,148,149,1.22588750736764,FALSE
"s160m_bs01",5000,84,181,1.21639879081117,FALSE
"s160m_bm02",5000,124,125,1.22243640816745,FALSE
"s160m_bs02",5000,70,10,1.21468775768782,FALSE
"s160m_bm03",5000,69,134,1.2144973371758,FALSE
"s160m_bs03",5000,103,27,1.21894509034487,FALSE
"s160m_bm04",5000,168,62,1.22840653071117,FALSE
"s160m_bs04",5000,198,226,1.23315235605793,FALSE
"s160m_bm05",5000,79,197,1.21579113275901,FALSE
"s160m_bs05",5000,172,200,1.22907077065365,FALSE
"s160m_bm06",5000,64,129,1.21386199049461,FALSE
"s160m_bs06",5000,72,144,1.21471032755205,FALSE
"s160m_bm07",5000,89,208,1.21705182931329,FALSE
"s160m_bs07",5000,192,119,1.23173275648689,FALSE
"s160m_bm08",5000,201,136,1.23374618169759,FALSE
"s160m_bs08",5000,93,58,1.21780376313138,FALSE
"s160m_bm09",5000,176,217,1.22936150173013,FALSE
"s160m_bs09",5000,54,153,1.21089710174602,FALSE
"s160m_bm10",5000,158,179,1.22702837275697,FALSE
"s160m_bs10",5000,257,132,1.25347170119588,FALSE
"s160m_bm11",5000,200,240,1.23354666930312,FALSE
"s160m_bs11",5000,97,178,1.21815288897725,FALSE
"s160m_bm12",5000,85,124,1.21646052853141,FALSE
"s160m_bs12",5000,206,47,1.23507675543134,FALSE
"s160m_bm13",5000,145,222,1.22519227853395,FALSE
"s160m_bs13",5000,16,30,1.19882852982741,FALSE
"s160m_bm14",5000,238,69,1.24594314312038,FALSE
"s160m_bs14",5000,12,28,1.19719290749836,FALSE
"s160m_bm15",5000,162,174,1.2277867006753,FALSE
"s160m_bs15",5000,157,220,1.22687112063368,FALSE
"s160m_fb00",5000,159,246,1.2272582554338,FALSE
"d70_160_q02",5000,34,31,1.20549789443741,FALSE
"d70_160_q04",5000,5,5,1.18476298241191,FALSE
"d70_160_q06",5000,4,7,1.17933102778307,FALSE
"d70_160_q08",5000,39,25,1.20628239909314,FALSE
"d70_160_q10",5000,62,51,1.21275871470419,FALSE
"d70_160_q12",5000,25,87,1.20289200784618,FALSE
"d70_160_q14",5000,48,109,1.20905431564455,FALSE
"d70_160_q16",5000,33,43,1.20520065303663,FALSE
"d70_160_q18",5000,43,108,1.20697762653726,FALSE
"d70_160_q20",5000,66,173,1.21438865500175,FALSE
"d70_160_q22",5000,57,161,1.21148391569016,FALSE
"d70_160_q24",5000,28,45,1.20340749174119,FALSE
"d70_160_q26",5000,127,228,1.22311545888208,FALSE
"d70_160_q28",5000,216,251,1.23806805672499,FALSE
"d70_160_q30",5000,137,235,1.22389457366928,FALSE
"d70_160_q32",5000,197,145,1.23248906202548,FALSE
"d70_160_q34",5000,181,211,1.22963269057699,FALSE
"d70_160_q36",5000,190,255,1.2311276247742,FALSE
"d70_160_q38",5000,204,254,1.23483347917706,FALSE
"d70_160_q40",5000,230,253,1.24393942340863,FALSE
"d70_160_q42",5000,138,171,1.22400529062502,FALSE
"d70_160_q44",5000,87,150,1.21694104468203,FALSE
"d70_160_q46",5000,109,97,1.21953884163955,FALSE
"d70_160_q48",5000,63,81,1.21373725621673,FALSE
"d70_160_q50",5000,47,83,1.20808644787427,FALSE
"d70_160_q52",5000,22,75,1.20211797495342,FALSE
"d70_160_q54",5000,14,37,1.19796523008936,FALSE
"d70_160_q56",5000,37,103,1.20598092723783,FALSE
"d70_160_q57",5000,17,59,1.19948893999048,FALSE
"d70_160_q60",5000,32,46,1.20441554360977,FALSE
"d70_160_q62",5000,31,63,1.20423197143384,FALSE
"d70_160_q64",5000,20,68,1.20055349259975,FALSE
"d70_160_q66",5000,35,39,1.20559969888052,FALSE
"d70_160_q68",5000,40,91,1.20628364576719,FALSE
"d70_160_q70",5000,15,53,1.19857053356346,FALSE
"d70_160_q72",5000,27,40,1.20322452889495,FALSE
"d70_160_q74",5000,26,49,1.20311127779904,FALSE
"d70_160_q76",5000,53,70,1.21007085471769,FALSE
"d70_160_q78",5000,73,117,1.2148348589406,FALSE
"d70_160_q80",5000,36,120,1.20574615634779,FALSE
"d70_160_q82",5000,59,143,1.21165682723893,FALSE
"d70_160_q84",5000,46,54,1.20777196163791,FALSE
"d70_160_q86",5000,74,13,1.21486238759164,FALSE
"d70_160_q88",5000,76,44,1.21495168109516,FALSE
"d70_160_q90",5000,129,35,1.22336070547215,FALSE
"d70_160_q92",5000,108,167,1.21934102929023,FALSE
"d70_160_q94",5000,83,52,1.21608956706697,FALSE
"d70_160_q96",5000,61,8,1.21260123886078,FALSE
"d70_160_q98",5000,187,141,1.23089241574491,FALSE
"d70_160_mean",5000,95,99,1.21784903068349,FALSE
"d70_160_sd",5000,249,96,1.2494428420285,FALSE
"d70_160_max",5000,207,159,1.23559455958669,FALSE
"d70_160_min",5000,91,128,1.21764384259655,FALSE
"d70_160_skew",5000,98,90,1.21817791817354,FALSE
"d70_160_kurt",5000,165,221,1.22806418835937,FALSE
"d70_160_bm00",5000,42,86,1.20672091037274,FALSE
"d70_160_bs00",5000,10,14,1.19650022366682,FALSE
"d70_160_bm01",5000,41,55,1.2066098055029,FALSE
"d70_160_bs01",5000,105,126,1.21913410271812,FALSE
"d70_160_bm02",5000,13,24,1.19766390195697,FALSE
"d70_160_bs02",5000,99,177,1.21833843437183,FALSE
"d70_160_bm03",5000,173,196,1.2292122898924,FALSE
"d70_160_bs03",5000,101,183,1.21862573780814,FALSE
"d70_160_bm04",5000,49,100,1.20944882491938,FALSE
"d70_160_bs04",5000,78,142,1.21575597006478,FALSE
"d70_160_bm05",5000,194,193,1.23202734949818,FALSE
"d70_160_bs05",5000,114,219,1.22091938143097,FALSE
"d70_160_bm06",5000,186,230,1.23008414163506,FALSE
"d70_160_bs06",5000,125,225,1.22246936356435,FALSE
"d70_160_bm07",5000,106,29,1.21917227666885,FALSE
"d70_160_bs07",5000,179,232,1.22951734345135,FALSE
"d70_160_bm08",5000,139,184,1.2241443503601,FALSE
"d70_160_bs08",5000,77,123,1.21506602578487,FALSE
"d70_160_bm09",5000,150,236,1.22632006867166,FALSE
"d70_160_bs09",5000,9,20,1.19049806346228,FALSE
"d70_160_bm10",5000,121,198,1.22212373298,FALSE
"d70_160_bs10",5000,58,66,1.211497652039,FALSE
"d70_160_bm11",5000,149,61,1.22632005393329,FALSE
"d70_160_bs11",5000,184,115,1.22991669362879,FALSE
"d70_160_bm12",5000,116,41,1.22166928022058,FALSE
"d70_160_bs12",5000,164,19,1.22801228487834,FALSE
"d70_160_bm13",5000,24,79,1.20286453735019,FALSE
"d70_160_bs13",5000,75,190,1.21486473061722,FALSE
"d70_160_bm14",5000,94,9,1.21783216222947,FALSE
"d70_160_bs14",5000,92,110,1.21775839405244,FALSE
"d70_160_bm15",5000,81,64,1.21599826477972,FALSE
"d70_160_bs15",5000,7,15,1.18582133674557,FALSE
"d70_160_fb00",5000,212,229,1.23670787220009,FALSE
"s70m_q02",10000,209,176,1.20323730377757,FALSE
"s70m_q04",10000,157,175,1.19842383061834,FALSE
"s70m_q06",10000,233,223,1.20639644284164,FALSE
"s70m_q08",10000,217,242,1.20445654221891,FALSE
"s70m_q10",10000,213,250,1.20404216152785,FALSE
"s70m_q12",10000,250,177,1.20982684140441,FALSE
"s70m_q14",10000,149,136,1.19797612710642,FALSE
"s70m_q16",10000,159,102,1.19857098777712,FALSE
"s70m_q18",10000,128,147,1.19581829026591,FALSE
"s70m_q20",10000,160,235,1.19857482335133,FALSE
"s70m_q22",10000,148,221,1.19790172078747,FALSE
"s70m_q24",10000,197,146,1.20190627229627,FALSE
"s70m_q26",10000,210,205,1.20351538804233,FALSE
"s70m_q28",10000,170,238,1.19972161082478,FALSE
"s70m_q30",10000,176,255,1.20014974976033,FALSE
"s70m_q32",10000,205,253,1.20300326447586,FALSE
"s70m_q34",10000,231,261,1.20636948533168,FALSE
"s70m_q36",10000,259,264,1.21278337713774,FALSE
"s70m_q38",10000,253,263,1.2117348318081,FALSE
"s70m_q40",10000,236,262,1.20701630938511,FALSE
"s70m_q42",10000,227,259,1.20564452655724,FALSE
"s70m_q44",10000,261,260,1.21412863937346,FALSE
"s70m_q46",10000,245,257,1.20876278027257,FALSE
"s70m_q48",10000,247,248,1.20931817141581,FALSE
"s70m_q50",10000,163,244,1.19870103030816,FALSE
"s70m_q52",10000,173,243,1.19989331185019,FALSE
"s70m_q54",10000,142,219,1.1973386649668,FALSE
"s70m_q56",10000,127,188,1.19503627915828,FALSE
"s70m_q57",10000,139,209,1.19712000499669,FALSE
"s70m_q60",10000,184,163,1.20092914216557,FALSE
"s70m_q62",10000,140,150,1.19716190467169,FALSE
"s70m_q64",10000,133,131,1.1965931512366,FALSE
"s70m_q66",10000,178,142,1.2003900384291,FALSE
"s70m_q68",10000,132,128,1.19618052912448,FALSE
"s70m_q70",10000,126,133,1.19496975086608,FALSE
"s70m_q72",10000,150,137,1.19811374793732,FALSE
"s70m_q74",10000,183,234,1.20088934516039,FALSE
"s70m_q76",10000,187,191,1.2011289852511,FALSE
"s70m_q78",10000,129,208,1.19584429864576,FALSE
"s70m_q80",10000,179,152,1.20049070825884,FALSE
"s70m_q82",10000,203,184,1.20284423193197,FALSE
"s70m_q84",10000,194,156,1.20171452901951,FALSE
"s70m_q86",10000,226,216,1.20561872544844,FALSE
"s70m_q88",10000,186,97,1.20104374731655,FALSE
"s70m_q90",10000,106,127,1.19137863043072,FALSE
"s70m_q92",10000,200,171,1.20255585544531,FALSE
"s70m_q94",10000,255,124,1.21234190568442,FALSE
"s70m_q96",10000,264,229,1.22159345715951,FALSE
"s70m_q98",10000,193,230,1.20158339922298,FALSE
"s70m_mean",10000,135,178,1.19676797784123,FALSE
"s70m_sd",10000,110,52,1.1920469091163,FALSE
"s70m_max",10000,2,2,1.03353007497934,TRUE
"s70m_min",10000,172,212,1.19988238114713,FALSE
"s70m_skew",10000,207,118,1.20317156136092,FALSE
"s70m_kurt",10000,29,38,1.17636949109023,FALSE
"s70m_bm00",10000,244,195,1.20871653511577,FALSE
"s70m_bs00",10000,134,54,1.19665127253387,FALSE
"s70m_bm01",10000,54,96,1.18052070976417,FALSE
"s70m_bs01",10000,61,88,1.18223085041853,FALSE
"s70m_bm02",10000,74,80,1.18479806057275,FALSE
"s70m_bs02",10000,56,12,1.18089593100548,FALSE
"s70m_bm03",10000,57,48,1.18101274809006,FALSE
"s70m_bs03",10000,123,159,1.19445975060963,FALSE
"s70m_bm04",10000,164,20,1.1987324579196,FALSE
"s70m_bs04",10000,168,69,1.19956355017876,FALSE
"s70m_bm05",10000,95,65,1.18970664677751,FALSE
"s70m_bs05",10000,199,197,1.20215494366954,FALSE
"s70m_bm06",10000,155,113,1.19823357829171,FALSE
"s70m_bs06",10000,68,92,1.184073595162,FALSE
"s70m_bm07",10000,151,198,1.19812166695,FALSE
"s70m_bs07",10000,103,50,1.19100700760331,FALSE
"s70m_bm08",10000,252,190,1.21135121863389,FALSE
"s70m_bs08",10000,10,26,1.16885033019303,FALSE
"s70m_bm09",10000,100,170,1.19073904122832,FALSE
"s70m_bs09",10000,189,165,1.20127196923885,FALSE
"s70m_bm10",10000,92,60,1.18889075385809,FALSE
"s70m_bs10",10000,215,79,1.20436028636844,FALSE
"s70m_bm11",10000,190,199,1.20134527547195,FALSE
"s70m_bs11",10000,147,34,1.19787893685819,FALSE
"s70m_bm12",10000,153,213,1.19817108752152,FALSE
"s70m_bs12",10000,48,56,1.17981968061033,FALSE
"s70m_bm13",10000,262,157,1.21436255076392,FALSE
"s70m_bs13",10000,167,73,1.19941375164393,FALSE
"s70m_bm14",10000,204,233,1.20291836426284,FALSE
"s70m_bs14",10000,55,41,1.18081552719202,FALSE
"s70m_bm15",10000,7,17,1.16380212145255,FALSE
"s70m_bs15",10000,4,4,1.15485838253456,TRUE
"s70m_fb00",10000,152,232,1.19815323108454,FALSE
"s160m_q02",10000,214,141,1.2041192229573,FALSE
"s160m_q04",10000,208,204,1.20322903052027,FALSE
"s160m_q06",10000,234,160,1.20648723998277,FALSE
"s160m_q08",10000,258,158,1.21271881933987,FALSE
"s160m_q10",10000,256,200,1.21234833207831,FALSE
"s160m_q12",10000,240,161,1.20749672282158,FALSE
"s160m_q14",10000,232,185,1.20637917772454,FALSE
"s160m_q16",10000,230,169,1.20612179007159,FALSE
"s160m_q18",10000,242,125,1.20761012430711,FALSE
"s160m_q20",10000,248,149,1.20947547695296,FALSE
"s160m_q22",10000,224,217,1.20533953769543,FALSE
"s160m_q24",10000,238,245,1.20729294228339,FALSE
"s160m_q26",10000,254,254,1.21191050965946,FALSE
"s160m_q28",10000,251,225,1.21098949169763,FALSE
"s160m_q30",10000,249,241,1.2095413272373,FALSE
"s160m_q32",10000,241,239,1.20751309834817,FALSE
"s160m_q34",10000,237,249,1.20705865391111,FALSE
"s160m_q36",10000,235,251,1.2068878936512,FALSE
"s160m_q38",10000,221,252,1.20471176411527,FALSE
"s160m_q40",10000,185,247,1.20095120309416,FALSE
"s160m_q42",10000,169,228,1.19968551222823,FALSE
"s160m_q44",10000,191,236,1.201466865954,FALSE
"s160m_q46",10000,198,246,1.20208946966983,FALSE
"s160m_q48",10000,212,214,1.20378448176513,FALSE
"s160m_q50",10000,216,202,1.20438397895692,FALSE
"s160m_q52",10000,141,220,1.19733482316586,FALSE
"s160m_q54",10000,137,187,1.19681328468045,FALSE
"s160m_q56",10000,156,206,1.19826578115145,FALSE
"s160m_q57",10000,125,210,1.19460522257212,FALSE
"s160m_q60",10000,222,186,1.20478398403908,FALSE
"s160m_q62",10000,246,189,1.20911811464243,FALSE
"s160m_q64",10000,228,151,1.20583512655465,FALSE
"s160m_q66",10000,239,237,1.20741720901282,FALSE
"s160m_q68",10000,225,174,1.20552381844842,FALSE
"s160m_q70",10000,223,196,1.20484163774364,FALSE
"s160m_q72",10000,188,224,1.20119221306179,FALSE
"s160m_q74",10000,181,211,1.20064750598272,FALSE
"s160m_q76",10000,143,162,1.19750755347843,FALSE
"s160m_q78",10000,166,201,1.1990906685851,FALSE
"s160m_q80",10000,161,203,1.19861609311055,FALSE
"s160m_q82",10000,180,227,1.20053621910159,FALSE
"s160m_q84",10000,196,218,1.20185328604724,FALSE
"s160m_q86",10000,206,182,1.20301261267096,FALSE
"s160m_q88",10000,117,180,1.19344764797721,FALSE
"s160m_q90",10000,171,145,1.19985850907791,FALSE
"s160m_q92",10000,119,155,1.19357899989774,FALSE
"s160m_q94",10000,220,240,1.20467894777552,FALSE
"s160m_q96",10000,105,179,1.19119396095014,FALSE
"s160m_q98",10000,108,183,1.19143988231998,FALSE
"s160m_mean",10000,175,194,1.2000898224619,FALSE
"s160m_sd",10000,49,11,1.17983650467196,FALSE
"s160m_max",10000,1,1,0.935387344209098,TRUE
"s160m_min",10000,219,226,1.20451815585732,FALSE
"s160m_skew",10000,77,25,1.18546554045602,FALSE
"s160m_kurt",10000,3,3,1.15064498323955,TRUE
"s160m_bm00",10000,162,193,1.19864595580621,FALSE
"s160m_bs00",10000,112,13,1.19247127538126,FALSE
"s160m_bm01",10000,62,111,1.1827404624939,FALSE
"s160m_bs01",10000,37,68,1.17750680237679,FALSE
"s160m_bm02",10000,85,104,1.18669346483263,FALSE
"s160m_bs02",10000,211,31,1.20371856858525,FALSE
"s160m_bm03",10000,90,59,1.18802552644181,FALSE
"s160m_bs03",10000,104,115,1.19118778389888,FALSE
"s160m_bm04",10000,177,19,1.20017661715427,FALSE
"s160m_bs04",10000,144,82,1.19771052947697,FALSE
"s160m_bm05",10000,87,138,1.18734471057723,FALSE
"s160m_bs05",10000,94,144,1.18903936100528,FALSE
"s160m_bm06",10000,243,207,1.20776456174946,FALSE
"s160m_bs06",10000,118,132,1.19347975149899,FALSE
"s160m_bm07",10000,263,172,1.21876967456474,FALSE
"s160m_bs07",10000,145,98,1.19771998647879,FALSE
"s160m_bm08",10000,136,167,1.19678669116373,FALSE
"s160m_bs08",10000,15,39,1.17111524308383,FALSE
"s160m_bm09",10000,114,153,1.19307304071102,FALSE
"s160m_bs09",10000,66,103,1.18377077338556,FALSE
"s160m_bm10",10000,115,89,1.19321555241546,FALSE
"s160m_bs10",10000,201,51,1.20274258139306,FALSE
"s160m_bm11",10000,192,148,1.20157566621552,FALSE
"s160m_bs11",10000,158,95,1.19844906224254,FALSE
"s160m_bm12",10000,165,168,1.19884989300504,FALSE
"s160m_bs12",10000,80,105,1.18642362848288,FALSE
"s160m_bm13",10000,257,173,1.21237652085737,FALSE
"s160m_bs13",10000,102,66,1.19097070987378,FALSE
"s160m_bm14",10000,131,85,1.19615562045946,FALSE
"s160m_bs14",10000,36,21,1.1774975387509,FALSE
"s160m_bm15",10000,9,15,1.16774601866185,FALSE
"s160m_bs15",10000,5,9,1.15675883027167,TRUE
"s160m_fb00",10000,195,258,1.20175170485651,FALSE
"d70_160_q02",10000,6,5,1.16218968746631,FALSE
"d70_160_q04",10000,14,29,1.17034029863533,FALSE
"d70_160_q06",10000,16,42,1.1715521307173,FALSE
"d70_160_q08",10000,64,117,1.18329527718416,FALSE
"d70_160_q10",10000,52,81,1.18028160458104,FALSE
"d70_160_q12",10000,78,134,1.18575364297767,FALSE
"d70_160_q14",10000,97,166,1.19018468144161,FALSE
"d70_160_q16",10000,76,135,1.18514650295451,FALSE
"d70_160_q18",10000,82,120,1.18644287607195,FALSE
"d70_160_q20",10000,93,143,1.18892090843502,FALSE
"d70_160_q22",10000,63,112,1.18281093860247,FALSE
"d70_160_q24",10000,21,57,1.17299724168022,FALSE
"d70_160_q26",10000,42,94,1.17933878723716,FALSE
"d70_160_q28",10000,138,222,1.19699273215661,FALSE
"d70_160_q30",10000,73,130,1.18454515243028,FALSE
"d70_160_q32",10000,99,116,1.1905785088276,FALSE
"d70_160_q34",10000,79,139,1.1861096380731,FALSE
"d70_160_q36",10000,218,181,1.20451434471492,FALSE
"d70_160_q38",10000,260,256,1.21282106791345,FALSE
"d70_160_q40",10000,229,231,1.20607356001886,FALSE
"d70_160_q42",10000,146,154,1.19785037914398,FALSE
"d70_160_q44",10000,86,101,1.18707748339435,FALSE
"d70_160_q46",10000,81,93,1.18642861560839,FALSE
"d70_160_q48",10000,65,106,1.1836088805417,FALSE
"d70_160_q50",10000,35,78,1.17726470100592,FALSE
"d70_160_q52",10000,59,91,1.18132244609045,FALSE
"d70_160_q54",10000,75,123,1.18493471414566,FALSE
"d70_160_q56",10000,38,86,1.17809444730375,FALSE
"d70_160_q57",10000,47,83,1.17981593802921,FALSE
"d70_160_q60",10000,26,63,1.17540344975953,FALSE
"d70_160_q62",10000,24,49,1.17473705060702,FALSE
"d70_160_q64",10000,8,22,1.167150298536,FALSE
"d70_160_q66",10000,18,37,1.17200633353798,FALSE
"d70_160_q68",10000,28,43,1.17608308419975,FALSE
"d70_160_q70",10000,23,53,1.17415208595434,FALSE
"d70_160_q72",10000,19,32,1.17201383780778,FALSE
"d70_160_q74",10000,13,30,1.17028122400184,FALSE
"d70_160_q76",10000,22,58,1.1735481737594,FALSE
"d70_160_q78",10000,30,77,1.17654860837621,FALSE
"d70_160_q80",10000,25,67,1.17482397441469,FALSE
"d70_160_q82",10000,32,55,1.17675830509485,FALSE
"d70_160_q84",10000,33,40,1.17680552009558,FALSE
"d70_160_q86",10000,43,35,1.17944655637113,FALSE
"d70_160_q88",10000,53,45,1.18034864206807,FALSE
"d70_160_q90",10000,84,61,1.18661231740502,FALSE
"d70_160_q92",10000,98,36,1.19027525897582,FALSE
"d70_160_q94",10000,50,62,1.1800358409984,FALSE
"d70_160_q96",10000,60,33,1.18179259668159,FALSE
"d70_160_q98",10000,67,87,1.18405278922271,FALSE
"d70_160_mean",10000,88,99,1.18762020099563,FALSE
"d70_160_sd",10000,83,10,1.18659944494972,FALSE
"d70_160_max",10000,121,129,1.19436528175854,FALSE
"d70_160_min",10000,46,8,1.17977665060539,FALSE
"d70_160_skew",10000,174,122,1.19997965782103,FALSE
"d70_160_kurt",10000,96,126,1.18973078202003,FALSE
"d70_160_bm00",10000,17,27,1.17164270437537,FALSE
"d70_160_bs00",10000,107,100,1.19143425732022,FALSE
"d70_160_bm01",10000,202,140,1.20276526766478,FALSE
"d70_160_bs01",10000,58,46,1.18131960691031,FALSE
"d70_160_bm02",10000,41,47,1.17928701209656,FALSE
"d70_160_bs02",10000,109,109,1.19152341167269,FALSE
"d70_160_bm03",10000,101,119,1.19088128321449,FALSE
"d70_160_bs03",10000,34,72,1.17687522897496,FALSE
"d70_160_bm04",10000,70,90,1.18423810701066,FALSE
"d70_160_bs04",10000,51,71,1.18016692694672,FALSE
"d70_160_bm05",10000,182,215,1.20083906497503,FALSE
"d70_160_bs05",10000,111,114,1.19208095800799,FALSE
"d70_160_bm06",10000,154,192,1.19819382731945,FALSE
"d70_160_bs06",10000,45,76,1.17976084197838,FALSE
"d70_160_bm07",10000,91,121,1.18853582706195,FALSE
"d70_160_bs07",10000,72,108,1.18435482135481,FALSE
"d70_160_bm08",10000,130,70,1.19588595781698,FALSE
"d70_160_bs08",10000,39,28,1.17813224220799,FALSE
"d70_160_bm09",10000,11,23,1.16906517237435,FALSE
"d70_160_bs09",10000,122,107,1.19444876774675,FALSE
"d70_160_bm10",10000,31,18,1.17661931614884,FALSE
"d70_160_bs10",10000,27,14,1.17557041623329,FALSE
"d70_160_bm11",10000,116,110,1.1932503814871,FALSE
"d70_160_bs11",10000,113,44,1.19272929520398,FALSE
"d70_160_bm12",10000,40,75,1.17814132537972,FALSE
"d70_160_bs12",10000,69,24,1.18414757398958,FALSE
"d70_160_bm13",10000,12,16,1.17008283648514,FALSE
"d70_160_bs13",10000,71,64,1.18430103234397,FALSE
"d70_160_bm14",10000,120,84,1.19390870362063,FALSE
"d70_160_bs14",10000,89,7,1.18775385805175,FALSE
"d70_160_bm15",10000,44,74,1.17964089469456,FALSE
"d70_160_bs15",10000,20,6,1.17241973368233,FALSE
"d70_160_fb00",10000,124,164,1.19457350475016,FALSE
"s70m_q02",25000,257,261,1.24422986670606,FALSE
"s70m_q04",25000,191,237,1.23632498528155,FALSE
"s70m_q06",25000,202,249,1.23708538069655,FALSE
"s70m_q08",25000,137,215,1.23252345001665,FALSE
"s70m_q10",25000,125,184,1.23165641498306,FALSE
"s70m_q12",25000,153,201,1.23364047163414,FALSE
"s70m_q14",25000,107,139,1.23022137946565,FALSE
"s70m_q16",25000,78,151,1.22766374393667,FALSE
"s70m_q18",25000,92,174,1.22940452514749,FALSE
"s70m_q20",25000,94,162,1.22943381924059,FALSE
"s70m_q22",25000,115,171,1.23076624288187,FALSE
"s70m_q24",25000,157,196,1.23386981606883,FALSE
"s70m_q26",25000,165,207,1.23438913074501,FALSE
"s70m_q28",25000,135,202,1.23221020561685,FALSE
"s70m_q30",25000,162,181,1.23414281127132,FALSE
"s70m_q32",25000,177,251,1.23540245000276,FALSE
"s70m_q34",25000,222,245,1.2391491564634,FALSE
"s70m_q36",25000,248,254,1.24214217769551,FALSE
"s70m_q38",25000,231,248,1.24009366359173,FALSE
"s70m_q40",25000,224,222,1.23946468112135,FALSE
"s70m_q42",25000,196,186,1.23662627927263,FALSE
"s70m_q44",25000,249,238,1.24217330460148,FALSE
"s70m_q46",25000,253,236,1.24328678389491,FALSE
"s70m_q48",25000,261,231,1.2452975572691,FALSE
"s70m_q50",25000,255,243,1.24354203105455,FALSE
"s70m_q52",25000,212,214,1.23807558622166,FALSE
"s70m_q54",25000,244,216,1.24138251199744,FALSE
"s70m_q56",25000,220,208,1.23893854154963,FALSE
"s70m_q57",25000,184,211,1.23588865184414,FALSE
"s70m_q60",25000,195,144,1.23639719395185,FALSE
"s70m_q62",25000,181,150,1.23574647033547,FALSE
"s70m_q64",25000,179,166,1.23573176418287,FALSE
"s70m_q66",25000,171,145,1.234764718584,FALSE
"s70m_q68",25000,138,113,1.23254168118651,FALSE
"s70m_q70",25000,126,88,1.23166064095958,FALSE
"s70m_q72",25000,117,92,1.23094373008316,FALSE
"s70m_q74",25000,128,108,1.23191491825452,FALSE
"s70m_q76",25000,86,102,1.22846819335297,FALSE
"s70m_q78",25000,76,111,1.22754348256953,FALSE
"s70m_q80",25000,112,43,1.23047212414681,FALSE
"s70m_q82",25000,111,52,1.23046075488381,FALSE
"s70m_q84",25000,146,60,1.2328763085142,FALSE
"s70m_q86",25000,189,61,1.23606091122155,FALSE
"s70m_q88",25000,180,90,1.2357412125129,FALSE
"s70m_q90",25000,148,84,1.2329122746339,FALSE
"s70m_q92",25000,223,59,1.23943921596859,FALSE
"s70m_q94",25000,264,32,1.25186362560062,FALSE
"s70m_q96",25000,246,16,1.24192947360324,FALSE
"s70m_q98",25000,50,23,1.2228488593016,FALSE
"s70m_mean",25000,225,176,1.23946645573918,FALSE
"s70m_sd",25000,11,6,1.20869964477643,TRUE
"s70m_max",25000,2,2,1.04363949230279,TRUE
"s70m_min",25000,262,259,1.24842397882054,FALSE
"s70m_skew",25000,47,28,1.22208542901319,FALSE
"s70m_kurt",25000,13,12,1.21001657263911,TRUE
"s70m_bm00",25000,156,226,1.23381953292526,FALSE
"s70m_bs00",25000,14,29,1.21106573647783,TRUE
"s70m_bm01",25000,140,156,1.23269497699925,FALSE
"s70m_bs01",25000,60,104,1.22446766444787,FALSE
"s70m_bm02",25000,67,131,1.22611310342724,FALSE
"s70m_bs02",25000,61,13,1.22451200970786,FALSE
"s70m_bm03",25000,63,27,1.225199587219,FALSE
"s70m_bs03",25000,183,163,1.23586586119103,FALSE
"s70m_bm04",25000,96,18,1.22949384420664,FALSE
"s70m_bs04",25000,131,37,1.23198425542469,FALSE
"s70m_bm05",25000,172,177,1.23478340499171,FALSE
"s70m_bs05",25000,209,252,1.237843417588,FALSE
"s70m_bm06",25000,144,48,1.2328345954473,FALSE
"s70m_bs06",25000,37,31,1.21966127376672,FALSE
"s70m_bm07",25000,247,247,1.24195190768455,FALSE
"s70m_bs07",25000,105,128,1.2300568111187,FALSE
"s70m_bm08",25000,182,212,1.23577924578009,FALSE
"s70m_bs08",25000,20,20,1.2141683108495,TRUE
"s70m_bm09",25000,143,205,1.23278871968996,FALSE
"s70m_bs09",25000,53,42,1.22342091372352,FALSE
"s70m_bm10",25000,121,40,1.23130687196308,FALSE
"s70m_bs10",25000,34,49,1.21943695960911,FALSE
"s70m_bm11",25000,240,246,1.2410420971844,FALSE
"s70m_bs11",25000,173,153,1.23525684417497,FALSE
"s70m_bm12",25000,114,173,1.23069180682147,FALSE
"s70m_bs12",25000,27,58,1.21802716065166,FALSE
"s70m_bm13",25000,79,155,1.2277442088484,FALSE
"s70m_bs13",25000,149,194,1.23317080474593,FALSE
"s70m_bm14",25000,229,94,1.23987008090698,FALSE
"s70m_bs14",25000,95,79,1.22946905860247,FALSE
"s70m_bm15",25000,29,55,1.21810222617914,FALSE
"s70m_bs15",25000,9,17,1.20538966292785,TRUE
"s70m_fb00",25000,217,241,1.23873368434435,FALSE
"s160m_q02",25000,190,180,1.23626855952738,FALSE
"s160m_q04",25000,139,199,1.23260978393069,FALSE
"s160m_q06",25000,161,227,1.23413868405058,FALSE
"s160m_q08",25000,211,240,1.23793286590303,FALSE
"s160m_q10",25000,174,228,1.23528818125334,FALSE
"s160m_q12",25000,158,233,1.2339813775666,FALSE
"s160m_q14",25000,154,230,1.2336940575872,FALSE
"s160m_q16",25000,119,210,1.23121536259806,FALSE
"s160m_q18",25000,81,142,1.2278560304984,FALSE
"s160m_q20",25000,113,147,1.23061041726059,FALSE
"s160m_q22",25000,124,188,1.23155553124294,FALSE
"s160m_q24",25000,150,217,1.23333377629797,FALSE
"s160m_q26",25000,169,239,1.23468678715822,FALSE
"s160m_q28",25000,188,204,1.23604039183938,FALSE
"s160m_q30",25000,176,218,1.23532530431447,FALSE
"s160m_q32",25000,167,197,1.23456171447828,FALSE
"s160m_q34",25000,168,224,1.23459731161628,FALSE
"s160m_q36",25000,234,185,1.2401858518147,FALSE
"s160m_q38",25000,227,242,1.2395462795394,FALSE
"s160m_q40",25000,198,234,1.23671641821732,FALSE
"s160m_q42",25000,200,221,1.23690478365289,FALSE
"s160m_q44",25000,241,164,1.24109784746152,FALSE
"s160m_q46",25000,245,175,1.24166892088251,FALSE
"s160m_q48",25000,251,178,1.24303516985304,FALSE
"s160m_q50",25000,252,195,1.24304925317902,FALSE
"s160m_q52",25000,226,182,1.23952731699314,FALSE
"s160m_q54",25000,207,203,1.23780619559127,FALSE
"s160m_q56",25000,242,189,1.24111016654323,FALSE
"s160m_q57",25000,221,152,1.23895284052806,FALSE
"s160m_q60",25000,243,138,1.24126134944304,FALSE
"s160m_q62",25000,230,165,1.23990797108567,FALSE
"s160m_q64",25000,236,206,1.24022579076979,FALSE
"s160m_q66",25000,233,200,1.24014685292285,FALSE
"s160m_q68",25000,192,179,1.23633024672957,FALSE
"s160m_q70",25000,178,193,1.23552907283603,FALSE
"s160m_q72",25000,210,133,1.23784751429142,FALSE
"s160m_q74",25000,199,140,1.23685250949275,FALSE
"s160m_q76",25000,155,118,1.23379840103971,FALSE
"s160m_q78",25000,141,124,1.23269927554253,FALSE
"s160m_q80",25000,116,148,1.23083855507787,FALSE
"s160m_q82",25000,109,130,1.23040706362326,FALSE
"s160m_q84",25000,151,87,1.23351318902804,FALSE
"s160m_q86",25000,208,64,1.23782677498841,FALSE
"s160m_q88",25000,219,95,1.23890744814247,FALSE
"s160m_q90",25000,239,98,1.24100960126339,FALSE
"s160m_q92",25000,164,67,1.23437953112641,FALSE
"s160m_q94",25000,175,66,1.23529826706938,FALSE
"s160m_q96",25000,132,46,1.23200473291568,FALSE
"s160m_q98",25000,101,75,1.22984390575259,FALSE
"s160m_mean",25000,216,225,1.23848271212696,FALSE
"s160m_sd",25000,4,4,1.20089377469625,TRUE
"s160m_max",25000,1,1,0.92598398727836,TRUE
"s160m_min",25000,232,256,1.24009618115087,FALSE
"s160m_skew",25000,6,8,1.20288267043738,TRUE
"s160m_kurt",25000,3,3,1.1703714988449,TRUE
"s160m_bm00",25000,120,154,1.23126271734407,FALSE
"s160m_bs00",25000,8,15,1.20432805294395,TRUE
"s160m_bm01",25000,106,192,1.23008306173688,FALSE
"s160m_bs01",25000,41,71,1.2210701843113,FALSE
"s160m_bm02",25000,193,191,1.23634230992945,FALSE
"s160m_bs02",25000,66,7,1.22608857256449,FALSE
"s160m_bm03",25000,85,36,1.22839502399319,FALSE
"s160m_bs03",25000,170,187,1.23471841167422,FALSE
"s160m_bm04",25000,215,24,1.23840131801568,FALSE
"s160m_bs04",25000,122,19,1.2314290909718,FALSE
"s160m_bm05",25000,97,114,1.22950309692868,FALSE
"s160m_bs05",25000,98,105,1.22956657414933,FALSE
"s160m_bm06",25000,159,135,1.23398457426325,FALSE
"s160m_bs06",25000,35,9,1.21954709318852,FALSE
"s160m_bm07",25000,263,264,1.24860085502447,FALSE
"s160m_bs07",25000,187,112,1.23602565000549,FALSE
"s160m_bm08",25000,134,106,1.23219497873584,FALSE
"s160m_bs08",25000,19,26,1.21388209434216,TRUE
"s160m_bm09",25000,72,137,1.22705826427348,FALSE
"s160m_bs09",25000,55,97,1.2235655342023,FALSE
"s160m_bm10",25000,197,85,1.23665765111687,FALSE
"s160m_bs10",25000,39,69,1.22080639588195,FALSE
"s160m_bm11",25000,254,250,1.24336080284335,FALSE
"s160m_bs11",25000,194,209,1.23636867820079,FALSE
"s160m_bm12",25000,75,146,1.22750768312182,FALSE
"s160m_bs12",25000,40,35,1.2209152996184,FALSE
"s160m_bm13",25000,133,110,1.23201153125218,FALSE
"s160m_bs13",25000,104,101,1.23004818322911,FALSE
"s160m_bm14",25000,235,38,1.24018817065041,FALSE
"s160m_bs14",25000,93,45,1.22942431760093,FALSE
"s160m_bm15",25000,15,30,1.21134250321275,TRUE
"s160m_bs15",25000,7,14,1.20339940697203,TRUE
"s160m_fb00",25000,260,255,1.24512538686332,FALSE
"d70_160_q02",25000,5,5,1.20098964959541,TRUE
"d70_160_q04",25000,12,10,1.2090771084997,TRUE
"d70_160_q06",25000,16,25,1.21286206161165,TRUE
"d70_160_q08",25000,24,41,1.21783428480757,FALSE
"d70_160_q10",25000,17,33,1.21310889261342,TRUE
"d70_160_q12",25000,10,21,1.20793388051144,TRUE
"d70_160_q14",25000,31,47,1.21857831576756,FALSE
"d70_160_q16",25000,45,93,1.22178654933992,FALSE
"d70_160_q18",25000,80,86,1.2278183866963,FALSE
"d70_160_q20",25000,185,116,1.23594572197792,FALSE
"d70_160_q22",25000,110,161,1.23043995138744,FALSE
"d70_160_q24",25000,73,143,1.22747262195445,FALSE
"d70_160_q26",25000,145,169,1.23286605037029,FALSE
"d70_160_q28",25000,186,168,1.23595448133425,FALSE
"d70_160_q30",25000,102,121,1.22986034015177,FALSE
"d70_160_q32",25000,123,167,1.23144998926181,FALSE
"d70_160_q34",25000,201,157,1.23693204759379,FALSE
"d70_160_q36",25000,166,159,1.23443833197611,FALSE
"d70_160_q38",25000,259,263,1.24483113388032,FALSE
"d70_160_q40",25000,214,244,1.23831621682358,FALSE
"d70_160_q42",25000,152,235,1.23357438519464,FALSE
"d70_160_q44",25000,142,183,1.23273933721408,FALSE
"d70_160_q46",25000,82,160,1.22799547389139,FALSE
"d70_160_q48",25000,127,190,1.23167731659555,FALSE
"d70_160_q50",25000,136,158,1.23241553372095,FALSE
"d70_160_q52",25000,160,229,1.23408160280883,FALSE
"d70_160_q54",25000,100,170,1.2298142425654,FALSE
"d70_160_q56",25000,59,99,1.22446009511335,FALSE
"d70_160_q57",25000,90,172,1.22902689355087,FALSE
"d70_160_q60",25000,83,117,1.22800651473163,FALSE
"d70_160_q62",25000,65,126,1.22551083919358,FALSE
"d70_160_q64",25000,70,125,1.2269300510823,FALSE
"d70_160_q66",25000,68,132,1.22652434499725,FALSE
"d70_160_q68",25000,52,100,1.22321725562522,FALSE
"d70_160_q70",25000,42,82,1.22115175295299,FALSE
"d70_160_q72",25000,30,57,1.21848073840013,FALSE
"d70_160_q74",25000,22,44,1.21719143061925,FALSE
"d70_160_q76",25000,23,51,1.21762432314628,FALSE
"d70_160_q78",25000,36,76,1.21961127654841,FALSE
"d70_160_q80",25000,28,65,1.21804893788549,FALSE
"d70_160_q82",25000,25,56,1.21795476993544,FALSE
"d70_160_q84",25000,44,74,1.22131465059687,FALSE
"d70_160_q86",25000,32,63,1.21893472396688,FALSE
"d70_160_q88",25000,57,68,1.22388225823321,FALSE
"d70_160_q90",25000,56,72,1.22375722939011,FALSE
"d70_160_q92",25000,58,91,1.22392634022759,FALSE
"d70_160_q94",25000,33,73,1.21935649517704,FALSE
"d70_160_q96",25000,48,77,1.22273126647836,FALSE
"d70_160_q98",25000,51,78,1.22320401539266,FALSE
"d70_160_mean",25000,99,129,1.22974518379033,FALSE
"d70_160_sd",25000,46,22,1.22200973130531,FALSE
"d70_160_max",25000,256,258,1.24354310469754,FALSE
"d70_160_min",25000,26,11,1.21795583161335,FALSE
"d70_160_skew",25000,88,123,1.22888342510681,FALSE
"d70_160_kurt",25000,238,232,1.24059750394414,FALSE
"d70_160_bm00",25000,18,34,1.2135734825972,TRUE
"d70_160_bs00",25000,21,39,1.2148690061812,TRUE
"d70_160_bm01",25000,250,257,1.24241155534601,FALSE
"d70_160_bs01",25000,147,213,1.23289145676254,FALSE
"d70_160_bm02",25000,206,223,1.2376453542985,FALSE
"d70_160_bs02",25000,71,134,1.226934444065,FALSE
"d70_160_bm03",25000,218,260,1.23874680775264,FALSE
"d70_160_bs03",25000,54,103,1.22344955842646,FALSE
"d70_160_bm04",25000,205,83,1.23730368371408,FALSE
"d70_160_bs04",25000,130,50,1.23195863761244,FALSE
"d70_160_bm05",25000,213,219,1.23826036978145,FALSE
"d70_160_bs05",25000,204,89,1.23727561147117,FALSE
"d70_160_bm06",25000,258,262,1.24443085583199,FALSE
"d70_160_bs06",25000,103,115,1.22994011928091,FALSE
"d70_160_bm07",25000,237,253,1.24051307828299,FALSE
"d70_160_bs07",25000,49,53,1.22275553938714,FALSE
"d70_160_bm08",25000,108,198,1.23023742887207,FALSE
"d70_160_bs08",25000,62,119,1.2251394665156,FALSE
"d70_160_bm09",25000,38,80,1.21999260240661,FALSE
"d70_160_bs09",25000,118,62,1.23105775993722,FALSE
"d70_160_bm10",25000,43,54,1.22126094979435,FALSE
"d70_160_bs10",25000,84,120,1.22827492695586,FALSE
"d70_160_bm11",25000,203,220,1.23723280632764,FALSE
"d70_160_bs11",25000,89,70,1.22897742986865,FALSE
"d70_160_bm12",25000,77,107,1.22764279823632,FALSE
"d70_160_bs12",25000,228,96,1.2397560713845,FALSE
"d70_160_bm13",25000,87,141,1.22872097008505,FALSE
"d70_160_bs13",25000,64,122,1.22545072318631,FALSE
"d70_160_bm14",25000,163,136,1.23422461317715,FALSE
"d70_160_bs14",25000,91,81,1.22929321470903,FALSE
"d70_160_bm15",25000,74,109,1.22750416159278,FALSE
"d70_160_bs15",25000,69,127,1.22664223262912,FALSE
"d70_160_fb00",25000,129,149,1.23194541937313,FALSE
"s70m_q02",50000,252,264,1.25131265343876,FALSE
"s70m_q04",50000,217,251,1.24784873544108,FALSE
"s70m_q06",50000,157,234,1.24442961688933,FALSE
"s70m_q08",50000,139,215,1.24334882821849,FALSE
"s70m_q10",50000,146,226,1.2436760312959,FALSE
"s70m_q12",50000,170,224,1.2452469914302,FALSE
"s70m_q14",50000,111,161,1.24190399846529,FALSE
"s70m_q16",50000,124,113,1.24256497645982,FALSE
"s70m_q18",50000,113,168,1.24199399152644,FALSE
"s70m_q20",50000,76,159,1.23972004197829,FALSE
"s70m_q22",50000,81,158,1.24028860380773,FALSE
"s70m_q24",50000,93,157,1.24091298310662,FALSE
"s70m_q26",50000,88,141,1.24066276264374,FALSE
"s70m_q28",50000,152,209,1.24411972129731,FALSE
"s70m_q30",50000,160,198,1.24465836769968,FALSE
"s70m_q32",50000,181,222,1.24579023769479,FALSE
"s70m_q34",50000,191,160,1.24618462723318,FALSE
"s70m_q36",50000,219,182,1.24796360692515,FALSE
"s70m_q38",50000,179,117,1.24565652719777,FALSE
"s70m_q40",50000,123,164,1.24247742897525,FALSE
"s70m_q42",50000,108,100,1.24159816032627,FALSE
"s70m_q44",50000,208,197,1.24719397139225,FALSE
"s70m_q46",50000,227,185,1.2486771115242,FALSE
"s70m_q48",50000,235,188,1.24941302545871,FALSE
"s70m_q50",50000,238,199,1.24980649299591,FALSE
"s70m_q52",50000,230,177,1.24903635981784,FALSE
"s70m_q54",50000,250,187,1.25114351590987,FALSE
"s70m_q56",50000,223,155,1.2482370493305,FALSE
"s70m_q57",50000,215,107,1.24776089618093,FALSE
"s70m_q60",50000,225,97,1.24851092049002,FALSE
"s70m_q62",50000,166,85,1.24516098685862,FALSE
"s70m_q64",50000,167,67,1.24516741589063,FALSE
"s70m_q66",50000,143,33,1.24359383452113,FALSE
"s70m_q68",50000,99,24,1.24132517466895,FALSE
"s70m_q70",50000,92,51,1.2409083610773,FALSE
"s70m_q72",50000,121,46,1.24237853154679,FALSE
"s70m_q74",50000,153,57,1.2441475632449,FALSE
"s70m_q76",50000,175,38,1.24563062630985,FALSE
"s70m_q78",50000,165,86,1.2450693826285,FALSE
"s70m_q80",50000,158,25,1.24447569764419,FALSE
"s70m_q82",50000,98,41,1.24127151178321,FALSE
"s70m_q84",50000,133,30,1.24309833603283,FALSE
"s70m_q86",50000,195,32,1.24654854715067,FALSE
"s70m_q88",50000,132,61,1.24297838877782,FALSE
"s70m_q90",50000,102,52,1.24155731256368,FALSE
"s70m_q92",50000,162,53,1.24491027338835,FALSE
"s70m_q94",50000,184,20,1.24588203087095,FALSE
"s70m_q96",50000,163,23,1.24495587572366,FALSE
"s70m_q98",50000,78,17,1.23996028853488,FALSE
"s70m_mean",50000,226,99,1.24858819413641,FALSE
"s70m_sd",50000,12,5,1.22221187063371,TRUE
"s70m_max",50000,2,2,1.03609864617275,TRUE
"s70m_min",50000,244,256,1.25048987478783,FALSE
"s70m_skew",50000,13,19,1.22290042215962,TRUE
"s70m_kurt",50000,4,4,1.20434675938948,TRUE
"s70m_bm00",50000,49,90,1.23594097189182,FALSE
"s70m_bs00",50000,18,35,1.22907671104465,TRUE
"s70m_bm01",50000,90,172,1.24073670603691,FALSE
"s70m_bs01",50000,32,65,1.23295199334093,TRUE
"s70m_bm02",50000,91,183,1.24074341461326,FALSE
"s70m_bs02",50000,89,28,1.24067701300506,FALSE
"s70m_bm03",50000,154,122,1.24417971890159,FALSE
"s70m_bs03",50000,245,207,1.2506590903252,FALSE
"s70m_bm04",50000,253,154,1.25136718889534,FALSE
"s70m_bs04",50000,50,105,1.23628165373687,FALSE
"s70m_bm05",50000,205,179,1.24711030775654,FALSE
"s70m_bs05",50000,202,96,1.24702654336332,FALSE
"s70m_bm06",50000,246,114,1.25068899859925,FALSE
"s70m_bs06",50000,41,9,1.23452544739301,FALSE
"s70m_bm07",50000,161,136,1.24468299518749,FALSE
"s70m_bs07",50000,85,174,1.24049743629984,FALSE
"s70m_bm08",50000,70,131,1.23920860516577,FALSE
"s70m_bs08",50000,55,91,1.23753979095911,FALSE
"s70m_bm09",50000,188,216,1.24611668739323,FALSE
"s70m_bs09",50000,94,121,1.24097938206306,FALSE
"s70m_bm10",50000,53,116,1.23715443996081,FALSE
"s70m_bs10",50000,22,37,1.23036205965885,TRUE
"s70m_bm11",50000,129,193,1.24281173111696,FALSE
"s70m_bs11",50000,74,49,1.23964672729876,FALSE
"s70m_bm12",50000,65,134,1.23860125422049,FALSE
"s70m_bs12",50000,66,142,1.23896996635595,FALSE
"s70m_bm13",50000,80,165,1.2402541907412,FALSE
"s70m_bs13",50000,254,213,1.2513710467671,FALSE
"s70m_bm14",50000,172,153,1.24547675061751,FALSE
"s70m_bs14",50000,68,70,1.23905241381377,FALSE
"s70m_bm15",50000,16,31,1.22773763607795,TRUE
"s70m_bs15",50000,8,13,1.21934404589262,TRUE
"s70m_fb00",50000,199,211,1.24671358666587,FALSE
"s160m_q02",50000,242,258,1.25035547648091,FALSE
"s160m_q04",50000,218,239,1.24793543137685,FALSE
"s160m_q06",50000,200,254,1.24674378651095,FALSE
"s160m_q08",50000,209,243,1.24719967233489,FALSE
"s160m_q10",50000,194,236,1.24648913108752,FALSE
"s160m_q12",50000,176,238,1.24564829274178,FALSE
"s160m_q14",50000,183,240,1.24582825825692,FALSE
"s160m_q16",50000,141,229,1.24338648348332,FALSE
"s160m_q18",50000,119,173,1.242281045907,FALSE
"s160m_q20",50000,156,214,1.24433557457314,FALSE
"s160m_q22",50000,196,237,1.24657189906141,FALSE
"s160m_q24",50000,231,228,1.2490647071661,FALSE
"s160m_q26",50000,240,231,1.25000454703501,FALSE
"s160m_q28",50000,237,220,1.24972132337453,FALSE
"s160m_q30",50000,214,210,1.24768092187827,FALSE
"s160m_q32",50000,189,203,1.24615752750709,FALSE
"s160m_q34",50000,159,175,1.24451802262026,FALSE
"s160m_q36",50000,171,180,1.24538648123983,FALSE
"s160m_q38",50000,169,184,1.24522369121917,FALSE
"s160m_q40",50000,147,137,1.24376947434229,FALSE
"s160m_q42",50000,148,125,1.24393747825926,FALSE
"s160m_q44",50000,201,92,1.24681958868014,FALSE
"s160m_q46",50000,193,146,1.2463928007568,FALSE
"s160m_q48",50000,229,127,1.24889856809045,FALSE
"s160m_q50",50000,257,130,1.25175007746736,FALSE
"s160m_q52",50000,239,152,1.24985774236619,FALSE
"s160m_q54",50000,241,133,1.25023534525334,FALSE
"s160m_q56",50000,247,119,1.25084928830861,FALSE
"s160m_q57",50000,248,115,1.25102444257155,FALSE
"s160m_q60",50000,256,88,1.25150746940062,FALSE
"s160m_q62",50000,220,68,1.2480155823932,FALSE
"s160m_q64",50000,197,104,1.24658486150735,FALSE
"s160m_q66",50000,190,87,1.24615854893403,FALSE
"s160m_q68",50000,144,36,1.24360985198068,FALSE
"s160m_q70",50000,206,83,1.24715125042278,FALSE
"s160m_q72",50000,210,81,1.24723716542849,FALSE
"s160m_q74",50000,213,60,1.24767057691105,FALSE
"s160m_q76",50000,174,44,1.24560503873596,FALSE
"s160m_q78",50000,101,26,1.24154572943706,FALSE
"s160m_q80",50000,105,54,1.24156773749421,FALSE
"s160m_q82",50000,110,62,1.24178280210419,FALSE
"s160m_q84",50000,149,42,1.24394920118843,FALSE
"s160m_q86",50000,150,21,1.24400321247203,FALSE
"s160m_q88",50000,192,69,1.24624892886824,FALSE
"s160m_q90",50000,136,102,1.24320885606506,FALSE
"s160m_q92",50000,106,80,1.24157826843874,FALSE
"s160m_q94",50000,38,58,1.23399234987009,TRUE
"s160m_q96",50000,63,66,1.23854638189838,FALSE
"s160m_q98",50000,86,108,1.24050354140679,FALSE
"s160m_mean",50000,251,89,1.25115836728373,FALSE
"s160m_sd",50000,5,7,1.2117977863058,TRUE
"s160m_max",50000,1,1,0.930936027250996,TRUE
"s160m_min",50000,134,163,1.24311665277159,FALSE
"s160m_skew",50000,6,8,1.21310469799871,TRUE
"s160m_kurt",50000,3,3,1.17746979810918,TRUE
"s160m_bm00",50000,52,112,1.23699286367752,FALSE
"s160m_bs00",50000,11,18,1.22196143871629,TRUE
"s160m_bm01",50000,82,151,1.2403054797379,FALSE
"s160m_bs01",50000,29,55,1.23206222264884,TRUE
"s160m_bm02",50000,151,204,1.24406455578377,FALSE
"s160m_bs02",50000,58,94,1.23793526831238,FALSE
"s160m_bm03",50000,236,148,1.24955652120402,FALSE
"s160m_bs03",50000,258,235,1.25213445627412,FALSE
"s160m_bm04",50000,261,162,1.25412409651634,FALSE
"s160m_bs04",50000,24,47,1.23121464642341,TRUE
"s160m_bm05",50000,126,129,1.24268145331776,FALSE
"s160m_bs05",50000,135,156,1.24318446218902,FALSE
"s160m_bm06",50000,260,144,1.2528296193412,FALSE
"s160m_bs06",50000,77,34,1.23991308606796,FALSE
"s160m_bm07",50000,216,245,1.24778581945939,FALSE
"s160m_bs07",50000,130,219,1.24296645803836,FALSE
"s160m_bm08",50000,87,140,1.24051356957888,FALSE
"s160m_bs08",50000,47,103,1.23549313317187,FALSE
"s160m_bm09",50000,118,181,1.24219054844517,FALSE
"s160m_bs09",50000,54,118,1.23746758277365,FALSE
"s160m_bm10",50000,168,186,1.24522262705987,FALSE
"s160m_bs10",50000,19,43,1.22981366766699,TRUE
"s160m_bm11",50000,224,249,1.24848338283669,FALSE
"s160m_bs11",50000,73,106,1.23960349544802,FALSE
"s160m_bm12",50000,61,126,1.23827175421407,FALSE
"s160m_bs12",50000,42,75,1.23462741868642,FALSE
"s160m_bm13",50000,140,191,1.24337023980085,FALSE
"s160m_bs13",50000,180,71,1.2457755110444,FALSE
"s160m_bm14",50000,164,39,1.24498751812554,FALSE
"s160m_bs14",50000,75,64,1.23969726236574,FALSE
"s160m_bm15",50000,14,27,1.22493445636318,TRUE
"s160m_bs15",50000,9,12,1.21944918767071,TRUE
"s160m_fb00",50000,243,201,1.25035606278655,FALSE
"d70_160_q02",50000,7,6,1.21355391624755,TRUE
"d70_160_q04",50000,10,10,1.22106204690968,TRUE
"d70_160_q06",50000,15,11,1.22668774388826,TRUE
"d70_160_q08",50000,23,16,1.23077905279656,TRUE
"d70_160_q10",50000,28,14,1.23187936505992,TRUE
"d70_160_q12",50000,17,29,1.22891636598662,TRUE
"d70_160_q14",50000,37,73,1.23393603888183,TRUE
"d70_160_q16",50000,35,74,1.23350482249916,TRUE
"d70_160_q18",50000,79,149,1.24004658577937,FALSE
"d70_160_q20",50000,114,166,1.24204088909725,FALSE
"d70_160_q22",50000,45,98,1.23547009773566,FALSE
"d70_160_q24",50000,69,147,1.23910523258661,FALSE
"d70_160_q26",50000,155,221,1.24431143229543,FALSE
"d70_160_q28",50000,178,233,1.24565109037829,FALSE
"d70_160_q30",50000,103,190,1.24155772687581,FALSE
"d70_160_q32",50000,115,194,1.24210401767264,FALSE
"d70_160_q34",50000,145,196,1.2436497489304,FALSE
"d70_160_q36",50000,204,242,1.24710206547687,FALSE
"d70_160_q38",50000,263,263,1.25509157180617,FALSE
"d70_160_q40",50000,249,250,1.25112264536917,FALSE
"d70_160_q42",50000,186,212,1.24602704159323,FALSE
"d70_160_q44",50000,185,223,1.24593579688684,FALSE
"d70_160_q46",50000,96,170,1.24105576208657,FALSE
"d70_160_q48",50000,137,225,1.24322291793679,FALSE
"d70_160_q50",50000,203,247,1.24705025904937,FALSE
"d70_160_q52",50000,182,246,1.24581027369823,FALSE
"d70_160_q54",50000,100,195,1.24141020537753,FALSE
"d70_160_q56",50000,116,192,1.24211590660444,FALSE
"d70_160_q57",50000,107,200,1.24158048832595,FALSE
"d70_160_q60",50000,67,139,1.23900964974419,FALSE
"d70_160_q62",50000,57,124,1.23790356284274,FALSE
"d70_160_q64",50000,56,123,1.23773645624867,FALSE
"d70_160_q66",50000,83,171,1.2404733079133,FALSE
"d70_160_q68",50000,48,82,1.23553782826429,FALSE
"d70_160_q70",50000,39,78,1.23418056878181,TRUE
"d70_160_q72",50000,40,84,1.23434414937752,TRUE
"d70_160_q74",50000,31,72,1.23262975996101,TRUE
"d70_160_q76",50000,34,77,1.23346709144452,TRUE
"d70_160_q78",50000,36,76,1.23392569210961,TRUE
"d70_160_q80",50000,43,95,1.23529817488932,FALSE
"d70_160_q82",50000,21,48,1.23031808411911,TRUE
"d70_160_q84",50000,27,56,1.23176442970087,TRUE
"d70_160_q86",50000,20,45,1.2299813223438,TRUE
"d70_160_q88",50000,30,40,1.23257113956212,TRUE
"d70_160_q90",50000,51,59,1.23628262588886,FALSE
"d70_160_q92",50000,62,110,1.23834057064614,FALSE
"d70_160_q94",50000,59,93,1.2379916661794,FALSE
"d70_160_q96",50000,44,63,1.23541485945201,FALSE
"d70_160_q98",50000,109,132,1.24165454925599,FALSE
"d70_160_mean",50000,60,109,1.23819175750285,FALSE
"d70_160_sd",50000,25,15,1.23138528067741,TRUE
"d70_160_max",50000,262,257,1.25478899860105,FALSE
"d70_160_min",50000,26,22,1.23171747675211,TRUE
"d70_160_skew",50000,142,150,1.24351060041285,FALSE
"d70_160_kurt",50000,264,261,1.25527068144202,FALSE
"d70_160_bm00",50000,46,79,1.23547845593271,FALSE
"d70_160_bs00",50000,33,50,1.23321871123422,TRUE
"d70_160_bm01",50000,198,252,1.24671155168486,FALSE
"d70_160_bs01",50000,104,169,1.24156305392655,FALSE
"d70_160_bm02",50000,138,208,1.24333637685724,FALSE
"d70_160_bs02",50000,97,176,1.24121850516366,FALSE
"d70_160_bm03",50000,234,255,1.24933399823766,FALSE
"d70_160_bs03",50000,120,202,1.24230844366543,FALSE
"d70_160_bm04",50000,177,189,1.24565040953203,FALSE
"d70_160_bs04",50000,117,128,1.24213935126854,FALSE
"d70_160_bm05",50000,228,248,1.24876769638034,FALSE
"d70_160_bs05",50000,232,178,1.24917262045337,FALSE
"d70_160_bm06",50000,259,262,1.25274239865309,FALSE
"d70_160_bs06",50000,72,143,1.23941243047516,FALSE
"d70_160_bm07",50000,233,260,1.2492936889247,FALSE
"d70_160_bs07",50000,221,241,1.24814798505105,FALSE
"d70_160_bm08",50000,125,218,1.24263175129497,FALSE
"d70_160_bs08",50000,64,120,1.23859723966924,FALSE
"d70_160_bm09",50000,131,206,1.24297352464293,FALSE
"d70_160_bs09",50000,122,111,1.24242062671367,FALSE
"d70_160_bm10",50000,95,101,1.24103485994138,FALSE
"d70_160_bs10",50000,71,145,1.23922499099403,FALSE
"d70_160_bm11",50000,255,259,1.25142806950213,FALSE
"d70_160_bs11",50000,127,167,1.24272380090273,FALSE
"d70_160_bm12",50000,128,217,1.24280847943111,FALSE
"d70_160_bs12",50000,207,135,1.24718459140296,FALSE
"d70_160_bm13",50000,173,244,1.24558287223,FALSE
"d70_160_bs13",50000,84,138,1.24047704478874,FALSE
"d70_160_bm14",50000,187,227,1.24608449918982,FALSE
"d70_160_bs14",50000,212,230,1.24746090852636,FALSE
"d70_160_bm15",50000,222,232,1.24822908517794,FALSE
"d70_160_bs15",50000,112,205,1.24197702336934,FALSE
"d70_160_fb00",50000,211,253,1.24728200400435,FALSE
"s70m_q02",100000,256,264,1.27391416784154,FALSE
"s70m_q04",100000,236,263,1.27225458438657,FALSE
"s70m_q06",100000,222,261,1.27125281727477,FALSE
"s70m_q08",100000,183,248,1.26922202683473,FALSE
"s70m_q10",100000,195,247,1.26984043089813,FALSE
"s70m_q12",100000,232,197,1.2719201892771,FALSE
"s70m_q14",100000,220,142,1.27108512063636,FALSE
"s70m_q16",100000,182,157,1.26912487875053,FALSE
"s70m_q18",100000,174,189,1.26852933346945,FALSE
"s70m_q20",100000,127,194,1.26614798326464,FALSE
"s70m_q22",100000,137,180,1.26653038421673,FALSE
"s70m_q24",100000,132,207,1.26627729751714,FALSE
"s70m_q26",100000,159,185,1.26753117358992,FALSE
"s70m_q28",100000,163,220,1.26785915141504,FALSE
"s70m_q30",100000,156,218,1.26741454643387,FALSE
"s70m_q32",100000,146,228,1.26691562674988,FALSE
"s70m_q34",100000,157,229,1.2674493812184,FALSE
"s70m_q36",100000,181,241,1.26911273744028,FALSE
"s70m_q38",100000,153,236,1.26740433468293,FALSE
"s70m_q40",100000,134,217,1.26632084388182,FALSE
"s70m_q42",100000,130,213,1.26622954020236,FALSE
"s70m_q44",100000,196,224,1.26991154226384,FALSE
"s70m_q46",100000,226,205,1.27152799802214,FALSE
"s70m_q48",100000,230,173,1.27175322915553,FALSE
"s70m_q50",100000,249,170,1.27333861432788,FALSE
"s70m_q52",100000,211,146,1.27055561434658,FALSE
"s70m_q54",100000,213,164,1.27071380736606,FALSE
"s70m_q56",100000,187,145,1.26928572730534,FALSE
"s70m_q57",100000,188,139,1.2693105378121,FALSE
"s70m_q60",100000,200,115,1.27010456661319,FALSE
"s70m_q62",100000,152,119,1.26734539686878,FALSE
"s70m_q64",100000,149,138,1.26715146399449,FALSE
"s70m_q66",100000,139,122,1.26665845251983,FALSE
"s70m_q68",100000,77,89,1.26334499952344,FALSE
"s70m_q70",100000,75,86,1.2630511050913,FALSE
"s70m_q72",100000,58,92,1.26182222598543,FALSE
"s70m_q74",100000,61,87,1.26211390566606,FALSE
"s70m_q76",100000,94,63,1.26394335111685,FALSE
"s70m_q78",100000,63,68,1.26224025755004,FALSE
"s70m_q80",100000,68,51,1.2625369052528,FALSE
"s70m_q82",100000,50,61,1.26116304425421,TRUE
"s70m_q84",100000,55,38,1.26166088570412,FALSE
"s70m_q86",100000,116,56,1.26526465327805,FALSE
"s70m_q88",100000,69,49,1.2625742813443,FALSE
"s70m_q90",100000,73,30,1.26292530188015,FALSE
"s70m_q92",100000,108,42,1.26494780174336,FALSE
"s70m_q94",100000,141,22,1.26679089122781,FALSE
"s70m_q96",100000,42,14,1.26038498679253,TRUE
"s70m_q98",100000,25,9,1.25738185985632,TRUE
"s70m_mean",100000,243,106,1.27288709467763,FALSE
"s70m_sd",100000,7,6,1.238126667068,TRUE
"s70m_max",100000,2,2,1.03810281514963,TRUE
"s70m_min",100000,190,244,1.26949818768563,FALSE
"s70m_skew",100000,9,8,1.24436630775038,TRUE
"s70m_kurt",100000,4,4,1.21187648260391,TRUE
"s70m_bm00",100000,66,84,1.26237461884381,FALSE
"s70m_bs00",100000,15,23,1.25252940583686,TRUE
"s70m_bm01",100000,121,177,1.26586530324206,FALSE
"s70m_bs01",100000,17,34,1.25436599969909,TRUE
"s70m_bm02",100000,44,83,1.26050740809797,TRUE
"s70m_bs02",100000,65,20,1.26233688843808,FALSE
"s70m_bm03",100000,29,57,1.25832141612841,TRUE
"s70m_bs03",100000,83,144,1.26356096610159,FALSE
"s70m_bm04",100000,145,82,1.26691268965097,FALSE
"s70m_bs04",100000,30,64,1.25862991321518,TRUE
"s70m_bm05",100000,33,58,1.25952351302499,TRUE
"s70m_bs05",100000,128,93,1.26621271611324,FALSE
"s70m_bm06",100000,62,81,1.26220738971002,FALSE
"s70m_bs06",100000,28,41,1.25776752386926,TRUE
"s70m_bm07",100000,118,116,1.26546966268205,FALSE
"s70m_bs07",100000,39,75,1.26010587729018,TRUE
"s70m_bm08",100000,88,141,1.26373167167785,FALSE
"s70m_bs08",100000,57,52,1.26173336003761,FALSE
"s70m_bm09",100000,86,125,1.26371626813937,FALSE
"s70m_bs09",100000,41,50,1.26033629566615,TRUE
"s70m_bm10",100000,204,222,1.27036111100279,FALSE
"s70m_bs10",100000,43,70,1.26040917482462,TRUE
"s70m_bm11",100000,110,169,1.26505527082018,FALSE
"s70m_bs11",100000,32,65,1.25905705099887,TRUE
"s70m_bm12",100000,117,196,1.26541473905197,FALSE
"s70m_bs12",100000,98,167,1.2640957070076,FALSE
"s70m_bm13",100000,87,121,1.263725758441,FALSE
"s70m_bs13",100000,37,46,1.25986632425547,TRUE
"s70m_bm14",100000,74,98,1.26296011692242,FALSE
"s70m_bs14",100000,46,35,1.2606706235265,TRUE
"s70m_bm15",100000,51,104,1.26141838053641,TRUE
"s70m_bs15",100000,13,18,1.25070403021227,TRUE
"s70m_fb00",100000,91,129,1.26385271793577,FALSE
"s160m_q02",100000,234,260,1.27212808885059,FALSE
"s160m_q04",100000,252,262,1.27373338955245,FALSE
"s160m_q06",100000,251,254,1.27348530916561,FALSE
"s160m_q08",100000,260,255,1.27473007486572,FALSE
"s160m_q10",100000,258,239,1.27412885723022,FALSE
"s160m_q12",100000,228,200,1.27163606166559,FALSE
"s160m_q14",100000,248,183,1.27329877297341,FALSE
"s160m_q16",100000,247,216,1.27325900085709,FALSE
"s160m_q18",100000,216,201,1.27079950567748,FALSE
"s160m_q20",100000,210,226,1.27055006659112,FALSE
"s160m_q22",100000,221,238,1.27112565378651,FALSE
"s160m_q24",100000,224,231,1.27149273469513,FALSE
"s160m_q26",100000,229,232,1.27166050269904,FALSE
"s160m_q28",100000,215,208,1.27079922495604,FALSE
"s160m_q30",100000,176,187,1.26859665642626,FALSE
"s160m_q32",100000,171,190,1.26848165847368,FALSE
"s160m_q34",100000,164,211,1.26794409837724,FALSE
"s160m_q36",100000,161,199,1.26779658509584,FALSE
"s160m_q38",100000,173,161,1.26850914141687,FALSE
"s160m_q40",100000,136,163,1.26647167508622,FALSE
"s160m_q42",100000,138,165,1.26665680958918,FALSE
"s160m_q44",100000,167,203,1.26815290446358,FALSE
"s160m_q46",100000,158,195,1.26749966423383,FALSE
"s160m_q48",100000,206,192,1.27037806015177,FALSE
"s160m_q50",100000,240,178,1.27269677870131,FALSE
"s160m_q52",100000,250,166,1.2734623725855,FALSE
"s160m_q54",100000,257,159,1.2740007892721,FALSE
"s160m_q56",100000,254,151,1.2738038109887,FALSE
"s160m_q57",100000,244,148,1.27290967634662,FALSE
"s160m_q60",100000,261,143,1.27536644412836,FALSE
"s160m_q62",100000,246,154,1.27319347641623,FALSE
"s160m_q64",100000,253,160,1.27374619070333,FALSE
"s160m_q66",100000,241,152,1.27275427658997,FALSE
"s160m_q68",100000,212,108,1.27055823131888,FALSE
"s160m_q70",100000,242,133,1.27275927139805,FALSE
"s160m_q72",100000,235,113,1.27212837175055,FALSE
"s160m_q74",100000,217,111,1.27089432431182,FALSE
"s160m_q76",100000,178,95,1.26896360433321,FALSE
"s160m_q78",100000,114,74,1.26525134417013,FALSE
"s160m_q80",100000,97,79,1.26408822671305,FALSE
"s160m_q82",100000,95,53,1.26395255231842,FALSE
"s160m_q84",100000,113,66,1.26518497807728,FALSE
"s160m_q86",100000,100,33,1.26415677994726,FALSE
"s160m_q88",100000,123,80,1.26598259479144,FALSE
"s160m_q90",100000,79,67,1.26346255648478,FALSE
"s160m_q92",100000,101,39,1.26425372093279,FALSE
"s160m_q94",100000,47,19,1.2608523306047,TRUE
"s160m_q96",100000,40,43,1.26013323472643,TRUE
"s160m_q98",100000,35,17,1.25957410284627,TRUE
"s160m_mean",100000,259,126,1.27468522961293,FALSE
"s160m_sd",100000,6,5,1.23328227739948,TRUE
"s160m_max",100000,1,1,0.938963210679659,TRUE
"s160m_min",100000,72,91,1.26273528412256,FALSE
"s160m_skew",100000,5,7,1.22995011881436,TRUE
"s160m_kurt",100000,3,3,1.18974939084042,TRUE
"s160m_bm00",100000,120,168,1.26571948055885,FALSE
"s160m_bs00",100000,12,13,1.24949670335842,TRUE
"s160m_bm01",100000,82,150,1.26349983086774,FALSE
"s160m_bs01",100000,26,45,1.257470588884,TRUE
"s160m_bm02",100000,70,132,1.26262461620748,FALSE
"s160m_bs02",100000,54,62,1.26163489252839,FALSE
"s160m_bm03",100000,64,105,1.26233032376084,FALSE
"s160m_bs03",100000,104,136,1.26456334859179,FALSE
"s160m_bm04",100000,147,198,1.26696622417301,FALSE
"s160m_bs04",100000,23,54,1.25726885890644,TRUE
"s160m_bm05",100000,21,36,1.25617984923145,TRUE
"s160m_bs05",100000,78,112,1.26341459287515,FALSE
"s160m_bm06",100000,90,107,1.26375617444053,FALSE
"s160m_bs06",100000,22,26,1.25627216423459,TRUE
"s160m_bm07",100000,198,233,1.26997574576537,FALSE
"s160m_bs07",100000,45,88,1.26063021730353,TRUE
"s160m_bm08",100000,96,137,1.264031845487,FALSE
"s160m_bs08",100000,24,37,1.25731648452923,TRUE
"s160m_bm09",100000,56,102,1.26172778528505,FALSE
"s160m_bs09",100000,89,134,1.26374539639962,FALSE
"s160m_bm10",100000,192,188,1.26966160850191,FALSE
"s160m_bs10",100000,53,90,1.26160623702769,FALSE
"s160m_bm11",100000,201,227,1.27012259220546,FALSE
"s160m_bs11",100000,20,31,1.25603001251648,TRUE
"s160m_bm12",100000,48,97,1.26092498984729,TRUE
"s160m_bs12",100000,80,128,1.2634793142722,FALSE
"s160m_bm13",100000,124,184,1.26603249683512,FALSE
"s160m_bs13",100000,36,27,1.25969364337174,TRUE
"s160m_bm14",100000,81,123,1.26348238062178,FALSE
"s160m_bs14",100000,19,21,1.25602116471191,TRUE
"s160m_bm15",100000,76,110,1.26317307493485,FALSE
"s160m_bs15",100000,18,32,1.25501325868912,TRUE
"s160m_fb00",100000,177,153,1.26887007640547,FALSE
"d70_160_q02",100000,8,10,1.2410161732467,TRUE
"d70_160_q04",100000,11,15,1.24905885271922,TRUE
"d70_160_q06",100000,14,12,1.25244175256453,TRUE
"d70_160_q08",100000,34,28,1.2595424395005,TRUE
"d70_160_q10",100000,38,47,1.25995229091511,TRUE
"d70_160_q12",100000,31,60,1.25881726974282,TRUE
"d70_160_q14",100000,49,85,1.26114158259986,TRUE
"d70_160_q16",100000,93,135,1.26389866535947,FALSE
"d70_160_q18",100000,151,156,1.26723594625695,FALSE
"d70_160_q20",100000,162,182,1.26785148524402,FALSE
"d70_160_q22",100000,105,172,1.26464266761844,FALSE
"d70_160_q24",100000,155,191,1.26741443868743,FALSE
"d70_160_q26",100000,169,225,1.26838014957292,FALSE
"d70_160_q28",100000,214,240,1.27079756102133,FALSE
"d70_160_q30",100000,237,251,1.27243582528813,FALSE
"d70_160_q32",100000,239,242,1.27267514778309,FALSE
"d70_160_q34",100000,245,252,1.27303308932373,FALSE
"d70_160_q36",100000,262,235,1.27593340660828,FALSE
"d70_160_q38",100000,263,193,1.27614038045005,FALSE
"d70_160_q40",100000,238,124,1.27261322700874,FALSE
"d70_160_q42",100000,180,73,1.26910957711552,FALSE
"d70_160_q44",100000,170,130,1.26847370582383,FALSE
"d70_160_q46",100000,126,127,1.26609806214849,FALSE
"d70_160_q48",100000,107,174,1.26494331235479,FALSE
"d70_160_q50",100000,165,223,1.26794486587522,FALSE
"d70_160_q52",100000,189,215,1.26945759568248,FALSE
"d70_160_q54",100000,125,209,1.26604147740933,FALSE
"d70_160_q56",100000,166,234,1.26796324373802,FALSE
"d70_160_q57",100000,191,253,1.26962204290401,FALSE
"d70_160_q60",100000,179,243,1.2690312928669,FALSE
"d70_160_q62",100000,202,258,1.2701810791571,FALSE
"d70_160_q64",100000,208,257,1.27054563386834,FALSE
"d70_160_q66",100000,223,259,1.27141316957458,FALSE
"d70_160_q68",100000,199,256,1.27002689185721,FALSE
"d70_160_q70",100000,205,250,1.27036533401057,FALSE
"d70_160_q72",100000,193,249,1.26967593915469,FALSE
"d70_160_q74",100000,194,237,1.26982854295901,FALSE
"d70_160_q76",100000,186,202,1.26928406858904,FALSE
"d70_160_q78",100000,160,179,1.26769277612011,FALSE
"d70_160_q80",100000,131,206,1.26623303745068,FALSE
"d70_160_q82",100000,106,147,1.26473686695562,FALSE
"d70_160_q84",100000,115,94,1.26526095543172,FALSE
"d70_160_q86",100000,111,69,1.26506686615788,FALSE
"d70_160_q88",100000,129,77,1.26622152887059,FALSE
"d70_160_q90",100000,185,158,1.26925702373831,FALSE
"d70_160_q92",100000,197,181,1.26993614718088,FALSE
"d70_160_q94",100000,172,140,1.26848781673984,FALSE
"d70_160_q96",100000,112,55,1.26511543926924,FALSE
"d70_160_q98",100000,84,44,1.26358660557213,FALSE
"d70_160_mean",100000,143,99,1.26685553276403,FALSE
"d70_160_sd",100000,16,16,1.253743244698,TRUE
"d70_160_max",100000,218,59,1.27098794705333,FALSE
"d70_160_min",100000,10,11,1.24870757455581,TRUE
"d70_160_skew",100000,71,24,1.26265711769655,FALSE
"d70_160_kurt",100000,233,76,1.27196759219576,FALSE
"d70_160_bm00",100000,92,71,1.26385720976047,FALSE
"d70_160_bs00",100000,27,48,1.25768067887735,TRUE
"d70_160_bm01",100000,207,155,1.27043392223043,FALSE
"d70_160_bs01",100000,99,131,1.26411464710566,FALSE
"d70_160_bm02",100000,142,29,1.26680364933695,FALSE
"d70_160_bs02",100000,67,117,1.26245319254012,FALSE
"d70_160_bm03",100000,168,204,1.26822497469361,FALSE
"d70_160_bs03",100000,103,176,1.26456170796015,FALSE
"d70_160_bm04",100000,140,40,1.26670485021934,FALSE
"d70_160_bs04",100000,135,114,1.26636100857749,FALSE
"d70_160_bm05",100000,203,162,1.27019647731953,FALSE
"d70_160_bs05",100000,122,109,1.26598258957467,FALSE
"d70_160_bm06",100000,231,246,1.27189671319926,FALSE
"d70_160_bs06",100000,52,100,1.26146129670699,TRUE
"d70_160_bm07",100000,144,149,1.26690928982302,FALSE
"d70_160_bs07",100000,184,230,1.26923171869989,FALSE
"d70_160_bm08",100000,133,101,1.26628270767564,FALSE
"d70_160_bs08",100000,60,78,1.26188508784088,FALSE
"d70_160_bm09",100000,154,175,1.26740793063332,FALSE
"d70_160_bs09",100000,102,25,1.26452208916247,FALSE
"d70_160_bm10",100000,85,96,1.26367840032024,FALSE
"d70_160_bs10",100000,150,72,1.26722049853304,FALSE
"d70_160_bm11",100000,264,210,1.27929369729301,FALSE
"d70_160_bs11",100000,109,103,1.26500853289317,FALSE
"d70_160_bm12",100000,175,171,1.26857889073143,FALSE
"d70_160_bs12",100000,225,245,1.27149750833501,FALSE
"d70_160_bm13",100000,219,219,1.27099599869746,FALSE
"d70_160_bs13",100000,119,186,1.26548442519549,FALSE
"d70_160_bm14",100000,227,214,1.27153341920943,FALSE
"d70_160_bs14",100000,209,221,1.27054732717328,FALSE
"d70_160_bm15",100000,148,120,1.26705149459149,FALSE
"d70_160_bs15",100000,59,118,1.26186336745392,FALSE
"d70_160_fb00",100000,255,212,1.27390966069288,FALSE
