"covariate","score","rank_base","rank_agg_med","rank_agg_min","freq_top20","below_thr05","below_thr01","below_mrg05","below_mrg01","p_marginal","rank_q90","rank_q95","rank_q99"
"emb_059",1.22466267794267,140,1,3.5,0.1,FALSE,FALSE,FALSE,FALSE,0.429341911764706,60,212,39
"emb_130",1.20407808554793,6,2.5,3.5,0.15,FALSE,FALSE,TRUE,TRUE,0.00811764705882353,142,172,111
"emb_228",1.20403860058611,5,2.5,10,0.2,FALSE,FALSE,TRUE,TRUE,0.00803676470588235,129,96,14
"emb_134",1.21248361034236,32,4,7.5,0.2,FALSE,FALSE,FALSE,FALSE,0.0649007352941176,120,13,3
"hapax_rate",1.20673447756438,9,5,13.5,0.15,FALSE,FALSE,TRUE,FALSE,0.0164558823529412,11,21,10
"emb_103",1.20495097519684,8,6.5,16.5,0.05,FALSE,FALSE,TRUE,FALSE,0.0102757352941176,270,249,16
"emb_246",1.2117296132692,28,6.5,3.5,0.2,FALSE,FALSE,FALSE,FALSE,0.0553970588235294,121,135,5
"gzip_ratio",1.21453940686569,48,8,13.5,0.15,FALSE,FALSE,FALSE,FALSE,0.0977977941176471,6,6,1
"emb_144",1.19711144714083,1,9.5,3.5,0.05,FALSE,FALSE,TRUE,TRUE,0.00101838235294118,105,14,2
"emb_184",1.20470104045996,7,9.5,19.5,0.1,FALSE,FALSE,TRUE,TRUE,0.0095625,138,216,101
"emb_247",1.19824282544737,3,11,10,0.15,FALSE,FALSE,TRUE,TRUE,0.00142647058823529,195,86,19
"emb_149",1.21208601250419,30,13,19.5,0.1,FALSE,FALSE,FALSE,FALSE,0.0595992647058824,70,94,17
"emb_171",1.21007966668679,20,13,33.5,0.15,FALSE,FALSE,TRUE,FALSE,0.038,153,257,51
"emb_177",1.20062574966575,4,13,13.5,0.1,FALSE,FALSE,TRUE,TRUE,0.00293382352941176,100,113,140
"emb_250",1.2076143936541,12,15,25.5,0.2,FALSE,FALSE,TRUE,FALSE,0.020625,30,90,215
"emb_199",1.21024337056213,22,16,23,0.15,FALSE,FALSE,TRUE,FALSE,0.0395845588235294,200,208,131
"ttr",1.21048366361084,23,17,10,0.15,FALSE,FALSE,TRUE,FALSE,0.0418235294117647,10,18,12
"emb_080",1.21166722895203,27,18.5,13.5,0.1,FALSE,FALSE,FALSE,FALSE,0.0545919117647059,198,184,191
"emb_222",1.19717954687944,2,18.5,3.5,0.1,FALSE,FALSE,TRUE,TRUE,0.00104411764705882,143,111,105
"emb_221",1.20949622496898,19,20,58,0.1,FALSE,FALSE,TRUE,FALSE,0.033375,48,27,18
"emb_002",1.22259298862993,122,21.5,3.5,0.25,FALSE,FALSE,FALSE,FALSE,0.342397058823529,5,5,9
"emb_067",1.23028444388546,188,21.5,30.5,0.1,FALSE,FALSE,FALSE,FALSE,0.677360294117647,78,88,44
"emb_032",1.21365849958814,42,23.5,39,0.05,FALSE,FALSE,FALSE,FALSE,0.0825147058823529,26,24,47
"emb_174",1.21250692974334,33,23.5,36,0.15,FALSE,FALSE,FALSE,FALSE,0.0652316176470588,115,99,60
"emb_230",1.22184492559065,106,25,52,0.05,FALSE,FALSE,FALSE,FALSE,0.311783088235294,233,261,180
"len_chars",1.21933845200356,79,26,67.5,0.05,FALSE,FALSE,FALSE,FALSE,0.221047794117647,32,22,8
"emb_178",1.21348372413453,38,27,47,0.05,FALSE,FALSE,FALSE,FALSE,0.0795735294117647,43,37,21
"emb_157",1.23005887770164,186,28,81.5,0.1,FALSE,FALSE,FALSE,FALSE,0.667783088235294,134,231,63
"len_bytes",1.21992971160818,85,30.5,62.5,0.05,FALSE,FALSE,FALSE,FALSE,0.240735294117647,31,23,7
"emb_086",1.2136562209875,40,30.5,52,0,FALSE,FALSE,FALSE,FALSE,0.0824669117647059,215,218,121
"emb_098",1.2210043911401,96,30.5,49,0.2,FALSE,FALSE,FALSE,FALSE,0.2795,117,151,107
"emb_100",1.21151365777567,26,30.5,60.5,0,FALSE,FALSE,FALSE,FALSE,0.0528602941176471,119,87,28
"emb_168",1.2090418062877,16,33,23,0.15,FALSE,FALSE,TRUE,FALSE,0.0299926470588235,192,209,68
"len_spaces",1.2137792990446,43,35,65,0.1,FALSE,FALSE,FALSE,FALSE,0.0844264705882353,45,28,37
"emb_012",1.2141541711915,46,35,65,0.05,FALSE,FALSE,FALSE,FALSE,0.0908933823529412,265,181,265
"emb_031",1.21133899198868,24,35,39,0.2,FALSE,FALSE,FALSE,FALSE,0.0509522058823529,246,56,167
"emb_181",1.20698327137219,10,37,30.5,0.15,FALSE,FALSE,TRUE,FALSE,0.0175698529411765,34,54,31
"emb_010",1.21384744450009,44,38,19.5,0.1,FALSE,FALSE,FALSE,FALSE,0.0855073529411765,150,79,61
"len_words",1.21577097882426,57,39,78.5,0.05,FALSE,FALSE,FALSE,FALSE,0.122948529411765,40,26,45
"emb_025",1.23305782057229,212,40.5,58,0.05,FALSE,FALSE,FALSE,FALSE,0.781389705882353,16,17,32
"emb_105",1.20938209245433,17,40.5,30.5,0.2,FALSE,FALSE,TRUE,FALSE,0.0325147058823529,190,107,104
"emb_202",1.22646547586364,152,42,27.5,0.05,FALSE,FALSE,FALSE,FALSE,0.510198529411765,33,40,26
"emb_066",1.22627639110213,150,43.5,60.5,0,FALSE,FALSE,FALSE,FALSE,0.501683823529412,80,76,13
"emb_213",1.21143458825811,25,43.5,43,0.05,FALSE,FALSE,FALSE,FALSE,0.0520772058823529,27,41,153
"emb_084",1.2176712215334,68,45,58,0.1,FALSE,FALSE,FALSE,FALSE,0.170525735294118,264,162,192
"emb_140",1.21682002027951,65,46.5,85,0.2,FALSE,FALSE,FALSE,FALSE,0.148088235294118,85,119,57
"emb_152",1.21462322923566,49,46.5,74,0.05,FALSE,FALSE,FALSE,FALSE,0.0993933823529412,244,239,129
"len_gzip",1.2208049752781,94,48.5,76.5,0.1,FALSE,FALSE,FALSE,FALSE,0.272338235294118,148,93,74
"emb_115",1.21777528214528,69,48.5,52,0.05,FALSE,FALSE,FALSE,FALSE,0.173566176470588,156,157,177
"emb_147",1.22008437885804,88,50,36,0.1,FALSE,FALSE,FALSE,FALSE,0.246257352941176,180,149,40
"emb_238",1.2128333007519,34,51,30.5,0.25,FALSE,FALSE,FALSE,FALSE,0.0696985294117647,184,219,73
"emb_248",1.2162806820767,61,52,112,0,FALSE,FALSE,FALSE,FALSE,0.134632352941176,38,65,151
"emb_139",1.21879129320045,75,53,72.5,0.05,FALSE,FALSE,FALSE,FALSE,0.203444852941176,163,175,138
"emb_207",1.21680623414723,64,54,7.5,0.1,FALSE,FALSE,FALSE,FALSE,0.147742647058824,168,136,29
"emb_223",1.21015036179532,21,55,52,0.05,FALSE,FALSE,TRUE,FALSE,0.0386985294117647,248,260,214
"emb_056",1.21714766426525,66,56,76.5,0.1,FALSE,FALSE,FALSE,FALSE,0.156580882352941,41,34,27
"emb_146",1.2243583378155,137,57,117.5,0,FALSE,FALSE,FALSE,FALSE,0.416444852941176,227,189,203
"emb_136",1.22619787717494,149,58,81.5,0.1,FALSE,FALSE,FALSE,FALSE,0.498169117647059,57,66,122
"emb_028",1.23506703685929,222,59.5,100,0.2,FALSE,FALSE,FALSE,FALSE,0.842970588235294,36,67,132
"emb_175",1.21339829011548,37,59.5,69.5,0.05,FALSE,FALSE,FALSE,FALSE,0.0781433823529412,236,125,46
"emb_057",1.21817119668404,71,61.5,71,0.05,FALSE,FALSE,FALSE,FALSE,0.184709558823529,18,15,67
"emb_091",1.20869460289695,15,61.5,47,0.2,FALSE,FALSE,TRUE,FALSE,0.0273161764705882,83,53,77
"emb_060",1.21492550715349,52,63,81.5,0.1,FALSE,FALSE,FALSE,FALSE,0.105279411764706,271,250,102
"emb_044",1.21937697859387,81,64,117.5,0.1,FALSE,FALSE,FALSE,FALSE,0.222389705882353,176,170,96
"emb_036",1.21915457210822,76,65.5,85,0,FALSE,FALSE,FALSE,FALSE,0.214955882352941,235,131,93
"emb_158",1.2220200548253,108,65.5,103.5,0.15,FALSE,FALSE,FALSE,FALSE,0.319018382352941,242,244,267
"emb_138",1.21983814856181,84,67.5,43,0.05,FALSE,FALSE,FALSE,FALSE,0.237841911764706,211,185,166
"emb_161",1.21927629349368,77,67.5,65,0.1,FALSE,FALSE,FALSE,FALSE,0.218988970588235,66,114,81
"emb_049",1.23210499072163,202,69,52,0.05,FALSE,FALSE,FALSE,FALSE,0.747860294117647,221,241,237
"emb_141",1.22413479468877,134,70.5,153,0.05,FALSE,FALSE,FALSE,FALSE,0.406897058823529,96,213,139
"emb_215",1.22384615074343,130,70.5,19.5,0.05,FALSE,FALSE,FALSE,FALSE,0.394371323529412,94,182,161
"emb_104",1.21982026380517,83,72.5,108,0.1,FALSE,FALSE,FALSE,FALSE,0.237202205882353,193,204,34
"emb_106",1.21804196095436,70,72.5,112,0.1,FALSE,FALSE,FALSE,FALSE,0.181121323529412,141,128,70
"emb_087",1.21524609864968,53,74,85,0.05,FALSE,FALSE,FALSE,FALSE,0.111823529411765,24,49,155
"emb_068",1.2174424627145,67,75,144,0.1,FALSE,FALSE,FALSE,FALSE,0.164338235294118,126,19,65
"emb_043",1.24079799083689,254,77,115.5,0,FALSE,FALSE,FALSE,FALSE,0.951558823529412,90,199,173
"emb_151",1.22965497551961,181,77,43,0.05,FALSE,FALSE,FALSE,FALSE,0.651080882352941,149,201,59
"emb_192",1.22079431358992,93,77,162,0.05,FALSE,FALSE,FALSE,FALSE,0.271977941176471,21,39,228
"emb_041",1.22400344684096,133,79.5,170.5,0.05,FALSE,FALSE,FALSE,FALSE,0.401058823529412,204,248,271
"emb_240",1.20816890939068,13,79.5,16.5,0.15,FALSE,FALSE,TRUE,FALSE,0.0237904411764706,171,71,38
"emb_148",1.21365650264428,41,81,75,0.15,FALSE,FALSE,FALSE,FALSE,0.0824742647058824,188,266,247
"emb_014",1.21645760479193,63,82,121,0.05,FALSE,FALSE,FALSE,FALSE,0.138996323529412,50,52,134
"emb_137",1.22004966271305,87,83,87,0.05,FALSE,FALSE,FALSE,FALSE,0.244900735294118,25,50,52
"emb_046",1.22795138886729,164,84.5,36,0.05,FALSE,FALSE,FALSE,FALSE,0.577382352941176,42,33,23
"emb_081",1.22157962155587,103,84.5,105.5,0.1,FALSE,FALSE,FALSE,FALSE,0.301408088235294,177,153,120
"emb_026",1.22092690667813,95,86,145.5,0.05,FALSE,FALSE,FALSE,FALSE,0.27675,131,46,205
"emb_226",1.2224163634058,116,87,142,0.1,FALSE,FALSE,FALSE,FALSE,0.334963235294118,97,129,162
"emb_107",1.22239771054205,115,88,78.5,0.1,FALSE,FALSE,FALSE,FALSE,0.334121323529412,175,198,87
"mean_sent_len",1.22272521518118,123,90,47,0.05,FALSE,FALSE,FALSE,FALSE,0.347628676470588,7,7,22
"emb_005",1.23391759857039,215,90,127,0,FALSE,FALSE,FALSE,FALSE,0.809235294117647,51,91,41
"emb_009",1.22915054258726,178,90,180.5,0.05,FALSE,FALSE,FALSE,FALSE,0.629919117647059,224,230,233
"emb_042",1.22551712775666,143,93,119,0.1,FALSE,FALSE,FALSE,FALSE,0.467095588235294,133,183,200
"emb_143",1.21571844137738,56,93,92,0.05,FALSE,FALSE,FALSE,FALSE,0.1218125,109,70,108
"emb_172",1.22366149544139,129,93,100,0.15,FALSE,FALSE,FALSE,FALSE,0.386518382352941,151,108,49
"emb_000",1.22664463514166,155,96,55.5,0.1,FALSE,FALSE,FALSE,FALSE,0.518305147058824,4,3,4
"emb_077",1.22132405866784,99,96,172.5,0.1,FALSE,FALSE,FALSE,FALSE,0.291518382352941,194,240,209
"emb_095",1.22859162494263,172,96,130.5,0.1,FALSE,FALSE,FALSE,FALSE,0.605654411764706,64,58,98
"emb_027",1.22701164022677,161,98,43,0.05,FALSE,FALSE,FALSE,FALSE,0.5350625,225,137,150
"emb_073",1.22251023576911,120,100,192.5,0.05,FALSE,FALSE,FALSE,FALSE,0.338915441176471,170,178,221
"emb_121",1.23075045869335,191,100,142,0.05,FALSE,FALSE,FALSE,FALSE,0.695680147058824,262,264,248
"emb_189",1.22234847139007,112,100,95.5,0.05,FALSE,FALSE,FALSE,FALSE,0.332128676470588,159,84,88
"emb_001",1.22362237267461,128,102,23,0.05,FALSE,FALSE,FALSE,FALSE,0.384886029411765,15,16,20
"emb_200",1.22247322179523,119,103.5,166,0.15,FALSE,FALSE,FALSE,FALSE,0.337334558823529,206,233,224
"emb_210",1.21477135735772,51,103.5,105.5,0.1,FALSE,FALSE,FALSE,FALSE,0.102283088235294,110,117,165
"emb_128",1.21928264000445,78,105,150.5,0.15,FALSE,FALSE,FALSE,FALSE,0.219224264705882,125,80,30
"rate_alpha",1.22677934172356,158,106.5,124.5,0.05,FALSE,FALSE,FALSE,FALSE,0.524485294117647,8,8,24
"emb_225",1.21871147018864,74,106.5,123,0,FALSE,FALSE,FALSE,FALSE,0.201003676470588,243,258,243
"rate_space",1.22457724497694,139,109,88.5,0.15,FALSE,FALSE,FALSE,FALSE,0.425845588235294,81,145,75
"emb_125",1.22209658640373,109,109,180.5,0.05,FALSE,FALSE,FALSE,FALSE,0.322121323529412,178,169,152
"emb_201",1.22546880584083,142,109,139.5,0.1,FALSE,FALSE,FALSE,FALSE,0.464841911764706,104,29,91
"emb_053",1.21324876728842,36,111,92,0,FALSE,FALSE,FALSE,FALSE,0.0758860294117647,61,160,212
"emb_097",1.21935774527868,80,112.5,98,0.15,FALSE,FALSE,FALSE,FALSE,0.221727941176471,147,188,172
"emb_203",1.22331913567341,127,112.5,133,0.15,FALSE,FALSE,FALSE,FALSE,0.372363970588235,247,173,216
"emb_162",1.22018824892245,89,114,155.5,0.15,FALSE,FALSE,FALSE,FALSE,0.25,249,190,193
"emb_166",1.21590005131197,59,115,133,0,FALSE,FALSE,FALSE,FALSE,0.125875,197,242,184
"emb_113",1.22814441288853,168,116,121,0.05,FALSE,FALSE,FALSE,FALSE,0.586080882352941,174,207,135
"emb_021",1.22847293822768,170,118.5,182,0.05,FALSE,FALSE,FALSE,FALSE,0.600349264705882,185,202,175
"emb_040",1.22795385236834,165,118.5,145.5,0.05,FALSE,FALSE,FALSE,FALSE,0.577481617647059,253,271,198
"emb_155",1.22232916132596,111,118.5,148,0.05,FALSE,FALSE,FALSE,FALSE,0.331327205882353,113,161,246
"emb_170",1.22664081094012,154,118.5,142,0,FALSE,FALSE,FALSE,FALSE,0.518154411764706,101,195,82
"emb_245",1.22311841115635,126,121,164,0.1,FALSE,FALSE,FALSE,FALSE,0.363889705882353,123,95,106
"emb_251",1.21634158921544,62,122,115.5,0.15,FALSE,FALSE,FALSE,FALSE,0.136040441176471,258,237,268
"emb_132",1.23169444781983,200,125,69.5,0.05,FALSE,FALSE,FALSE,FALSE,0.732647058823529,257,229,116
"emb_159",1.22654492864287,153,125,108,0.1,FALSE,FALSE,FALSE,FALSE,0.513716911764706,144,97,83
"emb_182",1.22712820872798,162,125,160.5,0.1,FALSE,FALSE,FALSE,FALSE,0.540393382352941,93,200,103
"emb_186",1.22237806763142,114,125,174,0.1,FALSE,FALSE,FALSE,FALSE,0.333349264705882,158,152,55
"emb_206",1.22982869898756,183,125,108,0.05,FALSE,FALSE,FALSE,FALSE,0.6581875,28,105,86
"emb_035",1.22210672258758,110,128.5,175,0.1,FALSE,FALSE,FALSE,FALSE,0.322511029411765,53,43,36
"emb_255",1.23229627241318,205,128.5,148,0,FALSE,FALSE,FALSE,FALSE,0.754838235294118,127,163,72
"emb_127",1.21291714293036,35,131,43,0.05,FALSE,FALSE,FALSE,FALSE,0.0709191176470588,152,109,168
"emb_193",1.23260059170168,208,131,121,0.05,FALSE,FALSE,FALSE,FALSE,0.765448529411765,68,110,85
"emb_194",1.22127682145614,98,131,90,0.05,FALSE,FALSE,FALSE,FALSE,0.289580882352941,166,118,54
"emb_047",1.2207883845461,92,134,88.5,0.15,FALSE,FALSE,FALSE,FALSE,0.271779411764706,255,232,114
"emb_183",1.2225699417547,121,134,202.5,0.2,FALSE,FALSE,FALSE,FALSE,0.341386029411765,107,167,185
"emb_211",1.21584776191094,58,134,39,0.05,FALSE,FALSE,FALSE,FALSE,0.124702205882353,187,205,178
"emb_163",1.2197754896952,82,136,95.5,0.1,FALSE,FALSE,FALSE,FALSE,0.235665441176471,137,69,110
"emb_254",1.22448246964818,138,137,27.5,0.05,FALSE,FALSE,FALSE,FALSE,0.421882352941176,102,122,142
"mean_word_len",1.22245311069122,117,138,137.5,0.05,FALSE,FALSE,FALSE,FALSE,0.336463235294118,29,82,90
"emb_153",1.22424060245396,135,139.5,189,0.15,FALSE,FALSE,FALSE,FALSE,0.411363970588235,231,270,239
"emb_209",1.22878853430092,174,139.5,153,0.15,FALSE,FALSE,FALSE,FALSE,0.613900735294118,71,159,154
"emb_013",1.22877584275485,173,141.5,158.5,0.1,FALSE,FALSE,FALSE,FALSE,0.613430147058823,179,166,241
"emb_216",1.20837152874299,14,141.5,25.5,0.05,FALSE,FALSE,TRUE,FALSE,0.0250367647058824,160,193,125
"emb_065",1.22898050942797,177,143.5,103.5,0.1,FALSE,FALSE,FALSE,FALSE,0.622323529411765,263,272,213
"emb_236",1.22389312241272,131,143.5,202.5,0.1,FALSE,FALSE,FALSE,FALSE,0.396389705882353,111,171,176
"emb_029",1.22434081629496,136,145.5,157,0.15,FALSE,FALSE,FALSE,FALSE,0.415680147058824,14,10,71
"emb_133",1.2186823580717,73,145.5,137.5,0.05,FALSE,FALSE,FALSE,FALSE,0.200077205882353,240,246,188
"emb_167",1.22245446477101,118,147,168,0.1,FALSE,FALSE,FALSE,FALSE,0.336511029411765,86,38,50
"emb_112",1.2094281473186,18,148.5,55.5,0,FALSE,FALSE,TRUE,FALSE,0.0328602941176471,154,101,133
"emb_235",1.20741657840431,11,148.5,33.5,0.05,FALSE,FALSE,TRUE,FALSE,0.0196470588235294,116,30,222
"emb_051",1.22138590111036,100,150,178.5,0,FALSE,FALSE,FALSE,FALSE,0.293823529411765,140,243,170
"emb_058",1.22592765742642,148,152,172.5,0.05,FALSE,FALSE,FALSE,FALSE,0.485819852941176,46,197,84
"emb_079",1.22101915248908,97,152,129,0.2,FALSE,FALSE,FALSE,FALSE,0.280099264705882,167,47,195
"emb_160",1.21416068800142,47,152,112,0.05,FALSE,FALSE,FALSE,FALSE,0.0909963235294118,75,32,97
"emb_135",1.23495046402138,221,154,186.5,0.05,FALSE,FALSE,FALSE,FALSE,0.83975,135,104,234
"emb_020",1.22808996390556,166,155,135.5,0.05,FALSE,FALSE,FALSE,FALSE,0.583584558823529,108,31,62
"emb_231",1.23106251338338,195,156,158.5,0.05,FALSE,FALSE,FALSE,FALSE,0.707779411764706,203,194,146
"emb_034",1.23000341248571,185,157,220.5,0,FALSE,FALSE,FALSE,FALSE,0.665455882352941,37,64,58
"emb_008",1.23224391146267,204,158,201,0.05,FALSE,FALSE,FALSE,FALSE,0.752893382352941,98,235,194
"emb_117",1.22694444365538,159,159.5,210.5,0.1,FALSE,FALSE,FALSE,FALSE,0.531863970588235,216,140,43
"emb_212",1.21245414293867,31,159.5,81.5,0,FALSE,FALSE,FALSE,FALSE,0.0645514705882353,173,177,123
"emb_075",1.22041263410576,91,162,102,0.05,FALSE,FALSE,FALSE,FALSE,0.258180147058824,47,168,157
"emb_150",1.2156766802895,54,162,124.5,0.1,FALSE,FALSE,FALSE,FALSE,0.120801470588235,114,61,113
"emb_191",1.22519816221219,141,162,218,0.05,FALSE,FALSE,FALSE,FALSE,0.453066176470588,201,262,257
"emb_242",1.22700542698962,160,164.5,148,0,FALSE,FALSE,FALSE,FALSE,0.534731617647059,209,112,66
"emb_252",1.22199179370265,107,164.5,167,0,FALSE,FALSE,FALSE,FALSE,0.317963235294118,254,269,272
"rate_newline",1.22641508440596,151,166.5,183,0.15,FALSE,FALSE,FALSE,FALSE,0.507889705882353,92,42,35
"emb_015",1.21993764413053,86,166.5,176,0.05,FALSE,FALSE,FALSE,FALSE,0.241047794117647,20,20,11
"emb_062",1.23072746574569,190,168.5,212.5,0,FALSE,FALSE,FALSE,FALSE,0.69475,245,253,130
"emb_204",1.22748088043133,163,168.5,133,0.05,FALSE,FALSE,FALSE,FALSE,0.556139705882353,252,263,187
"emb_006",1.22809766299805,167,170.5,195,0.1,FALSE,FALSE,FALSE,FALSE,0.584,9,11,64
"emb_217",1.23292123056958,211,170.5,184.5,0.05,FALSE,FALSE,FALSE,FALSE,0.776636029411765,67,63,78
"emb_092",1.2308182581408,192,172.5,192.5,0.1,FALSE,FALSE,FALSE,FALSE,0.698213235294118,232,83,48
"emb_234",1.23809176779793,243,172.5,100,0,FALSE,FALSE,FALSE,FALSE,0.912349264705882,261,251,92
"emb_070",1.22555419551071,145,174.5,205.5,0.05,FALSE,FALSE,FALSE,FALSE,0.46875,182,234,206
"emb_249",1.2371811918657,236,174.5,112,0,FALSE,FALSE,FALSE,FALSE,0.894378676470588,106,144,164
"emb_063",1.22572105457656,146,176.5,231,0.05,FALSE,FALSE,FALSE,FALSE,0.476540441176471,52,138,171
"emb_101",1.21464553466747,50,176.5,62.5,0.2,FALSE,FALSE,FALSE,FALSE,0.0998235294117647,259,245,69
"emb_218",1.22181558277356,105,178,177,0.05,FALSE,FALSE,FALSE,FALSE,0.310669117647059,103,148,236
"emb_156",1.21825114451292,72,179,153,0.05,FALSE,FALSE,FALSE,FALSE,0.187036764705882,73,121,219
"emb_180",1.22998870325586,184,180.5,239.5,0.05,FALSE,FALSE,FALSE,FALSE,0.664808823529412,238,252,235
"emb_244",1.23229984600464,206,180.5,192.5,0.05,FALSE,FALSE,FALSE,FALSE,0.754963235294118,124,227,197
"emb_154",1.22885131041379,176,182.5,217,0.05,FALSE,FALSE,FALSE,FALSE,0.616588235294118,122,174,245
"emb_169",1.22152761529486,102,182.5,192.5,0.15,FALSE,FALSE,FALSE,FALSE,0.299341911764706,74,130,182
"emb_023",1.22577131845763,147,185,197,0.1,FALSE,FALSE,FALSE,FALSE,0.478709558823529,226,55,217
"emb_165",1.24028671033521,251,185,230,0.1,FALSE,FALSE,FALSE,FALSE,0.945433823529412,260,268,124
"emb_243",1.22932859894202,179,185,210.5,0,FALSE,FALSE,FALSE,FALSE,0.637330882352941,189,127,260
"emb_011",1.23231496481015,207,187,72.5,0.1,FALSE,FALSE,FALSE,FALSE,0.755459558823529,49,25,99
"emb_052",1.23730819001772,238,189,164,0,FALSE,FALSE,FALSE,FALSE,0.8970625,256,215,202
"emb_195",1.222359155731,113,189,205.5,0,FALSE,FALSE,FALSE,FALSE,0.332573529411765,165,238,226
"emb_205",1.2345657853319,218,189,199.5,0.1,FALSE,FALSE,FALSE,FALSE,0.828863970588235,214,98,210
"emb_114",1.23168483705747,199,191,112,0.05,FALSE,FALSE,FALSE,FALSE,0.732330882352941,87,120,207
"emb_126",1.22932930193064,180,192,208,0.05,FALSE,FALSE,FALSE,FALSE,0.637371323529412,229,265,232
"emb_072",1.23332459909257,214,193.5,186.5,0.1,FALSE,FALSE,FALSE,FALSE,0.790231617647059,212,247,218
"emb_102",1.22676283126917,157,193.5,209,0,FALSE,FALSE,FALSE,FALSE,0.523761029411765,272,255,220
"emb_055",1.22280366316259,125,195.5,169,0.05,FALSE,FALSE,FALSE,FALSE,0.350974264705882,164,77,143
"emb_085",1.2301140475838,187,195.5,250,0.05,FALSE,FALSE,FALSE,FALSE,0.670099264705882,19,123,42
"emb_229",1.22974198720298,182,197,246.5,0,FALSE,FALSE,FALSE,FALSE,0.654731617647059,84,81,190
"emb_061",1.21173122127555,29,198,67.5,0,FALSE,FALSE,FALSE,FALSE,0.0554191176470588,112,51,231
"emb_108",1.21599526569342,60,199.5,135.5,0.05,FALSE,FALSE,FALSE,FALSE,0.128069852941176,44,44,183
"emb_253",1.23101958786033,194,199.5,237.5,0.05,FALSE,FALSE,FALSE,FALSE,0.706069852941177,89,210,53
"emb_082",1.23892977343289,247,201.5,226,0,FALSE,FALSE,FALSE,FALSE,0.926566176470588,162,143,118
"emb_224",1.23089021048533,193,201.5,170.5,0,FALSE,FALSE,FALSE,FALSE,0.701202205882353,91,59,119
"emb_227",1.23809480569258,244,203,204,0.1,FALSE,FALSE,FALSE,FALSE,0.912419117647059,62,134,238
"emb_176",1.22276857020055,124,204.5,207,0.05,FALSE,FALSE,FALSE,FALSE,0.349591911764706,139,187,174
"emb_237",1.23172143548435,201,204.5,212.5,0.05,FALSE,FALSE,FALSE,FALSE,0.733709558823529,186,220,112
"emb_124",1.23521450264373,225,206,222,0,FALSE,FALSE,FALSE,FALSE,0.846963235294118,23,73,149
"emb_111",1.2378669647431,239,207.5,223,0.1,FALSE,FALSE,FALSE,FALSE,0.908268382352941,241,150,141
"emb_118",1.23214018635775,203,207.5,155.5,0.1,FALSE,FALSE,FALSE,FALSE,0.749113970588235,205,176,163
"emb_099",1.24020116670374,250,209.5,225,0.1,FALSE,FALSE,FALSE,FALSE,0.944455882352941,181,186,89
"emb_142",1.21413765530683,45,209.5,95.5,0.05,FALSE,FALSE,FALSE,FALSE,0.0906213235294118,35,36,147
"emb_024",1.23507348319231,223,212,224,0.05,FALSE,FALSE,FALSE,FALSE,0.843161764705882,219,164,181
"emb_232",1.22395101766089,132,212,199.5,0.05,FALSE,FALSE,FALSE,FALSE,0.398823529411765,54,45,156
"emb_233",1.23605852590995,230,212,229,0,FALSE,FALSE,FALSE,FALSE,0.868661764705882,82,206,225
"emb_123",1.22881754696125,175,214,253,0,FALSE,FALSE,FALSE,FALSE,0.615169117647059,146,155,159
"emb_050",1.22022445249055,90,215,139.5,0,FALSE,FALSE,FALSE,FALSE,0.251198529411765,169,103,263
"emb_196",1.22553654346626,144,216.5,184.5,0.05,FALSE,FALSE,FALSE,FALSE,0.467948529411765,234,214,144
"emb_219",1.23046798759949,189,216.5,254,0,FALSE,FALSE,FALSE,FALSE,0.684709558823529,199,146,201
"emb_071",1.23628651154286,231,218.5,190,0,FALSE,FALSE,FALSE,FALSE,0.874327205882353,269,223,148
"emb_074",1.22853129935543,171,218.5,244.5,0.05,FALSE,FALSE,FALSE,FALSE,0.602860294117647,202,254,136
"emb_129",1.2267355944889,156,220,188,0,FALSE,FALSE,FALSE,FALSE,0.522488970588235,145,115,80
"emb_131",1.23274814235894,209,221,235,0,FALSE,FALSE,FALSE,FALSE,0.770650735294118,266,256,179
"emb_003",1.23464615116508,220,223,150.5,0.05,FALSE,FALSE,FALSE,FALSE,0.831150735294118,17,35,76
"emb_038",1.22145613712917,101,223,164,0.05,FALSE,FALSE,FALSE,FALSE,0.296382352941176,65,68,244
"emb_048",1.22821530545868,169,223,130.5,0.1,FALSE,FALSE,FALSE,FALSE,0.589125,210,179,249
"emb_039",1.21570229251339,55,225.5,127,0.15,FALSE,FALSE,FALSE,FALSE,0.1214375,56,75,160
"emb_045",1.23848399136328,245,225.5,220.5,0.05,FALSE,FALSE,FALSE,FALSE,0.919242647058824,267,259,270
"emb_018",1.23723158008401,237,227,219,0.05,FALSE,FALSE,FALSE,FALSE,0.895393382352941,191,142,230
"emb_208",1.23463371906129,219,228,239.5,0,FALSE,FALSE,FALSE,FALSE,0.830834558823529,76,92,250
"emb_090",1.23131580830075,197,229,257,0,FALSE,FALSE,FALSE,FALSE,0.718044117647059,220,124,254
"emb_022",1.23137685403455,198,230.5,228,0.15,FALSE,FALSE,FALSE,FALSE,0.720279411764706,222,106,240
"emb_164",1.23535944939147,226,230.5,248,0.1,FALSE,FALSE,FALSE,FALSE,0.850871323529412,130,100,127
"emb_220",1.23908321835429,249,232,127,0,FALSE,FALSE,FALSE,FALSE,0.928930147058823,72,57,208
"emb_076",1.22167766519497,104,233,197,0.05,FALSE,FALSE,FALSE,FALSE,0.305301470588235,58,78,211
"emb_083",1.240667308064,253,234.5,251,0.05,FALSE,FALSE,FALSE,FALSE,0.95,128,180,100
"emb_096",1.24421793158492,266,234.5,227,0.05,FALSE,FALSE,FALSE,FALSE,0.980275735294118,239,226,189
"emb_093",1.23398884860328,216,236,258.5,0,FALSE,FALSE,FALSE,FALSE,0.811356617647059,59,89,115
"emb_037",1.23561135853332,227,237.5,241,0,FALSE,FALSE,FALSE,FALSE,0.857426470588235,251,222,117
"emb_116",1.23131569817683,196,237.5,215,0.05,FALSE,FALSE,FALSE,FALSE,0.718044117647059,79,221,253
"emb_007",1.23309249572811,213,239,232,0.05,FALSE,FALSE,FALSE,FALSE,0.782485294117647,136,72,186
"emb_088",1.23636977784092,232,240,236,0.05,FALSE,FALSE,FALSE,FALSE,0.876294117647059,55,116,229
"emb_185",1.24173426073697,258,241,249,0.05,FALSE,FALSE,FALSE,FALSE,0.961683823529412,63,74,256
"emb_054",1.23800951236089,242,242,215,0,FALSE,FALSE,FALSE,FALSE,0.910893382352941,217,203,264
"emb_064",1.23789698834551,240,243.5,258.5,0.1,FALSE,FALSE,FALSE,FALSE,0.908816176470588,223,165,269
"emb_094",1.23653223670302,234,243.5,261,0.1,FALSE,FALSE,FALSE,FALSE,0.880099264705882,157,102,252
"emb_004",1.24341143834138,265,246,95.5,0.05,FALSE,FALSE,FALSE,FALSE,0.9754375,3,4,15
"emb_017",1.23589801027425,229,246,244.5,0,FALSE,FALSE,FALSE,FALSE,0.864544117647059,208,228,227
"emb_188",1.24297711136358,262,246,269,0.05,FALSE,FALSE,FALSE,FALSE,0.972389705882353,218,224,261
"emb_078",1.23668722898835,235,248.5,252,0,FALSE,FALSE,FALSE,FALSE,0.8834375,155,139,255
"emb_197",1.21363374353425,39,248.5,92,0.1,FALSE,FALSE,FALSE,FALSE,0.0820992647058824,230,156,158
"emb_198",1.23512199233446,224,250,256,0,FALSE,FALSE,FALSE,FALSE,0.844470588235294,183,236,199
"emb_120",1.2379372098557,241,252,197,0.1,FALSE,FALSE,FALSE,FALSE,0.909558823529412,95,154,128
"emb_145",1.23425052915721,217,252,237.5,0.1,FALSE,FALSE,FALSE,FALSE,0.819283088235294,213,267,262
"emb_241",1.23581011849771,228,252,268,0,FALSE,FALSE,FALSE,FALSE,0.862349264705882,118,133,251
"emb_173",1.2388530983234,246,254.5,264.5,0.05,FALSE,FALSE,FALSE,FALSE,0.925235294117647,228,217,258
"emb_239",1.24133912868131,257,254.5,243,0.15,FALSE,FALSE,FALSE,FALSE,0.957558823529412,22,62,126
"emb_214",1.24205082227496,259,256,262,0.05,FALSE,FALSE,FALSE,FALSE,0.964698529411765,237,196,145
"emb_089",1.23289175505996,210,257,255,0.05,FALSE,FALSE,FALSE,FALSE,0.775643382352941,250,211,204
"emb_119",1.24928948932644,272,258,263,0.1,FALSE,FALSE,FALSE,FALSE,0.995856617647059,39,85,169
"rate_upper",1.24105354702077,256,259.5,234,0.15,FALSE,FALSE,FALSE,FALSE,0.954411764705882,2,1,25
"emb_069",1.23894009288348,248,259.5,160.5,0.1,FALSE,FALSE,FALSE,FALSE,0.926720588235294,268,191,56
"emb_122",1.24837080592648,271,261.5,270,0,FALSE,FALSE,FALSE,FALSE,0.994404411764706,172,141,196
"emb_179",1.24058965300478,252,261.5,264.5,0.15,FALSE,FALSE,FALSE,FALSE,0.949121323529412,196,158,266
"emb_016",1.24297402198757,261,263,246.5,0.05,FALSE,FALSE,FALSE,FALSE,0.972371323529412,132,126,79
"emb_019",1.24089730893919,255,264.5,242,0.05,FALSE,FALSE,FALSE,FALSE,0.952716911764706,207,192,242
"emb_190",1.24313683898348,264,264.5,233,0.1,FALSE,FALSE,FALSE,FALSE,0.9735,77,48,223
"rate_punct",1.24810869353132,270,266.5,178.5,0.1,FALSE,FALSE,FALSE,FALSE,0.993882352941176,13,12,137
"emb_110",1.24436348292534,267,266.5,267,0.05,FALSE,FALSE,FALSE,FALSE,0.981136029411765,99,225,259
"emb_187",1.24205532890558,260,268,215,0.05,FALSE,FALSE,FALSE,FALSE,0.964738970588235,69,147,94
"byte_entropy",1.2430395623575,263,269,260,0.1,FALSE,FALSE,FALSE,FALSE,0.972838235294118,1,2,6
"emb_033",1.23642651036556,233,270,271,0,FALSE,FALSE,FALSE,FALSE,0.877654411764706,12,9,33
"emb_030",1.24515598394853,268,271,272,0.1,FALSE,FALSE,FALSE,FALSE,0.984875,88,60,95
"emb_109",1.24687118244229,269,272,266,0,FALSE,FALSE,FALSE,FALSE,0.991117647058824,161,132,109
