"n","rep","a","alpha","two_nah","agg_worst","sel_worst","agg_hits","sel_hits","comp_worst"
1000,1,0.15,0.354813389233575,125.892541179417,144,154,1,1,126
1000,1,0.2,0.251188643150958,89.1250938133745,83,123,1,1,126
1000,1,0.25,0.177827941003892,63.0957344480193,87,62,1,1,126
1000,1,0.3,0.125892541179417,44.6683592150963,72,64,1,1,126
1000,1,0.35,0.0891250938133746,31.6227766016838,90,111,1,1,126
1000,1,0.4,0.0630957344480193,22.3872113856834,100,114,1,1,126
1000,2,0.15,0.354813389233575,125.892541179417,8,57,2,1,4
1000,2,0.2,0.251188643150958,89.1250938133745,8,5,2,2,4
1000,2,0.25,0.177827941003892,63.0957344480193,8,8,2,2,4
1000,2,0.3,0.125892541179417,44.6683592150963,12,7,1,2,4
1000,2,0.35,0.0891250938133746,31.6227766016838,11,21,1,1,4
1000,2,0.4,0.0630957344480193,22.3872113856834,14,8,1,2,4
1000,3,0.15,0.354813389233575,125.892541179417,35,36,1,1,60
1000,3,0.2,0.251188643150958,89.1250938133745,5,16,2,1,60
1000,3,0.25,0.177827941003892,63.0957344480193,5,3,2,2,60
1000,3,0.3,0.125892541179417,44.6683592150963,5,9,2,2,60
1000,3,0.35,0.0891250938133746,31.6227766016838,25,29,1,1,60
1000,3,0.4,0.0630957344480193,22.3872113856834,67,133,1,1,60
1000,4,0.15,0.354813389233575,125.892541179417,35,16,1,1,3
1000,4,0.2,0.251188643150958,89.1250938133745,35,17,1,1,3
1000,4,0.25,0.177827941003892,63.0957344480193,51,22,1,1,3
1000,4,0.3,0.125892541179417,44.6683592150963,60,98,1,1,3
1000,4,0.35,0.0891250938133746,31.6227766016838,22,116,1,1,3
1000,4,0.4,0.0630957344480193,22.3872113856834,5,9,2,2,3
1000,5,0.15,0.354813389233575,125.892541179417,4,3,2,2,5
1000,5,0.2,0.251188643150958,89.1250938133745,7,17,2,1,5
1000,5,0.25,0.177827941003892,63.0957344480193,31,12,1,1,5
1000,5,0.3,0.125892541179417,44.6683592150963,43,75,1,1,5
1000,5,0.35,0.0891250938133746,31.6227766016838,66,178,1,1,5
1000,5,0.4,0.0630957344480193,22.3872113856834,64,20,1,1,5
1000,6,0.15,0.354813389233575,125.892541179417,3,8,2,2,20
1000,6,0.2,0.251188643150958,89.1250938133745,25,26,1,1,20
1000,6,0.25,0.177827941003892,63.0957344480193,19,73,1,1,20
1000,6,0.3,0.125892541179417,44.6683592150963,22,7,1,2,20
1000,6,0.35,0.0891250938133746,31.6227766016838,21,139,1,1,20
1000,6,0.4,0.0630957344480193,22.3872113856834,24,87,1,1,20
1000,7,0.15,0.354813389233575,125.892541179417,21,23,1,1,3
1000,7,0.2,0.251188643150958,89.1250938133745,6,9,2,2,3
1000,7,0.25,0.177827941003892,63.0957344480193,6,5,2,2,3
1000,7,0.3,0.125892541179417,44.6683592150963,6,21,2,1,3
1000,7,0.35,0.0891250938133746,31.6227766016838,25,31,1,1,3
1000,7,0.4,0.0630957344480193,22.3872113856834,32,15,1,1,3
1000,8,0.15,0.354813389233575,125.892541179417,39,16,1,1,4
1000,8,0.2,0.251188643150958,89.1250938133745,44,152,1,1,4
1000,8,0.25,0.177827941003892,63.0957344480193,232,251,1,1,4
1000,8,0.3,0.125892541179417,44.6683592150963,71,154,1,1,4
1000,8,0.35,0.0891250938133746,31.6227766016838,29,41,1,1,4
1000,8,0.4,0.0630957344480193,22.3872113856834,7,11,2,1,4
1000,9,0.15,0.354813389233575,125.892541179417,7,5,2,2,3
1000,9,0.2,0.251188643150958,89.1250938133745,4,26,2,1,3
1000,9,0.25,0.177827941003892,63.0957344480193,4,3,2,2,3
1000,9,0.3,0.125892541179417,44.6683592150963,3,3,2,2,3
1000,9,0.35,0.0891250938133746,31.6227766016838,4,3,2,2,3
1000,9,0.4,0.0630957344480193,22.3872113856834,8,24,2,1,3
1000,10,0.15,0.354813389233575,125.892541179417,140,137,1,1,40
1000,10,0.2,0.251188643150958,89.1250938133745,8,142,2,1,40
1000,10,0.25,0.177827941003892,63.0957344480193,8,4,2,2,40
1000,10,0.3,0.125892541179417,44.6683592150963,11,58,1,1,40
1000,10,0.35,0.0891250938133746,31.6227766016838,102,249,1,1,40
1000,10,0.4,0.0630957344480193,22.3872113856834,261,262,1,1,40
1000,11,0.15,0.354813389233575,125.892541179417,157,232,1,1,114
1000,11,0.2,0.251188643150958,89.1250938133745,97,237,1,1,114
1000,11,0.25,0.177827941003892,63.0957344480193,117,59,1,1,114
1000,11,0.3,0.125892541179417,44.6683592150963,143,196,1,1,114
1000,11,0.35,0.0891250938133746,31.6227766016838,193,252,1,1,114
1000,11,0.4,0.0630957344480193,22.3872113856834,170,88,1,1,114
1000,12,0.15,0.354813389233575,125.892541179417,91,125,1,1,32
1000,12,0.2,0.251188643150958,89.1250938133745,11,68,1,1,32
1000,12,0.25,0.177827941003892,63.0957344480193,10,7,2,2,32
1000,12,0.3,0.125892541179417,44.6683592150963,10,41,2,1,32
1000,12,0.35,0.0891250938133746,31.6227766016838,42,179,1,1,32
1000,12,0.4,0.0630957344480193,22.3872113856834,64,249,1,1,32
1000,13,0.15,0.354813389233575,125.892541179417,16,7,1,2,2
1000,13,0.2,0.251188643150958,89.1250938133745,13,10,1,2,2
1000,13,0.25,0.177827941003892,63.0957344480193,17,9,1,2,2
1000,13,0.3,0.125892541179417,44.6683592150963,4,27,2,1,2
1000,13,0.35,0.0891250938133746,31.6227766016838,2,3,2,2,2
1000,13,0.4,0.0630957344480193,22.3872113856834,2,2,2,2,2
1000,14,0.15,0.354813389233575,125.892541179417,200,184,1,1,6
1000,14,0.2,0.251188643150958,89.1250938133745,103,184,1,1,6
1000,14,0.25,0.177827941003892,63.0957344480193,16,38,1,1,6
1000,14,0.3,0.125892541179417,44.6683592150963,18,6,1,2,6
1000,14,0.35,0.0891250938133746,31.6227766016838,22,41,1,1,6
1000,14,0.4,0.0630957344480193,22.3872113856834,44,261,1,1,6
1000,15,0.15,0.354813389233575,125.892541179417,6,30,2,1,5
1000,15,0.2,0.251188643150958,89.1250938133745,3,5,2,2,5
1000,15,0.25,0.177827941003892,63.0957344480193,4,3,2,2,5
1000,15,0.3,0.125892541179417,44.6683592150963,7,41,2,1,5
1000,15,0.35,0.0891250938133746,31.6227766016838,58,67,1,1,5
1000,15,0.4,0.0630957344480193,22.3872113856834,135,60,1,1,5
1000,16,0.15,0.354813389233575,125.892541179417,63,38,1,1,16
1000,16,0.2,0.251188643150958,89.1250938133745,39,143,1,1,16
1000,16,0.25,0.177827941003892,63.0957344480193,43,42,1,1,16
1000,16,0.3,0.125892541179417,44.6683592150963,3,33,2,1,16
1000,16,0.35,0.0891250938133746,31.6227766016838,3,3,2,2,16
1000,16,0.4,0.0630957344480193,22.3872113856834,5,3,2,2,16
1000,17,0.15,0.354813389233575,125.892541179417,39,56,1,1,4
1000,17,0.2,0.251188643150958,89.1250938133745,5,17,2,1,4
1000,17,0.25,0.177827941003892,63.0957344480193,3,3,2,2,4
1000,17,0.3,0.125892541179417,44.6683592150963,4,5,2,2,4
1000,17,0.35,0.0891250938133746,31.6227766016838,7,78,2,1,4
1000,17,0.4,0.0630957344480193,22.3872113856834,18,32,1,1,4
1000,18,0.15,0.354813389233575,125.892541179417,71,43,1,1,22
1000,18,0.2,0.251188643150958,89.1250938133745,6,166,2,1,22
1000,18,0.25,0.177827941003892,63.0957344480193,4,3,2,2,22
1000,18,0.3,0.125892541179417,44.6683592150963,4,7,2,2,22
1000,18,0.35,0.0891250938133746,31.6227766016838,3,10,2,2,22
1000,18,0.4,0.0630957344480193,22.3872113856834,4,2,2,2,22
1000,19,0.15,0.354813389233575,125.892541179417,58,68,1,1,4
1000,19,0.2,0.251188643150958,89.1250938133745,7,31,2,1,4
1000,19,0.25,0.177827941003892,63.0957344480193,3,4,2,2,4
1000,19,0.3,0.125892541179417,44.6683592150963,3,3,2,2,4
1000,19,0.35,0.0891250938133746,31.6227766016838,4,7,2,2,4
1000,19,0.4,0.0630957344480193,22.3872113856834,15,119,1,1,4
1000,20,0.15,0.354813389233575,125.892541179417,75,45,1,1,49
1000,20,0.2,0.251188643150958,89.1250938133745,37,239,1,1,49
1000,20,0.25,0.177827941003892,63.0957344480193,35,13,1,1,49
1000,20,0.3,0.125892541179417,44.6683592150963,32,24,1,1,49
1000,20,0.35,0.0891250938133746,31.6227766016838,53,214,1,1,49
1000,20,0.4,0.0630957344480193,22.3872113856834,243,232,1,1,49
2000,1,0.15,0.319775731187276,204.513036512715,16,88,1,1,3
2000,1,0.2,0.218672414788656,139.85226265906,14,8,1,2,3
2000,1,0.25,0.149534878122122,95.6352499790037,13,22,1,1,3
2000,1,0.3,0.102256518256357,65.3983057881835,51,49,1,1,3
2000,1,0.35,0.0699261313295298,44.7213595499958,36,128,1,1,3
2000,1,0.4,0.0478176249895018,30.5818319893139,13,19,1,1,3
2000,2,0.15,0.319775731187276,204.513036512715,53,163,1,1,4
2000,2,0.2,0.218672414788656,139.85226265906,6,38,2,1,4
2000,2,0.25,0.149534878122122,95.6352499790037,7,4,2,2,4
2000,2,0.3,0.102256518256357,65.3983057881835,5,5,2,2,4
2000,2,0.35,0.0699261313295298,44.7213595499958,8,116,2,1,4
2000,2,0.4,0.0478176249895018,30.5818319893139,154,212,1,1,4
2000,3,0.15,0.319775731187276,204.513036512715,3,3,2,2,3
2000,3,0.2,0.218672414788656,139.85226265906,3,3,2,2,3
2000,3,0.25,0.149534878122122,95.6352499790037,3,3,2,2,3
2000,3,0.3,0.102256518256357,65.3983057881835,3,3,2,2,3
2000,3,0.35,0.0699261313295298,44.7213595499958,3,3,2,2,3
2000,3,0.4,0.0478176249895018,30.5818319893139,3,5,2,2,3
2000,4,0.15,0.319775731187276,204.513036512715,18,33,1,1,3
2000,4,0.2,0.218672414788656,139.85226265906,20,12,1,1,3
2000,4,0.25,0.149534878122122,95.6352499790037,25,20,1,1,3
2000,4,0.3,0.102256518256357,65.3983057881835,45,54,1,1,3
2000,4,0.35,0.0699261313295298,44.7213595499958,28,41,1,1,3
2000,4,0.4,0.0478176249895018,30.5818319893139,28,32,1,1,3
2000,5,0.15,0.319775731187276,204.513036512715,33,71,1,1,3
2000,5,0.2,0.218672414788656,139.85226265906,21,25,1,1,3
2000,5,0.25,0.149534878122122,95.6352499790037,14,20,1,1,3
2000,5,0.3,0.102256518256357,65.3983057881835,4,9,2,2,3
2000,5,0.35,0.0699261313295298,44.7213595499958,3,3,2,2,3
2000,5,0.4,0.0478176249895018,30.5818319893139,3,3,2,2,3
2000,6,0.15,0.319775731187276,204.513036512715,40,27,1,1,9
2000,6,0.2,0.218672414788656,139.85226265906,81,64,1,1,9
2000,6,0.25,0.149534878122122,95.6352499790037,56,139,1,1,9
2000,6,0.3,0.102256518256357,65.3983057881835,55,45,1,1,9
2000,6,0.35,0.0699261313295298,44.7213595499958,7,66,2,1,9
2000,6,0.4,0.0478176249895018,30.5818319893139,3,3,2,2,9
2000,7,0.15,0.319775731187276,204.513036512715,3,3,2,2,3
2000,7,0.2,0.218672414788656,139.85226265906,3,3,2,2,3
2000,7,0.25,0.149534878122122,95.6352499790037,3,3,2,2,3
2000,7,0.3,0.102256518256357,65.3983057881835,3,3,2,2,3
2000,7,0.35,0.0699261313295298,44.7213595499958,3,3,2,2,3
2000,7,0.4,0.0478176249895018,30.5818319893139,3,3,2,2,3
2000,8,0.15,0.319775731187276,204.513036512715,3,3,2,2,3
2000,8,0.2,0.218672414788656,139.85226265906,3,18,2,1,3
2000,8,0.25,0.149534878122122,95.6352499790037,4,3,2,2,3
2000,8,0.3,0.102256518256357,65.3983057881835,5,76,2,1,3
2000,8,0.35,0.0699261313295298,44.7213595499958,5,17,2,1,3
2000,8,0.4,0.0478176249895018,30.5818319893139,3,3,2,2,3
2000,9,0.15,0.319775731187276,204.513036512715,6,182,2,1,2
2000,9,0.2,0.218672414788656,139.85226265906,3,3,2,2,2
2000,9,0.25,0.149534878122122,95.6352499790037,3,3,2,2,2
2000,9,0.3,0.102256518256357,65.3983057881835,3,4,2,2,2
2000,9,0.35,0.0699261313295298,44.7213595499958,3,36,2,1,2
2000,9,0.4,0.0478176249895018,30.5818319893139,4,3,2,2,2
2000,10,0.15,0.319775731187276,204.513036512715,5,3,2,2,3
2000,10,0.2,0.218672414788656,139.85226265906,5,6,2,2,3
2000,10,0.25,0.149534878122122,95.6352499790037,4,27,2,1,3
2000,10,0.3,0.102256518256357,65.3983057881835,5,3,2,2,3
2000,10,0.35,0.0699261313295298,44.7213595499958,4,27,2,1,3
2000,10,0.4,0.0478176249895018,30.5818319893139,68,220,1,1,3
2000,11,0.15,0.319775731187276,204.513036512715,6,85,2,1,7
2000,11,0.2,0.218672414788656,139.85226265906,6,3,2,2,7
2000,11,0.25,0.149534878122122,95.6352499790037,8,86,2,1,7
2000,11,0.3,0.102256518256357,65.3983057881835,18,66,1,1,7
2000,11,0.35,0.0699261313295298,44.7213595499958,11,5,1,2,7
2000,11,0.4,0.0478176249895018,30.5818319893139,7,10,2,2,7
2000,12,0.15,0.319775731187276,204.513036512715,16,6,1,2,5
2000,12,0.2,0.218672414788656,139.85226265906,19,64,1,1,5
2000,12,0.25,0.149534878122122,95.6352499790037,62,69,1,1,5
2000,12,0.3,0.102256518256357,65.3983057881835,25,86,1,1,5
2000,12,0.35,0.0699261313295298,44.7213595499958,4,11,2,1,5
2000,12,0.4,0.0478176249895018,30.5818319893139,4,4,2,2,5
2000,13,0.15,0.319775731187276,204.513036512715,165,147,1,1,10
2000,13,0.2,0.218672414788656,139.85226265906,12,106,1,1,10
2000,13,0.25,0.149534878122122,95.6352499790037,8,5,2,2,10
2000,13,0.3,0.102256518256357,65.3983057881835,8,9,2,2,10
2000,13,0.35,0.0699261313295298,44.7213595499958,20,34,1,1,10
2000,13,0.4,0.0478176249895018,30.5818319893139,87,49,1,1,10
2000,14,0.15,0.319775731187276,204.513036512715,20,12,1,1,4
2000,14,0.2,0.218672414788656,139.85226265906,25,25,1,1,4
2000,14,0.25,0.149534878122122,95.6352499790037,68,23,1,1,4
2000,14,0.3,0.102256518256357,65.3983057881835,17,80,1,1,4
2000,14,0.35,0.0699261313295298,44.7213595499958,16,6,1,2,4
2000,14,0.4,0.0478176249895018,30.5818319893139,16,57,1,1,4
2000,15,0.15,0.319775731187276,204.513036512715,3,5,2,2,3
2000,15,0.2,0.218672414788656,139.85226265906,3,3,2,2,3
2000,15,0.25,0.149534878122122,95.6352499790037,3,3,2,2,3
2000,15,0.3,0.102256518256357,65.3983057881835,3,3,2,2,3
2000,15,0.35,0.0699261313295298,44.7213595499958,5,15,2,1,3
2000,15,0.4,0.0478176249895018,30.5818319893139,27,53,1,1,3
2000,16,0.15,0.319775731187276,204.513036512715,6,51,2,1,9
2000,16,0.2,0.218672414788656,139.85226265906,7,5,2,2,9
2000,16,0.25,0.149534878122122,95.6352499790037,9,10,2,2,9
2000,16,0.3,0.102256518256357,65.3983057881835,3,66,2,1,9
2000,16,0.35,0.0699261313295298,44.7213595499958,6,5,2,2,9
2000,16,0.4,0.0478176249895018,30.5818319893139,9,38,2,1,9
2000,17,0.15,0.319775731187276,204.513036512715,11,6,1,2,12
2000,17,0.2,0.218672414788656,139.85226265906,8,6,2,2,12
2000,17,0.25,0.149534878122122,95.6352499790037,9,7,2,2,12
2000,17,0.3,0.102256518256357,65.3983057881835,12,7,1,2,12
2000,17,0.35,0.0699261313295298,44.7213595499958,20,29,1,1,12
2000,17,0.4,0.0478176249895018,30.5818319893139,22,40,1,1,12
2000,18,0.15,0.319775731187276,204.513036512715,6,10,2,2,3
2000,18,0.2,0.218672414788656,139.85226265906,25,100,1,1,3
2000,18,0.25,0.149534878122122,95.6352499790037,7,30,2,1,3
2000,18,0.3,0.102256518256357,65.3983057881835,8,4,2,2,3
2000,18,0.35,0.0699261313295298,44.7213595499958,5,17,2,1,3
2000,18,0.4,0.0478176249895018,30.5818319893139,9,6,2,2,3
2000,19,0.15,0.319775731187276,204.513036512715,6,7,2,2,12
2000,19,0.2,0.218672414788656,139.85226265906,9,93,2,1,12
2000,19,0.25,0.149534878122122,95.6352499790037,60,76,1,1,12
2000,19,0.3,0.102256518256357,65.3983057881835,65,38,1,1,12
2000,19,0.35,0.0699261313295298,44.7213595499958,74,73,1,1,12
2000,19,0.4,0.0478176249895018,30.5818319893139,49,98,1,1,12
2000,20,0.15,0.319775731187276,204.513036512715,6,7,2,2,3
2000,20,0.2,0.218672414788656,139.85226265906,4,5,2,2,3
2000,20,0.25,0.149534878122122,95.6352499790037,3,3,2,2,3
2000,20,0.3,0.102256518256357,65.3983057881835,3,3,2,2,3
2000,20,0.35,0.0699261313295298,44.7213595499958,2,2,2,2,3
2000,20,0.4,0.0478176249895018,30.5818319893139,2,2,2,2,3
5000,1,0.15,0.278711250170447,388.399804857867,6,3,2,2,3
5000,1,0.2,0.182056420302608,253.705862520481,3,8,2,2,3
5000,1,0.25,0.118920711500272,165.722700866999,3,3,2,2,3
5000,1,0.3,0.0776799609715734,108.251395177894,3,3,2,2,3
5000,1,0.35,0.0507411725040962,70.7106781186548,5,7,2,2,3
5000,1,0.4,0.0331445401733999,46.1887811402644,17,6,1,2,3
5000,2,0.15,0.278711250170447,388.399804857867,12,11,1,1,3
5000,2,0.2,0.182056420302608,253.705862520481,15,60,1,1,3
5000,2,0.25,0.118920711500272,165.722700866999,6,28,2,1,3
5000,2,0.3,0.0776799609715734,108.251395177894,3,5,2,2,3
5000,2,0.35,0.0507411725040962,70.7106781186548,3,4,2,2,3
5000,2,0.4,0.0331445401733999,46.1887811402644,2,2,2,2,3
5000,3,0.15,0.278711250170447,388.399804857867,4,3,2,2,3
5000,3,0.2,0.182056420302608,253.705862520481,3,4,2,2,3
5000,3,0.25,0.118920711500272,165.722700866999,3,3,2,2,3
5000,3,0.3,0.0776799609715734,108.251395177894,3,3,2,2,3
5000,3,0.35,0.0507411725040962,70.7106781186548,3,3,2,2,3
5000,3,0.4,0.0331445401733999,46.1887811402644,2,3,2,2,3
5000,4,0.15,0.278711250170447,388.399804857867,12,8,1,2,36
5000,4,0.2,0.182056420302608,253.705862520481,12,11,1,1,36
5000,4,0.25,0.118920711500272,165.722700866999,18,22,1,1,36
5000,4,0.3,0.0776799609715734,108.251395177894,36,35,1,1,36
5000,4,0.35,0.0507411725040962,70.7106781186548,14,98,1,1,36
5000,4,0.4,0.0331445401733999,46.1887811402644,7,8,2,2,36
5000,5,0.15,0.278711250170447,388.399804857867,5,6,2,2,3
5000,5,0.2,0.182056420302608,253.705862520481,5,5,2,2,3
5000,5,0.25,0.118920711500272,165.722700866999,3,3,2,2,3
5000,5,0.3,0.0776799609715734,108.251395177894,3,3,2,2,3
5000,5,0.35,0.0507411725040962,70.7106781186548,3,3,2,2,3
5000,5,0.4,0.0331445401733999,46.1887811402644,3,3,2,2,3
5000,6,0.15,0.278711250170447,388.399804857867,28,21,1,1,3
5000,6,0.2,0.182056420302608,253.705862520481,5,11,2,1,3
5000,6,0.25,0.118920711500272,165.722700866999,5,3,2,2,3
5000,6,0.3,0.0776799609715734,108.251395177894,6,16,2,1,3
5000,6,0.35,0.0507411725040962,70.7106781186548,41,80,1,1,3
5000,6,0.4,0.0331445401733999,46.1887811402644,93,165,1,1,3
5000,7,0.15,0.278711250170447,388.399804857867,6,7,2,2,4
5000,7,0.2,0.182056420302608,253.705862520481,3,3,2,2,4
5000,7,0.25,0.118920711500272,165.722700866999,3,3,2,2,4
5000,7,0.3,0.0776799609715734,108.251395177894,3,5,2,2,4
5000,7,0.35,0.0507411725040962,70.7106781186548,3,6,2,2,4
5000,7,0.4,0.0331445401733999,46.1887811402644,3,4,2,2,4
5000,8,0.15,0.278711250170447,388.399804857867,91,163,1,1,31
5000,8,0.2,0.182056420302608,253.705862520481,8,41,2,1,31
5000,8,0.25,0.118920711500272,165.722700866999,7,5,2,2,31
5000,8,0.3,0.0776799609715734,108.251395177894,7,11,2,1,31
5000,8,0.35,0.0507411725040962,70.7106781186548,10,5,2,2,31
5000,8,0.4,0.0331445401733999,46.1887811402644,3,47,2,1,31
5000,9,0.15,0.278711250170447,388.399804857867,3,3,2,2,2
5000,9,0.2,0.182056420302608,253.705862520481,3,3,2,2,2
5000,9,0.25,0.118920711500272,165.722700866999,3,3,2,2,2
5000,9,0.3,0.0776799609715734,108.251395177894,3,3,2,2,2
5000,9,0.35,0.0507411725040962,70.7106781186548,5,113,2,1,2
5000,9,0.4,0.0331445401733999,46.1887811402644,157,183,1,1,2
5000,10,0.15,0.278711250170447,388.399804857867,6,5,2,2,5
5000,10,0.2,0.182056420302608,253.705862520481,5,4,2,2,5
5000,10,0.25,0.118920711500272,165.722700866999,5,7,2,2,5
5000,10,0.3,0.0776799609715734,108.251395177894,12,9,1,2,5
5000,10,0.35,0.0507411725040962,70.7106781186548,13,112,1,1,5
5000,10,0.4,0.0331445401733999,46.1887811402644,18,50,1,1,5
5000,11,0.15,0.278711250170447,388.399804857867,5,11,2,1,3
5000,11,0.2,0.182056420302608,253.705862520481,5,4,2,2,3
5000,11,0.25,0.118920711500272,165.722700866999,4,5,2,2,3
5000,11,0.3,0.0776799609715734,108.251395177894,4,3,2,2,3
5000,11,0.35,0.0507411725040962,70.7106781186548,4,7,2,2,3
5000,11,0.4,0.0331445401733999,46.1887811402644,4,4,2,2,3
5000,12,0.15,0.278711250170447,388.399804857867,3,3,2,2,3
5000,12,0.2,0.182056420302608,253.705862520481,3,3,2,2,3
5000,12,0.25,0.118920711500272,165.722700866999,3,6,2,2,3
5000,12,0.3,0.0776799609715734,108.251395177894,7,4,2,2,3
5000,12,0.35,0.0507411725040962,70.7106781186548,4,4,2,2,3
5000,12,0.4,0.0331445401733999,46.1887811402644,4,3,2,2,3
5000,13,0.15,0.278711250170447,388.399804857867,3,10,2,2,3
5000,13,0.2,0.182056420302608,253.705862520481,3,3,2,2,3
5000,13,0.25,0.118920711500272,165.722700866999,3,3,2,2,3
5000,13,0.3,0.0776799609715734,108.251395177894,3,3,2,2,3
5000,13,0.35,0.0507411725040962,70.7106781186548,3,32,2,1,3
5000,13,0.4,0.0331445401733999,46.1887811402644,3,3,2,2,3
5000,14,0.15,0.278711250170447,388.399804857867,6,6,2,2,3
5000,14,0.2,0.182056420302608,253.705862520481,5,5,2,2,3
5000,14,0.25,0.118920711500272,165.722700866999,3,5,2,2,3
5000,14,0.3,0.0776799609715734,108.251395177894,3,3,2,2,3
5000,14,0.35,0.0507411725040962,70.7106781186548,3,4,2,2,3
5000,14,0.4,0.0331445401733999,46.1887811402644,4,5,2,2,3
5000,15,0.15,0.278711250170447,388.399804857867,10,7,2,2,4
5000,15,0.2,0.182056420302608,253.705862520481,3,9,2,2,4
5000,15,0.25,0.118920711500272,165.722700866999,3,3,2,2,4
5000,15,0.3,0.0776799609715734,108.251395177894,3,18,2,1,4
5000,15,0.35,0.0507411725040962,70.7106781186548,3,3,2,2,4
5000,15,0.4,0.0331445401733999,46.1887811402644,5,7,2,2,4
5000,16,0.15,0.278711250170447,388.399804857867,3,4,2,2,3
5000,16,0.2,0.182056420302608,253.705862520481,3,5,2,2,3
5000,16,0.25,0.118920711500272,165.722700866999,4,21,2,1,3
5000,16,0.3,0.0776799609715734,108.251395177894,17,7,1,2,3
5000,16,0.35,0.0507411725040962,70.7106781186548,18,26,1,1,3
5000,16,0.4,0.0331445401733999,46.1887811402644,64,54,1,1,3
5000,17,0.15,0.278711250170447,388.399804857867,3,3,2,2,2
5000,17,0.2,0.182056420302608,253.705862520481,3,3,2,2,2
5000,17,0.25,0.118920711500272,165.722700866999,3,3,2,2,2
5000,17,0.3,0.0776799609715734,108.251395177894,3,4,2,2,2
5000,17,0.35,0.0507411725040962,70.7106781186548,3,5,2,2,2
5000,17,0.4,0.0331445401733999,46.1887811402644,3,3,2,2,2
5000,18,0.15,0.278711250170447,388.399804857867,69,39,1,1,4
5000,18,0.2,0.182056420302608,253.705862520481,5,56,2,1,4
5000,18,0.25,0.118920711500272,165.722700866999,5,3,2,2,4
5000,18,0.3,0.0776799609715734,108.251395177894,6,56,2,1,4
5000,18,0.35,0.0507411725040962,70.7106781186548,118,121,1,1,4
5000,18,0.4,0.0331445401733999,46.1887811402644,193,220,1,1,4
5000,19,0.15,0.278711250170447,388.399804857867,6,9,2,2,3
5000,19,0.2,0.182056420302608,253.705862520481,3,3,2,2,3
5000,19,0.25,0.118920711500272,165.722700866999,3,3,2,2,3
5000,19,0.3,0.0776799609715734,108.251395177894,3,3,2,2,3
5000,19,0.35,0.0507411725040962,70.7106781186548,3,3,2,2,3
5000,19,0.4,0.0331445401733999,46.1887811402644,3,3,2,2,3
5000,20,0.15,0.278711250170447,388.399804857867,5,13,2,1,2
5000,20,0.2,0.182056420302608,253.705862520481,4,4,2,2,2
5000,20,0.25,0.118920711500272,165.722700866999,3,3,2,2,2
5000,20,0.3,0.0776799609715734,108.251395177894,3,3,2,2,2
5000,20,0.35,0.0507411725040962,70.7106781186548,3,3,2,2,2
5000,20,0.4,0.0331445401733999,46.1887811402644,3,3,2,2,2
10000,1,0.15,0.251188643150958,630.957344480193,9,10,2,2,5
10000,1,0.2,0.158489319246111,398.107170553497,11,13,1,1,5
10000,1,0.25,0.1,251.188643150958,5,10,2,2,5
10000,1,0.3,0.0630957344480193,158.489319246111,3,3,2,2,5
10000,1,0.35,0.0398107170553497,100,3,3,2,2,5
10000,1,0.4,0.0251188643150958,63.0957344480193,3,3,2,2,5
10000,2,0.15,0.251188643150958,630.957344480193,4,15,2,1,3
10000,2,0.2,0.158489319246111,398.107170553497,3,3,2,2,3
10000,2,0.25,0.1,251.188643150958,3,3,2,2,3
10000,2,0.3,0.0630957344480193,158.489319246111,3,7,2,2,3
10000,2,0.35,0.0398107170553497,100,3,4,2,2,3
10000,2,0.4,0.0251188643150958,63.0957344480193,4,3,2,2,3
10000,3,0.15,0.251188643150958,630.957344480193,5,4,2,2,5
10000,3,0.2,0.158489319246111,398.107170553497,5,4,2,2,5
10000,3,0.25,0.1,251.188643150958,3,5,2,2,5
10000,3,0.3,0.0630957344480193,158.489319246111,3,3,2,2,5
10000,3,0.35,0.0398107170553497,100,3,3,2,2,5
10000,3,0.4,0.0251188643150958,63.0957344480193,3,4,2,2,5
10000,4,0.15,0.251188643150958,630.957344480193,3,3,2,2,3
10000,4,0.2,0.158489319246111,398.107170553497,3,3,2,2,3
10000,4,0.25,0.1,251.188643150958,3,3,2,2,3
10000,4,0.3,0.0630957344480193,158.489319246111,3,3,2,2,3
10000,4,0.35,0.0398107170553497,100,3,3,2,2,3
10000,4,0.4,0.0251188643150958,63.0957344480193,3,3,2,2,3
10000,5,0.15,0.251188643150958,630.957344480193,3,3,2,2,5
10000,5,0.2,0.158489319246111,398.107170553497,3,3,2,2,5
10000,5,0.25,0.1,251.188643150958,3,3,2,2,5
10000,5,0.3,0.0630957344480193,158.489319246111,3,3,2,2,5
10000,5,0.35,0.0398107170553497,100,3,3,2,2,5
10000,5,0.4,0.0251188643150958,63.0957344480193,3,3,2,2,5
10000,6,0.15,0.251188643150958,630.957344480193,5,3,2,2,3
10000,6,0.2,0.158489319246111,398.107170553497,4,5,2,2,3
10000,6,0.25,0.1,251.188643150958,3,3,2,2,3
10000,6,0.3,0.0630957344480193,158.489319246111,3,3,2,2,3
10000,6,0.35,0.0398107170553497,100,3,4,2,2,3
10000,6,0.4,0.0251188643150958,63.0957344480193,3,8,2,2,3
10000,7,0.15,0.251188643150958,630.957344480193,4,28,2,1,4
10000,7,0.2,0.158489319246111,398.107170553497,3,3,2,2,4
10000,7,0.25,0.1,251.188643150958,4,4,2,2,4
10000,7,0.3,0.0630957344480193,158.489319246111,7,67,2,1,4
10000,7,0.35,0.0398107170553497,100,4,6,2,2,4
10000,7,0.4,0.0251188643150958,63.0957344480193,4,3,2,2,4
10000,8,0.15,0.251188643150958,630.957344480193,3,3,2,2,3
10000,8,0.2,0.158489319246111,398.107170553497,3,3,2,2,3
10000,8,0.25,0.1,251.188643150958,3,3,2,2,3
10000,8,0.3,0.0630957344480193,158.489319246111,3,3,2,2,3
10000,8,0.35,0.0398107170553497,100,3,3,2,2,3
10000,8,0.4,0.0251188643150958,63.0957344480193,3,3,2,2,3
10000,9,0.15,0.251188643150958,630.957344480193,3,3,2,2,3
10000,9,0.2,0.158489319246111,398.107170553497,3,3,2,2,3
10000,9,0.25,0.1,251.188643150958,3,3,2,2,3
10000,9,0.3,0.0630957344480193,158.489319246111,4,5,2,2,3
10000,9,0.35,0.0398107170553497,100,4,4,2,2,3
10000,9,0.4,0.0251188643150958,63.0957344480193,3,3,2,2,3
10000,10,0.15,0.251188643150958,630.957344480193,4,5,2,2,3
10000,10,0.2,0.158489319246111,398.107170553497,3,3,2,2,3
10000,10,0.25,0.1,251.188643150958,3,3,2,2,3
10000,10,0.3,0.0630957344480193,158.489319246111,3,3,2,2,3
10000,10,0.35,0.0398107170553497,100,3,3,2,2,3
10000,10,0.4,0.0251188643150958,63.0957344480193,3,2,2,2,3
25000,1,0.15,0.218931876103571,1198.27915935574,4,4,2,2,3
25000,1,0.2,0.131950791077289,722.205856097534,3,3,2,2,3
25000,1,0.25,0.0795270728767051,435.275281648062,3,3,2,2,3
25000,1,0.3,0.0479311663742295,262.341504453562,3,3,2,2,3
25000,1,0.35,0.0288882342439014,158.113883008419,3,3,2,2,3
25000,1,0.4,0.0174110112659225,95.2956340327206,3,3,2,2,3
25000,2,0.15,0.218931876103571,1198.27915935574,3,3,2,2,3
25000,2,0.2,0.131950791077289,722.205856097534,3,3,2,2,3
25000,2,0.25,0.0795270728767051,435.275281648062,3,3,2,2,3
25000,2,0.3,0.0479311663742295,262.341504453562,3,3,2,2,3
25000,2,0.35,0.0288882342439014,158.113883008419,3,3,2,2,3
25000,2,0.4,0.0174110112659225,95.2956340327206,3,3,2,2,3
25000,3,0.15,0.218931876103571,1198.27915935574,5,5,2,2,3
25000,3,0.2,0.131950791077289,722.205856097534,3,3,2,2,3
25000,3,0.25,0.0795270728767051,435.275281648062,3,3,2,2,3
25000,3,0.3,0.0479311663742295,262.341504453562,3,3,2,2,3
25000,3,0.35,0.0288882342439014,158.113883008419,3,3,2,2,3
25000,3,0.4,0.0174110112659225,95.2956340327206,3,3,2,2,3
25000,4,0.15,0.218931876103571,1198.27915935574,3,3,2,2,3
25000,4,0.2,0.131950791077289,722.205856097534,3,3,2,2,3
25000,4,0.25,0.0795270728767051,435.275281648062,3,3,2,2,3
25000,4,0.3,0.0479311663742295,262.341504453562,3,3,2,2,3
25000,4,0.35,0.0288882342439014,158.113883008419,3,3,2,2,3
25000,4,0.4,0.0174110112659225,95.2956340327206,3,6,2,2,3
25000,5,0.15,0.218931876103571,1198.27915935574,3,3,2,2,3
25000,5,0.2,0.131950791077289,722.205856097534,3,3,2,2,3
25000,5,0.25,0.0795270728767051,435.275281648062,3,3,2,2,3
25000,5,0.3,0.0479311663742295,262.341504453562,3,4,2,2,3
25000,5,0.35,0.0288882342439014,158.113883008419,3,3,2,2,3
25000,5,0.4,0.0174110112659225,95.2956340327206,3,3,2,2,3
50000,1,0.15,0.197312454618601,1946.61023738087,3,3,2,2,3
50000,1,0.2,0.114869835499703,1133.26246020407,3,3,2,2,3
50000,1,0.25,0.0668740304976422,659.753955386447,3,3,2,2,3
50000,1,0.3,0.0389322047476173,384.090444123316,3,3,2,2,3
50000,1,0.35,0.0226652492040814,223.606797749979,3,3,2,2,3
50000,1,0.4,0.0131950791077289,130.177672381631,3,3,2,2,3
50000,2,0.15,0.197312454618601,1946.61023738087,3,3,2,2,2
50000,2,0.2,0.114869835499703,1133.26246020407,3,3,2,2,2
50000,2,0.25,0.0668740304976422,659.753955386447,3,3,2,2,2
50000,2,0.3,0.0389322047476173,384.090444123316,3,3,2,2,2
50000,2,0.35,0.0226652492040814,223.606797749979,3,3,2,2,2
50000,2,0.4,0.0131950791077289,130.177672381631,3,4,2,2,2
50000,3,0.15,0.197312454618601,1946.61023738087,3,3,2,2,3
50000,3,0.2,0.114869835499703,1133.26246020407,3,3,2,2,3
50000,3,0.25,0.0668740304976422,659.753955386447,3,3,2,2,3
50000,3,0.3,0.0389322047476173,384.090444123316,3,3,2,2,3
50000,3,0.35,0.0226652492040814,223.606797749979,3,3,2,2,3
50000,3,0.4,0.0131950791077289,130.177672381631,3,3,2,2,3
