"n","rep","regle","hits10","hits20","worst"
1000,1,"tail selected",1,1,75
1000,1,"tail aggregated",2,2,5
1000,1,"Yoshida-Umezu paper",0,0,108
1000,1,"Yoshida-Umezu h=2",1,1,33
1000,1,"quantile 0.90",2,2,3
1000,1,"quantile 0.95",2,2,3
1000,1,"quantile 0.99",0,0,49
1000,2,"tail selected",2,2,4
1000,2,"tail aggregated",2,2,4
1000,2,"Yoshida-Umezu paper",1,2,15
1000,2,"Yoshida-Umezu h=2",1,2,12
1000,2,"quantile 0.90",2,2,8
1000,2,"quantile 0.95",1,2,16
1000,2,"quantile 0.99",0,0,60
1000,3,"tail selected",1,2,14
1000,3,"tail aggregated",2,2,5
1000,3,"Yoshida-Umezu paper",2,2,9
1000,3,"Yoshida-Umezu h=2",1,1,73
1000,3,"quantile 0.90",1,1,87
1000,3,"quantile 0.95",2,2,3
1000,3,"quantile 0.99",0,2,19
1000,4,"tail selected",1,1,191
1000,4,"tail aggregated",1,1,109
1000,4,"Yoshida-Umezu paper",1,1,21
1000,4,"Yoshida-Umezu h=2",1,1,43
1000,4,"quantile 0.90",1,1,81
1000,4,"quantile 0.95",1,1,130
1000,4,"quantile 0.99",2,2,10
1000,5,"tail selected",1,1,123
1000,5,"tail aggregated",1,1,62
1000,5,"Yoshida-Umezu paper",1,1,56
1000,5,"Yoshida-Umezu h=2",1,1,202
1000,5,"quantile 0.90",1,1,144
1000,5,"quantile 0.95",1,1,121
1000,5,"quantile 0.99",0,1,238
1000,6,"tail selected",1,1,114
1000,6,"tail aggregated",1,1,138
1000,6,"Yoshida-Umezu paper",0,1,71
1000,6,"Yoshida-Umezu h=2",0,0,154
1000,6,"quantile 0.90",2,2,9
1000,6,"quantile 0.95",2,2,3
1000,6,"quantile 0.99",0,0,183
1000,7,"tail selected",2,2,3
1000,7,"tail aggregated",2,2,3
1000,7,"Yoshida-Umezu paper",2,2,3
1000,7,"Yoshida-Umezu h=2",2,2,3
1000,7,"quantile 0.90",2,2,3
1000,7,"quantile 0.95",2,2,3
1000,7,"quantile 0.99",1,1,97
1000,8,"tail selected",2,2,3
1000,8,"tail aggregated",2,2,3
1000,8,"Yoshida-Umezu paper",2,2,3
1000,8,"Yoshida-Umezu h=2",1,1,89
1000,8,"quantile 0.90",2,2,3
1000,8,"quantile 0.95",2,2,2
1000,8,"quantile 0.99",1,2,14
1000,9,"tail selected",2,2,3
1000,9,"tail aggregated",2,2,3
1000,9,"Yoshida-Umezu paper",2,2,8
1000,9,"Yoshida-Umezu h=2",1,2,14
1000,9,"quantile 0.90",2,2,5
1000,9,"quantile 0.95",2,2,4
1000,9,"quantile 0.99",1,1,28
1000,10,"tail selected",1,1,186
1000,10,"tail aggregated",1,1,221
1000,10,"Yoshida-Umezu paper",0,0,257
1000,10,"Yoshida-Umezu h=2",0,0,143
1000,10,"quantile 0.90",1,1,216
1000,10,"quantile 0.95",1,1,194
1000,10,"quantile 0.99",0,0,84
1000,11,"tail selected",2,2,3
1000,11,"tail aggregated",2,2,3
1000,11,"Yoshida-Umezu paper",0,1,22
1000,11,"Yoshida-Umezu h=2",1,1,187
1000,11,"quantile 0.90",2,2,3
1000,11,"quantile 0.95",2,2,3
1000,11,"quantile 0.99",1,1,47
1000,12,"tail selected",1,1,33
1000,12,"tail aggregated",1,1,53
1000,12,"Yoshida-Umezu paper",0,0,58
1000,12,"Yoshida-Umezu h=2",1,1,35
1000,12,"quantile 0.90",1,1,208
1000,12,"quantile 0.95",2,2,8
1000,12,"quantile 0.99",1,1,23
1000,13,"tail selected",2,2,5
1000,13,"tail aggregated",2,2,9
1000,13,"Yoshida-Umezu paper",0,0,227
1000,13,"Yoshida-Umezu h=2",1,1,134
1000,13,"quantile 0.90",2,2,3
1000,13,"quantile 0.95",2,2,5
1000,13,"quantile 0.99",0,0,88
1000,14,"tail selected",1,1,89
1000,14,"tail aggregated",1,1,108
1000,14,"Yoshida-Umezu paper",0,1,164
1000,14,"Yoshida-Umezu h=2",1,1,39
1000,14,"quantile 0.90",1,2,18
1000,14,"quantile 0.95",2,2,8
1000,14,"quantile 0.99",0,1,39
1000,15,"tail selected",1,1,42
1000,15,"tail aggregated",1,2,12
1000,15,"Yoshida-Umezu paper",0,0,126
1000,15,"Yoshida-Umezu h=2",1,1,84
1000,15,"quantile 0.90",2,2,6
1000,15,"quantile 0.95",2,2,3
1000,15,"quantile 0.99",0,0,234
1000,16,"tail selected",2,2,3
1000,16,"tail aggregated",2,2,3
1000,16,"Yoshida-Umezu paper",1,1,37
1000,16,"Yoshida-Umezu h=2",1,1,26
1000,16,"quantile 0.90",2,2,3
1000,16,"quantile 0.95",2,2,3
1000,16,"quantile 0.99",0,2,14
1000,17,"tail selected",2,2,4
1000,17,"tail aggregated",2,2,3
1000,17,"Yoshida-Umezu paper",0,0,174
1000,17,"Yoshida-Umezu h=2",0,0,57
1000,17,"quantile 0.90",2,2,4
1000,17,"quantile 0.95",2,2,3
1000,17,"quantile 0.99",0,2,18
1000,18,"tail selected",1,1,81
1000,18,"tail aggregated",1,2,11
1000,18,"Yoshida-Umezu paper",0,0,251
1000,18,"Yoshida-Umezu h=2",1,1,209
1000,18,"quantile 0.90",1,1,108
1000,18,"quantile 0.95",2,2,5
1000,18,"quantile 0.99",0,1,22
1000,19,"tail selected",2,2,6
1000,19,"tail aggregated",2,2,8
1000,19,"Yoshida-Umezu paper",0,0,225
1000,19,"Yoshida-Umezu h=2",2,2,6
1000,19,"quantile 0.90",2,2,6
1000,19,"quantile 0.95",2,2,4
1000,19,"quantile 0.99",0,2,16
1000,20,"tail selected",2,2,6
1000,20,"tail aggregated",2,2,4
1000,20,"Yoshida-Umezu paper",0,0,111
1000,20,"Yoshida-Umezu h=2",0,0,155
1000,20,"quantile 0.90",2,2,4
1000,20,"quantile 0.95",2,2,3
1000,20,"quantile 0.99",0,2,17
1500,1,"tail selected",1,1,185
1500,1,"tail aggregated",1,1,152
1500,1,"Yoshida-Umezu paper",1,1,25
1500,1,"Yoshida-Umezu h=2",1,1,159
1500,1,"quantile 0.90",2,2,9
1500,1,"quantile 0.95",1,1,24
1500,1,"quantile 0.99",1,1,73
1500,2,"tail selected",2,2,3
1500,2,"tail aggregated",2,2,3
1500,2,"Yoshida-Umezu paper",2,2,2
1500,2,"Yoshida-Umezu h=2",1,1,133
1500,2,"quantile 0.90",2,2,7
1500,2,"quantile 0.95",2,2,4
1500,2,"quantile 0.99",1,1,26
1500,3,"tail selected",2,2,2
1500,3,"tail aggregated",2,2,2
1500,3,"Yoshida-Umezu paper",0,0,223
1500,3,"Yoshida-Umezu h=2",1,2,11
1500,3,"quantile 0.90",2,2,3
1500,3,"quantile 0.95",2,2,2
1500,3,"quantile 0.99",2,2,6
1500,4,"tail selected",2,2,3
1500,4,"tail aggregated",2,2,3
1500,4,"Yoshida-Umezu paper",1,1,193
1500,4,"Yoshida-Umezu h=2",0,0,114
1500,4,"quantile 0.90",1,1,45
1500,4,"quantile 0.95",1,1,118
1500,4,"quantile 0.99",2,2,9
1500,5,"tail selected",1,1,22
1500,5,"tail aggregated",1,1,42
1500,5,"Yoshida-Umezu paper",1,1,28
1500,5,"Yoshida-Umezu h=2",1,1,103
1500,5,"quantile 0.90",1,1,83
1500,5,"quantile 0.95",1,1,65
1500,5,"quantile 0.99",1,1,120
1500,6,"tail selected",1,1,257
1500,6,"tail aggregated",1,1,35
1500,6,"Yoshida-Umezu paper",1,1,51
1500,6,"Yoshida-Umezu h=2",1,1,134
1500,6,"quantile 0.90",1,1,96
1500,6,"quantile 0.95",1,1,52
1500,6,"quantile 0.99",2,2,9
1500,7,"tail selected",2,2,5
1500,7,"tail aggregated",2,2,9
1500,7,"Yoshida-Umezu paper",0,2,19
1500,7,"Yoshida-Umezu h=2",2,2,6
1500,7,"quantile 0.90",2,2,5
1500,7,"quantile 0.95",1,1,56
1500,7,"quantile 0.99",1,1,178
1500,8,"tail selected",2,2,4
1500,8,"tail aggregated",2,2,4
1500,8,"Yoshida-Umezu paper",1,1,193
1500,8,"Yoshida-Umezu h=2",2,2,8
1500,8,"quantile 0.90",2,2,6
1500,8,"quantile 0.95",2,2,3
1500,8,"quantile 0.99",2,2,6
1500,9,"tail selected",1,2,17
1500,9,"tail aggregated",2,2,5
1500,9,"Yoshida-Umezu paper",1,1,72
1500,9,"Yoshida-Umezu h=2",1,1,114
1500,9,"quantile 0.90",2,2,3
1500,9,"quantile 0.95",2,2,4
1500,9,"quantile 0.99",0,0,40
1500,10,"tail selected",2,2,3
1500,10,"tail aggregated",2,2,6
1500,10,"Yoshida-Umezu paper",2,2,2
1500,10,"Yoshida-Umezu h=2",1,1,32
1500,10,"quantile 0.90",2,2,4
1500,10,"quantile 0.95",1,1,24
1500,10,"quantile 0.99",1,2,11
1500,11,"tail selected",2,2,2
1500,11,"tail aggregated",2,2,2
1500,11,"Yoshida-Umezu paper",2,2,4
1500,11,"Yoshida-Umezu h=2",1,1,159
1500,11,"quantile 0.90",2,2,3
1500,11,"quantile 0.95",2,2,3
1500,11,"quantile 0.99",0,0,26
1500,12,"tail selected",2,2,3
1500,12,"tail aggregated",2,2,3
1500,12,"Yoshida-Umezu paper",1,1,147
1500,12,"Yoshida-Umezu h=2",1,1,89
1500,12,"quantile 0.90",2,2,3
1500,12,"quantile 0.95",2,2,3
1500,12,"quantile 0.99",2,2,6
1500,13,"tail selected",1,1,189
1500,13,"tail aggregated",1,1,191
1500,13,"Yoshida-Umezu paper",0,0,258
1500,13,"Yoshida-Umezu h=2",0,0,259
1500,13,"quantile 0.90",1,1,177
1500,13,"quantile 0.95",1,1,55
1500,13,"quantile 0.99",1,1,141
1500,14,"tail selected",1,2,15
1500,14,"tail aggregated",1,1,29
1500,14,"Yoshida-Umezu paper",0,0,173
1500,14,"Yoshida-Umezu h=2",1,1,36
1500,14,"quantile 0.90",2,2,3
1500,14,"quantile 0.95",2,2,4
1500,14,"quantile 0.99",1,1,63
1500,15,"tail selected",1,2,13
1500,15,"tail aggregated",2,2,5
1500,15,"Yoshida-Umezu paper",1,1,25
1500,15,"Yoshida-Umezu h=2",2,2,6
1500,15,"quantile 0.90",2,2,3
1500,15,"quantile 0.95",2,2,3
1500,15,"quantile 0.99",1,1,30
1500,16,"tail selected",1,1,171
1500,16,"tail aggregated",1,1,161
1500,16,"Yoshida-Umezu paper",1,1,243
1500,16,"Yoshida-Umezu h=2",2,2,10
1500,16,"quantile 0.90",1,1,131
1500,16,"quantile 0.95",1,1,90
1500,16,"quantile 0.99",0,1,110
1500,17,"tail selected",1,1,81
1500,17,"tail aggregated",2,2,5
1500,17,"Yoshida-Umezu paper",2,2,3
1500,17,"Yoshida-Umezu h=2",2,2,8
1500,17,"quantile 0.90",2,2,4
1500,17,"quantile 0.95",2,2,3
1500,17,"quantile 0.99",1,2,14
1500,18,"tail selected",2,2,4
1500,18,"tail aggregated",2,2,4
1500,18,"Yoshida-Umezu paper",1,1,225
1500,18,"Yoshida-Umezu h=2",1,1,130
1500,18,"quantile 0.90",1,2,13
1500,18,"quantile 0.95",1,1,51
1500,18,"quantile 0.99",2,2,3
1500,19,"tail selected",2,2,3
1500,19,"tail aggregated",2,2,3
1500,19,"Yoshida-Umezu paper",1,1,92
1500,19,"Yoshida-Umezu h=2",1,1,89
1500,19,"quantile 0.90",2,2,3
1500,19,"quantile 0.95",2,2,3
1500,19,"quantile 0.99",2,2,7
1500,20,"tail selected",1,2,15
1500,20,"tail aggregated",1,2,11
1500,20,"Yoshida-Umezu paper",0,0,230
1500,20,"Yoshida-Umezu h=2",1,1,80
1500,20,"quantile 0.90",2,2,7
1500,20,"quantile 0.95",1,1,65
1500,20,"quantile 0.99",1,1,57
2000,1,"tail selected",1,1,181
2000,1,"tail aggregated",1,1,27
2000,1,"Yoshida-Umezu paper",0,0,199
2000,1,"Yoshida-Umezu h=2",1,1,212
2000,1,"quantile 0.90",2,2,4
2000,1,"quantile 0.95",2,2,3
2000,1,"quantile 0.99",1,2,14
2000,2,"tail selected",2,2,4
2000,2,"tail aggregated",2,2,3
2000,2,"Yoshida-Umezu paper",0,0,208
2000,2,"Yoshida-Umezu h=2",0,0,260
2000,2,"quantile 0.90",2,2,3
2000,2,"quantile 0.95",2,2,4
2000,2,"quantile 0.99",2,2,3
2000,3,"tail selected",2,2,3
2000,3,"tail aggregated",2,2,3
2000,3,"Yoshida-Umezu paper",0,0,84
2000,3,"Yoshida-Umezu h=2",2,2,3
2000,3,"quantile 0.90",2,2,3
2000,3,"quantile 0.95",2,2,3
2000,3,"quantile 0.99",2,2,9
2000,4,"tail selected",2,2,5
2000,4,"tail aggregated",2,2,3
2000,4,"Yoshida-Umezu paper",0,0,141
2000,4,"Yoshida-Umezu h=2",2,2,3
2000,4,"quantile 0.90",1,1,37
2000,4,"quantile 0.95",2,2,3
2000,4,"quantile 0.99",2,2,6
2000,5,"tail selected",2,2,3
2000,5,"tail aggregated",2,2,3
2000,5,"Yoshida-Umezu paper",2,2,5
2000,5,"Yoshida-Umezu h=2",1,1,134
2000,5,"quantile 0.90",2,2,3
2000,5,"quantile 0.95",2,2,3
2000,5,"quantile 0.99",2,2,2
2000,6,"tail selected",2,2,6
2000,6,"tail aggregated",2,2,3
2000,6,"Yoshida-Umezu paper",2,2,3
2000,6,"Yoshida-Umezu h=2",2,2,3
2000,6,"quantile 0.90",2,2,4
2000,6,"quantile 0.95",2,2,6
2000,6,"quantile 0.99",2,2,8
2000,7,"tail selected",2,2,6
2000,7,"tail aggregated",2,2,4
2000,7,"Yoshida-Umezu paper",1,1,29
2000,7,"Yoshida-Umezu h=2",1,1,27
2000,7,"quantile 0.90",2,2,3
2000,7,"quantile 0.95",2,2,8
2000,7,"quantile 0.99",2,2,2
2000,8,"tail selected",2,2,3
2000,8,"tail aggregated",2,2,3
2000,8,"Yoshida-Umezu paper",1,1,133
2000,8,"Yoshida-Umezu h=2",1,1,83
2000,8,"quantile 0.90",2,2,4
2000,8,"quantile 0.95",2,2,3
2000,8,"quantile 0.99",2,2,10
2000,9,"tail selected",2,2,5
2000,9,"tail aggregated",2,2,4
2000,9,"Yoshida-Umezu paper",2,2,3
2000,9,"Yoshida-Umezu h=2",2,2,8
2000,9,"quantile 0.90",2,2,4
2000,9,"quantile 0.95",2,2,3
2000,9,"quantile 0.99",2,2,5
2000,10,"tail selected",1,1,67
2000,10,"tail aggregated",1,1,134
2000,10,"Yoshida-Umezu paper",0,0,26
2000,10,"Yoshida-Umezu h=2",1,1,108
2000,10,"quantile 0.90",1,1,108
2000,10,"quantile 0.95",1,1,87
2000,10,"quantile 0.99",1,1,129
2000,11,"tail selected",1,1,126
2000,11,"tail aggregated",1,1,197
2000,11,"Yoshida-Umezu paper",0,0,189
2000,11,"Yoshida-Umezu h=2",1,1,77
2000,11,"quantile 0.90",2,2,7
2000,11,"quantile 0.95",1,1,91
2000,11,"quantile 0.99",1,2,20
2000,12,"tail selected",2,2,8
2000,12,"tail aggregated",2,2,7
2000,12,"Yoshida-Umezu paper",1,1,42
2000,12,"Yoshida-Umezu h=2",1,1,27
2000,12,"quantile 0.90",1,1,22
2000,12,"quantile 0.95",2,2,6
2000,12,"quantile 0.99",2,2,7
2000,13,"tail selected",2,2,3
2000,13,"tail aggregated",2,2,3
2000,13,"Yoshida-Umezu paper",1,1,104
2000,13,"Yoshida-Umezu h=2",1,1,171
2000,13,"quantile 0.90",2,2,4
2000,13,"quantile 0.95",2,2,3
2000,13,"quantile 0.99",2,2,8
2000,14,"tail selected",2,2,3
2000,14,"tail aggregated",2,2,3
2000,14,"Yoshida-Umezu paper",1,1,30
2000,14,"Yoshida-Umezu h=2",2,2,4
2000,14,"quantile 0.90",2,2,3
2000,14,"quantile 0.95",2,2,3
2000,14,"quantile 0.99",1,1,62
2000,15,"tail selected",1,1,26
2000,15,"tail aggregated",1,1,27
2000,15,"Yoshida-Umezu paper",1,1,63
2000,15,"Yoshida-Umezu h=2",1,1,67
2000,15,"quantile 0.90",1,2,16
2000,15,"quantile 0.95",2,2,3
2000,15,"quantile 0.99",0,1,181
2000,16,"tail selected",2,2,7
2000,16,"tail aggregated",2,2,5
2000,16,"Yoshida-Umezu paper",1,1,28
2000,16,"Yoshida-Umezu h=2",1,1,83
2000,16,"quantile 0.90",1,2,12
2000,16,"quantile 0.95",2,2,5
2000,16,"quantile 0.99",2,2,7
2000,17,"tail selected",1,2,19
2000,17,"tail aggregated",2,2,5
2000,17,"Yoshida-Umezu paper",1,1,123
2000,17,"Yoshida-Umezu h=2",1,1,26
2000,17,"quantile 0.90",2,2,8
2000,17,"quantile 0.95",2,2,3
2000,17,"quantile 0.99",1,1,23
2000,18,"tail selected",2,2,7
2000,18,"tail aggregated",2,2,3
2000,18,"Yoshida-Umezu paper",1,1,178
2000,18,"Yoshida-Umezu h=2",1,2,20
2000,18,"quantile 0.90",1,1,34
2000,18,"quantile 0.95",2,2,3
2000,18,"quantile 0.99",2,2,8
2000,19,"tail selected",1,1,28
2000,19,"tail aggregated",2,2,7
2000,19,"Yoshida-Umezu paper",1,1,179
2000,19,"Yoshida-Umezu h=2",1,1,216
2000,19,"quantile 0.90",1,1,160
2000,19,"quantile 0.95",1,1,101
2000,19,"quantile 0.99",2,2,5
2000,20,"tail selected",1,1,141
2000,20,"tail aggregated",1,1,41
2000,20,"Yoshida-Umezu paper",1,2,18
2000,20,"Yoshida-Umezu h=2",0,0,115
2000,20,"quantile 0.90",1,1,84
2000,20,"quantile 0.95",1,1,77
2000,20,"quantile 0.99",1,2,19
3000,1,"tail selected",2,2,3
3000,1,"tail aggregated",2,2,3
3000,1,"Yoshida-Umezu paper",0,0,218
3000,1,"Yoshida-Umezu h=2",2,2,3
3000,1,"quantile 0.90",2,2,3
3000,1,"quantile 0.95",2,2,3
3000,1,"quantile 0.99",1,1,23
3000,2,"tail selected",1,1,163
3000,2,"tail aggregated",1,1,202
3000,2,"Yoshida-Umezu paper",1,1,219
3000,2,"Yoshida-Umezu h=2",1,1,143
3000,2,"quantile 0.90",1,1,72
3000,2,"quantile 0.95",1,1,112
3000,2,"quantile 0.99",1,1,86
3000,3,"tail selected",2,2,8
3000,3,"tail aggregated",2,2,5
3000,3,"Yoshida-Umezu paper",1,1,179
3000,3,"Yoshida-Umezu h=2",1,1,119
3000,3,"quantile 0.90",2,2,6
3000,3,"quantile 0.95",2,2,4
3000,3,"quantile 0.99",0,1,36
3000,4,"tail selected",1,1,69
3000,4,"tail aggregated",1,1,30
3000,4,"Yoshida-Umezu paper",1,1,63
3000,4,"Yoshida-Umezu h=2",1,1,82
3000,4,"quantile 0.90",1,1,35
3000,4,"quantile 0.95",1,1,36
3000,4,"quantile 0.99",1,1,59
3000,5,"tail selected",2,2,3
3000,5,"tail aggregated",2,2,3
3000,5,"Yoshida-Umezu paper",1,1,130
3000,5,"Yoshida-Umezu h=2",2,2,3
3000,5,"quantile 0.90",2,2,7
3000,5,"quantile 0.95",2,2,3
3000,5,"quantile 0.99",2,2,2
3000,6,"tail selected",1,1,46
3000,6,"tail aggregated",1,1,99
3000,6,"Yoshida-Umezu paper",1,1,122
3000,6,"Yoshida-Umezu h=2",1,1,106
3000,6,"quantile 0.90",1,1,32
3000,6,"quantile 0.95",1,1,103
3000,6,"quantile 0.99",2,2,6
3000,7,"tail selected",2,2,5
3000,7,"tail aggregated",2,2,5
3000,7,"Yoshida-Umezu paper",2,2,3
3000,7,"Yoshida-Umezu h=2",2,2,8
3000,7,"quantile 0.90",2,2,8
3000,7,"quantile 0.95",1,1,23
3000,7,"quantile 0.99",2,2,2
3000,8,"tail selected",1,1,39
3000,8,"tail aggregated",1,1,40
3000,8,"Yoshida-Umezu paper",1,1,162
3000,8,"Yoshida-Umezu h=2",1,1,230
3000,8,"quantile 0.90",1,2,16
3000,8,"quantile 0.95",2,2,7
3000,8,"quantile 0.99",1,1,21
3000,9,"tail selected",2,2,3
3000,9,"tail aggregated",2,2,3
3000,9,"Yoshida-Umezu paper",0,0,91
3000,9,"Yoshida-Umezu h=2",2,2,2
3000,9,"quantile 0.90",2,2,3
3000,9,"quantile 0.95",2,2,4
3000,9,"quantile 0.99",2,2,3
3000,10,"tail selected",2,2,3
3000,10,"tail aggregated",2,2,3
3000,10,"Yoshida-Umezu paper",2,2,4
3000,10,"Yoshida-Umezu h=2",1,1,125
3000,10,"quantile 0.90",2,2,9
3000,10,"quantile 0.95",2,2,7
3000,10,"quantile 0.99",1,1,26
3000,11,"tail selected",2,2,3
3000,11,"tail aggregated",2,2,3
3000,11,"Yoshida-Umezu paper",1,1,193
3000,11,"Yoshida-Umezu h=2",1,1,21
3000,11,"quantile 0.90",2,2,6
3000,11,"quantile 0.95",2,2,3
3000,11,"quantile 0.99",2,2,6
3000,12,"tail selected",1,1,45
3000,12,"tail aggregated",1,1,31
3000,12,"Yoshida-Umezu paper",1,2,11
3000,12,"Yoshida-Umezu h=2",1,1,69
3000,12,"quantile 0.90",2,2,6
3000,12,"quantile 0.95",1,2,11
3000,12,"quantile 0.99",2,2,9
3000,13,"tail selected",2,2,3
3000,13,"tail aggregated",2,2,4
3000,13,"Yoshida-Umezu paper",2,2,4
3000,13,"Yoshida-Umezu h=2",1,1,85
3000,13,"quantile 0.90",2,2,3
3000,13,"quantile 0.95",2,2,5
3000,13,"quantile 0.99",1,1,29
3000,14,"tail selected",1,1,235
3000,14,"tail aggregated",1,1,113
3000,14,"Yoshida-Umezu paper",1,1,92
3000,14,"Yoshida-Umezu h=2",1,1,232
3000,14,"quantile 0.90",1,2,11
3000,14,"quantile 0.95",1,1,102
3000,14,"quantile 0.99",2,2,4
3000,15,"tail selected",1,1,68
3000,15,"tail aggregated",1,1,36
3000,15,"Yoshida-Umezu paper",1,1,167
3000,15,"Yoshida-Umezu h=2",1,1,191
3000,15,"quantile 0.90",1,2,16
3000,15,"quantile 0.95",2,2,5
3000,15,"quantile 0.99",2,2,7
3000,16,"tail selected",1,1,57
3000,16,"tail aggregated",1,2,19
3000,16,"Yoshida-Umezu paper",1,1,35
3000,16,"Yoshida-Umezu h=2",1,1,68
3000,16,"quantile 0.90",1,1,30
3000,16,"quantile 0.95",2,2,10
3000,16,"quantile 0.99",1,1,31
3000,17,"tail selected",2,2,4
3000,17,"tail aggregated",2,2,3
3000,17,"Yoshida-Umezu paper",1,1,95
3000,17,"Yoshida-Umezu h=2",1,1,53
3000,17,"quantile 0.90",1,1,91
3000,17,"quantile 0.95",1,1,99
3000,17,"quantile 0.99",1,1,184
3000,18,"tail selected",2,2,5
3000,18,"tail aggregated",2,2,4
3000,18,"Yoshida-Umezu paper",1,1,90
3000,18,"Yoshida-Umezu h=2",2,2,3
3000,18,"quantile 0.90",2,2,3
3000,18,"quantile 0.95",2,2,4
3000,18,"quantile 0.99",2,2,3
3000,19,"tail selected",1,2,18
3000,19,"tail aggregated",2,2,3
3000,19,"Yoshida-Umezu paper",2,2,4
3000,19,"Yoshida-Umezu h=2",2,2,7
3000,19,"quantile 0.90",2,2,3
3000,19,"quantile 0.95",2,2,3
3000,19,"quantile 0.99",2,2,4
3000,20,"tail selected",1,1,138
3000,20,"tail aggregated",1,1,106
3000,20,"Yoshida-Umezu paper",0,1,181
3000,20,"Yoshida-Umezu h=2",0,0,53
3000,20,"quantile 0.90",1,1,24
3000,20,"quantile 0.95",2,2,8
3000,20,"quantile 0.99",1,1,105
5000,1,"tail selected",2,2,4
5000,1,"tail aggregated",2,2,3
5000,1,"Yoshida-Umezu paper",0,0,213
5000,1,"Yoshida-Umezu h=2",1,1,124
5000,1,"quantile 0.90",1,1,39
5000,1,"quantile 0.95",2,2,8
5000,1,"quantile 0.99",2,2,10
5000,2,"tail selected",2,2,3
5000,2,"tail aggregated",2,2,3
5000,2,"Yoshida-Umezu paper",0,1,89
5000,2,"Yoshida-Umezu h=2",1,1,44
5000,2,"quantile 0.90",1,1,24
5000,2,"quantile 0.95",1,1,29
5000,2,"quantile 0.99",2,2,3
5000,3,"tail selected",1,2,14
5000,3,"tail aggregated",2,2,7
5000,3,"Yoshida-Umezu paper",1,1,254
5000,3,"Yoshida-Umezu h=2",0,0,153
5000,3,"quantile 0.90",1,1,28
5000,3,"quantile 0.95",2,2,5
5000,3,"quantile 0.99",2,2,4
5000,4,"tail selected",2,2,3
5000,4,"tail aggregated",2,2,3
5000,4,"Yoshida-Umezu paper",1,1,132
5000,4,"Yoshida-Umezu h=2",1,1,142
5000,4,"quantile 0.90",2,2,7
5000,4,"quantile 0.95",2,2,3
5000,4,"quantile 0.99",2,2,4
5000,5,"tail selected",2,2,3
5000,5,"tail aggregated",2,2,3
5000,5,"Yoshida-Umezu paper",1,1,32
5000,5,"Yoshida-Umezu h=2",2,2,6
5000,5,"quantile 0.90",1,2,12
5000,5,"quantile 0.95",2,2,3
5000,5,"quantile 0.99",2,2,4
5000,6,"tail selected",2,2,3
5000,6,"tail aggregated",2,2,3
5000,6,"Yoshida-Umezu paper",0,0,120
5000,6,"Yoshida-Umezu h=2",0,0,145
5000,6,"quantile 0.90",2,2,3
5000,6,"quantile 0.95",2,2,3
5000,6,"quantile 0.99",2,2,3
5000,7,"tail selected",1,1,39
5000,7,"tail aggregated",2,2,5
5000,7,"Yoshida-Umezu paper",2,2,2
5000,7,"Yoshida-Umezu h=2",2,2,6
5000,7,"quantile 0.90",2,2,3
5000,7,"quantile 0.95",1,2,16
5000,7,"quantile 0.99",1,1,38
5000,8,"tail selected",2,2,3
5000,8,"tail aggregated",2,2,3
5000,8,"Yoshida-Umezu paper",2,2,6
5000,8,"Yoshida-Umezu h=2",1,1,36
5000,8,"quantile 0.90",2,2,5
5000,8,"quantile 0.95",2,2,3
5000,8,"quantile 0.99",2,2,4
5000,9,"tail selected",2,2,3
5000,9,"tail aggregated",2,2,3
5000,9,"Yoshida-Umezu paper",1,1,30
5000,9,"Yoshida-Umezu h=2",2,2,3
5000,9,"quantile 0.90",2,2,3
5000,9,"quantile 0.95",2,2,3
5000,9,"quantile 0.99",2,2,5
5000,10,"tail selected",1,2,20
5000,10,"tail aggregated",1,1,21
5000,10,"Yoshida-Umezu paper",1,2,19
5000,10,"Yoshida-Umezu h=2",1,1,206
5000,10,"quantile 0.90",1,1,27
5000,10,"quantile 0.95",2,2,6
5000,10,"quantile 0.99",2,2,3
5000,11,"tail selected",2,2,5
5000,11,"tail aggregated",2,2,4
5000,11,"Yoshida-Umezu paper",0,0,112
5000,11,"Yoshida-Umezu h=2",0,0,81
5000,11,"quantile 0.90",1,1,31
5000,11,"quantile 0.95",2,2,6
5000,11,"quantile 0.99",2,2,3
5000,12,"tail selected",1,1,198
5000,12,"tail aggregated",1,1,26
5000,12,"Yoshida-Umezu paper",1,2,17
5000,12,"Yoshida-Umezu h=2",0,0,75
5000,12,"quantile 0.90",2,2,9
5000,12,"quantile 0.95",2,2,5
5000,12,"quantile 0.99",2,2,5
5000,13,"tail selected",2,2,9
5000,13,"tail aggregated",2,2,3
5000,13,"Yoshida-Umezu paper",1,1,224
5000,13,"Yoshida-Umezu h=2",0,1,67
5000,13,"quantile 0.90",1,1,68
5000,13,"quantile 0.95",1,2,11
5000,13,"quantile 0.99",2,2,3
5000,14,"tail selected",2,2,6
5000,14,"tail aggregated",2,2,7
5000,14,"Yoshida-Umezu paper",1,1,165
5000,14,"Yoshida-Umezu h=2",1,1,22
5000,14,"quantile 0.90",2,2,5
5000,14,"quantile 0.95",1,1,27
5000,14,"quantile 0.99",2,2,6
5000,15,"tail selected",2,2,3
5000,15,"tail aggregated",2,2,3
5000,15,"Yoshida-Umezu paper",1,1,161
5000,15,"Yoshida-Umezu h=2",1,1,32
5000,15,"quantile 0.90",2,2,10
5000,15,"quantile 0.95",2,2,3
5000,15,"quantile 0.99",2,2,4
5000,16,"tail selected",2,2,8
5000,16,"tail aggregated",2,2,5
5000,16,"Yoshida-Umezu paper",0,0,89
5000,16,"Yoshida-Umezu h=2",2,2,5
5000,16,"quantile 0.90",2,2,3
5000,16,"quantile 0.95",2,2,3
5000,16,"quantile 0.99",2,2,3
5000,17,"tail selected",2,2,3
5000,17,"tail aggregated",2,2,3
5000,17,"Yoshida-Umezu paper",2,2,8
5000,17,"Yoshida-Umezu h=2",1,1,131
5000,17,"quantile 0.90",2,2,3
5000,17,"quantile 0.95",2,2,3
5000,17,"quantile 0.99",2,2,9
5000,18,"tail selected",2,2,3
5000,18,"tail aggregated",2,2,4
5000,18,"Yoshida-Umezu paper",0,0,133
5000,18,"Yoshida-Umezu h=2",1,1,144
5000,18,"quantile 0.90",2,2,3
5000,18,"quantile 0.95",2,2,4
5000,18,"quantile 0.99",2,2,4
5000,19,"tail selected",2,2,5
5000,19,"tail aggregated",2,2,5
5000,19,"Yoshida-Umezu paper",1,1,138
5000,19,"Yoshida-Umezu h=2",1,1,22
5000,19,"quantile 0.90",1,1,80
5000,19,"quantile 0.95",1,1,52
5000,19,"quantile 0.99",2,2,5
5000,20,"tail selected",2,2,4
5000,20,"tail aggregated",2,2,4
5000,20,"Yoshida-Umezu paper",0,0,169
5000,20,"Yoshida-Umezu h=2",0,0,172
5000,20,"quantile 0.90",1,1,25
5000,20,"quantile 0.95",2,2,4
5000,20,"quantile 0.99",2,2,3
10000,1,"tail selected",2,2,3
10000,1,"tail aggregated",2,2,3
10000,1,"Yoshida-Umezu paper",0,0,176
10000,1,"Yoshida-Umezu h=2",2,2,3
10000,1,"quantile 0.90",2,2,7
10000,1,"quantile 0.95",2,2,3
10000,1,"quantile 0.99",2,2,3
10000,2,"tail selected",2,2,7
10000,2,"tail aggregated",2,2,4
10000,2,"Yoshida-Umezu paper",2,2,3
10000,2,"Yoshida-Umezu h=2",1,1,77
10000,2,"quantile 0.90",1,2,14
10000,2,"quantile 0.95",2,2,3
10000,2,"quantile 0.99",2,2,4
10000,3,"tail selected",2,2,5
10000,3,"tail aggregated",2,2,4
10000,3,"Yoshida-Umezu paper",0,0,190
10000,3,"Yoshida-Umezu h=2",1,1,44
10000,3,"quantile 0.90",1,1,48
10000,3,"quantile 0.95",1,2,20
10000,3,"quantile 0.99",2,2,3
10000,4,"tail selected",2,2,4
10000,4,"tail aggregated",2,2,4
10000,4,"Yoshida-Umezu paper",1,2,11
10000,4,"Yoshida-Umezu h=2",0,1,41
10000,4,"quantile 0.90",2,2,8
10000,4,"quantile 0.95",2,2,3
10000,4,"quantile 0.99",2,2,4
10000,5,"tail selected",2,2,3
10000,5,"tail aggregated",2,2,4
10000,5,"Yoshida-Umezu paper",2,2,9
10000,5,"Yoshida-Umezu h=2",1,2,12
10000,5,"quantile 0.90",2,2,4
10000,5,"quantile 0.95",2,2,4
10000,5,"quantile 0.99",2,2,4
10000,6,"tail selected",2,2,3
10000,6,"tail aggregated",2,2,3
10000,6,"Yoshida-Umezu paper",0,0,124
10000,6,"Yoshida-Umezu h=2",1,1,244
10000,6,"quantile 0.90",2,2,3
10000,6,"quantile 0.95",2,2,3
10000,6,"quantile 0.99",2,2,3
10000,7,"tail selected",2,2,4
10000,7,"tail aggregated",2,2,4
10000,7,"Yoshida-Umezu paper",0,0,132
10000,7,"Yoshida-Umezu h=2",1,1,87
10000,7,"quantile 0.90",2,2,3
10000,7,"quantile 0.95",2,2,3
10000,7,"quantile 0.99",2,2,4
10000,8,"tail selected",2,2,3
10000,8,"tail aggregated",2,2,3
10000,8,"Yoshida-Umezu paper",1,2,13
10000,8,"Yoshida-Umezu h=2",1,1,137
10000,8,"quantile 0.90",1,1,83
10000,8,"quantile 0.95",1,1,86
10000,8,"quantile 0.99",2,2,4
10000,9,"tail selected",2,2,3
10000,9,"tail aggregated",2,2,3
10000,9,"Yoshida-Umezu paper",0,0,60
10000,9,"Yoshida-Umezu h=2",1,1,139
10000,9,"quantile 0.90",2,2,8
10000,9,"quantile 0.95",2,2,6
10000,9,"quantile 0.99",2,2,4
10000,10,"tail selected",2,2,3
10000,10,"tail aggregated",2,2,3
10000,10,"Yoshida-Umezu paper",1,1,191
10000,10,"Yoshida-Umezu h=2",1,2,19
10000,10,"quantile 0.90",2,2,7
10000,10,"quantile 0.95",2,2,3
10000,10,"quantile 0.99",2,2,3
10000,11,"tail selected",2,2,4
10000,11,"tail aggregated",2,2,4
10000,11,"Yoshida-Umezu paper",2,2,4
10000,11,"Yoshida-Umezu h=2",1,1,196
10000,11,"quantile 0.90",1,2,11
10000,11,"quantile 0.95",2,2,3
10000,11,"quantile 0.99",2,2,3
10000,12,"tail selected",2,2,3
10000,12,"tail aggregated",2,2,3
10000,12,"Yoshida-Umezu paper",0,0,174
10000,12,"Yoshida-Umezu h=2",1,1,96
10000,12,"quantile 0.90",1,1,42
10000,12,"quantile 0.95",2,2,5
10000,12,"quantile 0.99",1,2,14
10000,13,"tail selected",2,2,4
10000,13,"tail aggregated",2,2,4
10000,13,"Yoshida-Umezu paper",2,2,4
10000,13,"Yoshida-Umezu h=2",1,1,67
10000,13,"quantile 0.90",2,2,9
10000,13,"quantile 0.95",2,2,8
10000,13,"quantile 0.99",2,2,3
10000,14,"tail selected",2,2,4
10000,14,"tail aggregated",2,2,3
10000,14,"Yoshida-Umezu paper",1,1,89
10000,14,"Yoshida-Umezu h=2",1,1,134
10000,14,"quantile 0.90",2,2,7
10000,14,"quantile 0.95",2,2,3
10000,14,"quantile 0.99",2,2,3
10000,15,"tail selected",2,2,3
10000,15,"tail aggregated",2,2,3
10000,15,"Yoshida-Umezu paper",0,0,171
10000,15,"Yoshida-Umezu h=2",2,2,6
10000,15,"quantile 0.90",2,2,7
10000,15,"quantile 0.95",2,2,3
10000,15,"quantile 0.99",2,2,4
10000,16,"tail selected",2,2,4
10000,16,"tail aggregated",2,2,7
10000,16,"Yoshida-Umezu paper",2,2,4
10000,16,"Yoshida-Umezu h=2",1,1,21
10000,16,"quantile 0.90",2,2,8
10000,16,"quantile 0.95",2,2,6
10000,16,"quantile 0.99",2,2,4
10000,17,"tail selected",2,2,3
10000,17,"tail aggregated",2,2,3
10000,17,"Yoshida-Umezu paper",2,2,3
10000,17,"Yoshida-Umezu h=2",1,1,66
10000,17,"quantile 0.90",1,2,11
10000,17,"quantile 0.95",2,2,3
10000,17,"quantile 0.99",2,2,3
10000,18,"tail selected",1,1,37
10000,18,"tail aggregated",2,2,3
10000,18,"Yoshida-Umezu paper",2,2,8
10000,18,"Yoshida-Umezu h=2",1,1,151
10000,18,"quantile 0.90",2,2,6
10000,18,"quantile 0.95",2,2,3
10000,18,"quantile 0.99",2,2,4
10000,19,"tail selected",2,2,3
10000,19,"tail aggregated",2,2,3
10000,19,"Yoshida-Umezu paper",2,2,3
10000,19,"Yoshida-Umezu h=2",1,1,33
10000,19,"quantile 0.90",2,2,8
10000,19,"quantile 0.95",2,2,3
10000,19,"quantile 0.99",2,2,4
10000,20,"tail selected",2,2,3
10000,20,"tail aggregated",1,2,11
10000,20,"Yoshida-Umezu paper",2,2,2
10000,20,"Yoshida-Umezu h=2",0,0,182
10000,20,"quantile 0.90",1,1,34
10000,20,"quantile 0.95",2,2,3
10000,20,"quantile 0.99",2,2,4
