"covariate","score","rank_base","rank_agg_med","freq_top20","below_fam05","below_mrg05","below_mrg01"
"h06_0716",1.18010351865607,1,1.5,0.1,FALSE,TRUE,TRUE
"h06_0728",1.18247428906253,2,3,0,FALSE,TRUE,TRUE
"h06_0208",1.18264869386023,3,4,0.15,FALSE,TRUE,TRUE
"h06_0516",1.18297084158137,4,6,0.05,FALSE,TRUE,TRUE
"h06_0025",1.18314102910484,5,1.5,0.15,FALSE,TRUE,TRUE
"h06_0316",1.18350645673944,6,91,0,FALSE,TRUE,TRUE
"h06_0697",1.18377064379545,7,115,0.05,FALSE,TRUE,TRUE
"h06_0569",1.18435939221736,8,14,0,FALSE,TRUE,TRUE
"h06_0520",1.18464254177865,9,159,0,FALSE,TRUE,TRUE
"h06_0323",1.18526952447315,10,36,0.05,FALSE,TRUE,TRUE
"h06_0357",1.18585038677876,11,5,0,FALSE,TRUE,FALSE
"h06_1023",1.1860517188672,12,23,0,FALSE,TRUE,FALSE
"h06_0771",1.18611569842085,13,270.5,0.05,FALSE,TRUE,FALSE
"h06_0484",1.18618563742773,14,324.5,0,FALSE,TRUE,FALSE
"h06_0413",1.1862918065929,15,10.5,0,FALSE,TRUE,FALSE
"h06_0971",1.1870768486533,16,72,0,FALSE,TRUE,FALSE
"h06_0377",1.18711825942124,17,127.5,0.05,FALSE,TRUE,FALSE
"h06_0132",1.1873123463554,18,57,0.1,FALSE,TRUE,FALSE
"h06_0622",1.18736636526641,19,24,0.05,FALSE,TRUE,FALSE
"h06_0933",1.1874880830364,20,7,0.05,FALSE,TRUE,FALSE
"h06_0714",1.18785277116007,21,165.5,0,FALSE,TRUE,FALSE
"h06_0170",1.18785779843538,22,92,0.05,FALSE,TRUE,FALSE
"h06_0370",1.18816970433716,23,156,0,FALSE,TRUE,FALSE
"h06_0801",1.18831064627273,24,52,0,FALSE,TRUE,FALSE
"h06_0757",1.18838431195129,25,79,0.05,FALSE,TRUE,FALSE
"h06_0746",1.18839187952579,26,16,0.05,FALSE,TRUE,FALSE
"h06_0928",1.18840591609944,27,21,0.05,FALSE,TRUE,FALSE
"h06_0171",1.18841481635515,28,9,0,FALSE,TRUE,FALSE
"h06_0114",1.18846084622587,29,27.5,0,FALSE,TRUE,FALSE
"h06_0702",1.18850920030405,30,41,0,FALSE,TRUE,FALSE
"h06_0037",1.18851494861748,31,19.5,0.05,FALSE,TRUE,FALSE
"h06_0001",1.18856528678619,32,12,0.05,FALSE,TRUE,FALSE
"h06_0683",1.18864305478029,33,58,0,FALSE,TRUE,FALSE
"h06_0351",1.18877009622621,34,376,0,FALSE,TRUE,FALSE
"h06_0752",1.18900511492158,35,443.5,0,FALSE,TRUE,FALSE
"h06_0018",1.18904298663288,36,70.5,0.1,FALSE,TRUE,FALSE
"h06_0191",1.18904598568127,37,18,0.1,FALSE,TRUE,FALSE
"h06_1022",1.18909263225954,38,130.5,0,FALSE,TRUE,FALSE
"h06_0450",1.18911840421329,39,132.5,0,FALSE,TRUE,FALSE
"h06_0057",1.1891926227779,40,303.5,0,FALSE,TRUE,FALSE
"h06_0361",1.1892812376931,41,10.5,0,FALSE,TRUE,FALSE
"h06_0269",1.18930694831019,42,32.5,0,FALSE,TRUE,FALSE
"h06_0762",1.18944970123369,43,315.5,0.05,FALSE,TRUE,FALSE
"h06_0769",1.18948022532689,44,40,0.05,FALSE,TRUE,FALSE
"h06_0199",1.18961250025439,45,83,0,FALSE,TRUE,FALSE
"h06_0096",1.18967294207121,46,120,0.1,FALSE,TRUE,FALSE
"h06_0048",1.18983094443819,47,123,0,FALSE,TRUE,FALSE
"h06_1017",1.18986226880877,48,29,0.05,FALSE,TRUE,FALSE
"h06_1018",1.1900512943492,49,35,0,FALSE,TRUE,FALSE
"h06_0312",1.19021692677781,50,102,0,FALSE,FALSE,FALSE
"h06_0084",1.19022162572001,51,25.5,0,FALSE,FALSE,FALSE
"h06_0184",1.19025403488509,52,62.5,0,FALSE,FALSE,FALSE
"h06_0786",1.19039869305596,53,186,0,FALSE,FALSE,FALSE
"h06_0407",1.19040251137121,54,192,0.1,FALSE,FALSE,FALSE
"h06_0019",1.19047867121963,55,88,0,FALSE,FALSE,FALSE
"h06_0179",1.19055577983534,56,85,0.05,FALSE,FALSE,FALSE
"h06_0382",1.19057614188376,57,394,0.05,FALSE,FALSE,FALSE
"h06_0458",1.19075525665699,58,300.5,0,FALSE,FALSE,FALSE
"h06_0301",1.19080760084915,59,136.5,0,FALSE,FALSE,FALSE
"h06_0607",1.19085781304356,60,67.5,0,FALSE,FALSE,FALSE
"h06_0158",1.19088941965515,61,138.5,0.05,FALSE,FALSE,FALSE
"h06_0906",1.19097476490487,62,74.5,0,FALSE,FALSE,FALSE
"h06_0970",1.19099725366573,63,88,0,FALSE,FALSE,FALSE
"h06_0459",1.19105853041395,64,73,0,FALSE,FALSE,FALSE
"h06_0003",1.19114752429144,65,43.5,0.05,FALSE,FALSE,FALSE
"h06_0916",1.19119352218167,66,210,0,FALSE,FALSE,FALSE
"h06_0920",1.19127753040576,67,17,0,FALSE,FALSE,FALSE
"h06_0065",1.19130370935959,68,407,0,FALSE,FALSE,FALSE
"h06_0022",1.19134071413779,69,45,0.05,FALSE,FALSE,FALSE
"h06_0031",1.1914214616014,70,43.5,0.1,FALSE,FALSE,FALSE
"h06_0999",1.19142823927011,71,197,0,FALSE,FALSE,FALSE
"h06_0470",1.19143296499399,72,50.5,0.05,FALSE,FALSE,FALSE
"h06_0195",1.19144148192205,73,268,0,FALSE,FALSE,FALSE
"h06_0379",1.19144284044398,74,79,0,FALSE,FALSE,FALSE
"h06_0898",1.19145832245396,75,752.5,0.05,FALSE,FALSE,FALSE
"h06_0507",1.19149492531914,76,56,0,FALSE,FALSE,FALSE
"h06_0081",1.19150267724583,77,152,0,FALSE,FALSE,FALSE
"h06_0133",1.19152580876522,78,49,0.05,FALSE,FALSE,FALSE
"h06_0530",1.19152975653183,79,390.5,0,FALSE,FALSE,FALSE
"h06_0616",1.19161200468952,80,42,0,FALSE,FALSE,FALSE
"h06_0510",1.19183143390757,81,220,0,FALSE,FALSE,FALSE
"h06_0554",1.19184247454769,82,59.5,0.05,FALSE,FALSE,FALSE
"h06_0375",1.19188282556058,83,169.5,0,FALSE,FALSE,FALSE
"h06_0257",1.19190072313274,84,630,0.05,FALSE,FALSE,FALSE
"h06_0045",1.19191019272368,85,104,0,FALSE,FALSE,FALSE
"h06_0473",1.19194203340966,86,257.5,0,FALSE,FALSE,FALSE
"h06_1010",1.19197496927997,87,65,0,FALSE,FALSE,FALSE
"h06_0515",1.19201639775295,88,19.5,0,FALSE,FALSE,FALSE
"h06_0722",1.19208181749911,89,31,0.05,FALSE,FALSE,FALSE
"h06_0165",1.19210103353739,90,223,0,FALSE,FALSE,FALSE
"h06_0440",1.19212028362843,91,59.5,0.05,FALSE,FALSE,FALSE
"h06_0244",1.1922080311313,92,34,0,FALSE,FALSE,FALSE
"h06_0148",1.19222793519909,93,50.5,0,FALSE,FALSE,FALSE
"h06_0875",1.19226156343403,94,146,0,FALSE,FALSE,FALSE
"h06_0384",1.19227023700577,95,53.5,0,FALSE,FALSE,FALSE
"h06_0177",1.19229873230962,96,94.5,0,FALSE,FALSE,FALSE
"h06_0712",1.19234773483693,97,152,0,FALSE,FALSE,FALSE
"h06_0366",1.19240957696362,98,284,0,FALSE,FALSE,FALSE
"h06_0448",1.19241052171093,99,218,0.05,FALSE,FALSE,FALSE
"h06_0123",1.19242991985754,100,115,0,FALSE,FALSE,FALSE
"h06_0734",1.19243436077998,101,120,0,FALSE,FALSE,FALSE
"h06_0907",1.19251101888069,102,264.5,0.05,FALSE,FALSE,FALSE
"h06_0560",1.19253316414345,103,157,0,FALSE,FALSE,FALSE
"h06_0441",1.19254870369823,104,458,0,FALSE,FALSE,FALSE
"h06_0331",1.19256050564075,105,61,0,FALSE,FALSE,FALSE
"h06_0093",1.1926460360979,106,241.5,0.05,FALSE,FALSE,FALSE
"h06_0113",1.19268510072259,107,97,0.05,FALSE,FALSE,FALSE
"h06_0738",1.19277441551367,108,213,0.05,FALSE,FALSE,FALSE
"h06_0091",1.19286252464084,109,178.5,0.05,FALSE,FALSE,FALSE
"h06_0917",1.19290644728945,110,234.5,0.1,FALSE,FALSE,FALSE
"h06_0086",1.19293393240727,111,104,0.05,FALSE,FALSE,FALSE
"h06_0442",1.19294149276394,112,219,0,FALSE,FALSE,FALSE
"h06_0009",1.19294992353903,113,193.5,0,FALSE,FALSE,FALSE
"h06_0671",1.19300707518775,114,230.5,0.05,FALSE,FALSE,FALSE
"h06_0651",1.19302085349329,115,154.5,0,FALSE,FALSE,FALSE
"h06_0850",1.19307443559747,116,134.5,0,FALSE,FALSE,FALSE
"h06_0532",1.19308126769951,117,110.5,0.05,FALSE,FALSE,FALSE
"h06_0576",1.1930910202096,118,127.5,0,FALSE,FALSE,FALSE
"h06_0758",1.19309935000828,119,106.5,0.05,FALSE,FALSE,FALSE
"h06_0874",1.19310025653554,120,79,0.05,FALSE,FALSE,FALSE
"h06_0490",1.19313937676258,121,189.5,0,FALSE,FALSE,FALSE
"h06_0457",1.19315989797899,122,338.5,0,FALSE,FALSE,FALSE
"h06_0024",1.19317986771885,123,359.5,0.05,FALSE,FALSE,FALSE
"h06_0314",1.1931825453228,124,574,0,FALSE,FALSE,FALSE
"h06_0117",1.19321843830347,125,300.5,0,FALSE,FALSE,FALSE
"h06_0163",1.19323266825311,126,100,0.05,FALSE,FALSE,FALSE
"h06_0085",1.19335380326497,127,383,0,FALSE,FALSE,FALSE
"h06_0073",1.19337269644208,128,81.5,0.15,FALSE,FALSE,FALSE
"h06_0858",1.19337985550231,129,167.5,0,FALSE,FALSE,FALSE
"h06_0278",1.19339898851804,130,120,0,FALSE,FALSE,FALSE
"h06_0228",1.19343886742279,131,200,0,FALSE,FALSE,FALSE
"h06_0042",1.19344712393187,132,298.5,0,FALSE,FALSE,FALSE
"h06_0246",1.1935432565283,133,140,0,FALSE,FALSE,FALSE
"h06_0966",1.19355604353505,134,30,0.1,FALSE,FALSE,FALSE
"h06_0277",1.1935578530356,135,215,0.05,FALSE,FALSE,FALSE
"h06_0840",1.19359498330841,136,88,0.05,FALSE,FALSE,FALSE
"h06_0931",1.19363447678867,137,115,0,FALSE,FALSE,FALSE
"h06_0333",1.19363974046602,138,150,0.05,FALSE,FALSE,FALSE
"h06_0013",1.19366607565116,139,206.5,0,FALSE,FALSE,FALSE
"h06_0355",1.19371429480735,140,335,0.05,FALSE,FALSE,FALSE
"h06_0832",1.19377083404379,141,47,0,FALSE,FALSE,FALSE
"h06_0522",1.19380704983893,142,257.5,0.1,FALSE,FALSE,FALSE
"h06_0433",1.19382792998435,143,393,0,FALSE,FALSE,FALSE
"h06_0334",1.19384685896545,144,289,0.05,FALSE,FALSE,FALSE
"h06_0685",1.19384734653627,145,165.5,0,FALSE,FALSE,FALSE
"h06_0965",1.19384955220872,146,98,0,FALSE,FALSE,FALSE
"h06_0192",1.19389241747972,147,100,0.05,FALSE,FALSE,FALSE
"h06_0812",1.19391554145766,148,120,0,FALSE,FALSE,FALSE
"h06_0511",1.19394327171812,149,255.5,0,FALSE,FALSE,FALSE
"h06_0204",1.19395312485866,150,147,0,FALSE,FALSE,FALSE
"h06_0069",1.1940118558939,151,46,0,FALSE,FALSE,FALSE
"h06_0598",1.19403325375447,152,110.5,0.05,FALSE,FALSE,FALSE
"h06_0062",1.19405110048237,153,141,0,FALSE,FALSE,FALSE
"h06_0868",1.19407558745803,154,390.5,0.05,FALSE,FALSE,FALSE
"h06_0856",1.19408426142056,155,120,0.1,FALSE,FALSE,FALSE
"h06_0523",1.19411396696938,156,138.5,0,FALSE,FALSE,FALSE
"h06_0859",1.19411899177133,157,411.5,0.05,FALSE,FALSE,FALSE
"h06_0635",1.19412041641685,158,124.5,0.05,FALSE,FALSE,FALSE
"h06_0332",1.19420623151505,159,144.5,0,FALSE,FALSE,FALSE
"h06_0997",1.19424517808,160,77,0,FALSE,FALSE,FALSE
"h06_0512",1.19429817490097,161,127.5,0,FALSE,FALSE,FALSE
"h06_0553",1.19436388641861,162,243.5,0,FALSE,FALSE,FALSE
"h06_0328",1.19438439323356,163,454.5,0,FALSE,FALSE,FALSE
"h06_0435",1.19438957669704,164,603.5,0,FALSE,FALSE,FALSE
"h06_0012",1.19443301499773,165,130.5,0,FALSE,FALSE,FALSE
"h06_0814",1.19445110176801,166,502,0.05,FALSE,FALSE,FALSE
"h06_0508",1.19449752695439,167,313,0,FALSE,FALSE,FALSE
"h06_0108",1.1944992207691,168,373.5,0.05,FALSE,FALSE,FALSE
"h06_0291",1.19451661372324,169,855.5,0.05,FALSE,FALSE,FALSE
"h06_0028",1.1945620824201,170,86,0,FALSE,FALSE,FALSE
"h06_0688",1.19457368111757,171,162,0.05,FALSE,FALSE,FALSE
"h06_0131",1.19457723984194,172,182.5,0,FALSE,FALSE,FALSE
"h06_0364",1.19463047875604,173,200,0.1,FALSE,FALSE,FALSE
"h06_0817",1.19463177425985,174,252,0,FALSE,FALSE,FALSE
"h06_0643",1.19464181060685,175,651,0.05,FALSE,FALSE,FALSE
"h06_0987",1.19464310658973,176,144.5,0.05,FALSE,FALSE,FALSE
"h06_0807",1.19468023515947,177,247,0.05,FALSE,FALSE,FALSE
"h06_0302",1.1946834586434,178,173,0,FALSE,FALSE,FALSE
"h06_0930",1.19468361898959,179,148.5,0,FALSE,FALSE,FALSE
"h06_0385",1.19469059825973,180,289,0,FALSE,FALSE,FALSE
"h06_0005",1.1947134412747,181,239,0.05,FALSE,FALSE,FALSE
"h06_0217",1.19471345835122,182,13,0.05,FALSE,FALSE,FALSE
"h06_0692",1.19473052208431,183,152,0,FALSE,FALSE,FALSE
"h06_0210",1.194759134439,184,260.5,0.1,FALSE,FALSE,FALSE
"h06_0543",1.1947617669994,185,420,0.05,FALSE,FALSE,FALSE
"h06_0215",1.19476613434087,186,260.5,0.1,FALSE,FALSE,FALSE
"h06_0420",1.19477005532016,187,62.5,0,FALSE,FALSE,FALSE
"h06_0203",1.19477836626246,188,779,0,FALSE,FALSE,FALSE
"h06_0599",1.1947979366828,189,69,0,FALSE,FALSE,FALSE
"h06_0518",1.19482207036775,190,132.5,0,FALSE,FALSE,FALSE
"h06_0089",1.19483680475113,191,441,0,FALSE,FALSE,FALSE
"h06_0961",1.19484570258862,192,182.5,0,FALSE,FALSE,FALSE
"h06_0594",1.19486817357073,193,161,0.05,FALSE,FALSE,FALSE
"h06_0625",1.19491554963827,194,238,0.05,FALSE,FALSE,FALSE
"h06_0443",1.19491955307566,195,296.5,0.05,FALSE,FALSE,FALSE
"h06_0618",1.19493153333796,196,106.5,0.05,FALSE,FALSE,FALSE
"h06_0219",1.1949365677375,197,195.5,0,FALSE,FALSE,FALSE
"h06_0869",1.19493805989719,198,67.5,0.05,FALSE,FALSE,FALSE
"h06_0779",1.19499604778794,199,15,0.1,FALSE,FALSE,FALSE
"h06_0827",1.19500585289632,200,169.5,0,FALSE,FALSE,FALSE
"h06_0537",1.1950774083612,201,74.5,0.05,FALSE,FALSE,FALSE
"h06_1020",1.19511366515028,202,25.5,0,FALSE,FALSE,FALSE
"h06_0890",1.19513725792279,203,174.5,0.1,FALSE,FALSE,FALSE
"h06_0209",1.19516301203814,204,176,0.05,FALSE,FALSE,FALSE
"h06_0824",1.19517370488739,205,202,0,FALSE,FALSE,FALSE
"h06_0842",1.19518682367288,206,186,0,FALSE,FALSE,FALSE
"h06_0849",1.19519079035499,207,178.5,0.05,FALSE,FALSE,FALSE
"h06_0704",1.19519398111479,208,180,0.05,FALSE,FALSE,FALSE
"h06_0953",1.19520917889057,209,181,0.05,FALSE,FALSE,FALSE
"h06_0066",1.19523359154663,210,65,0.05,FALSE,FALSE,FALSE
"h06_1011",1.19523395362312,211,186,0.05,FALSE,FALSE,FALSE
"h06_0837",1.19525114234435,212,115,0.1,FALSE,FALSE,FALSE
"h06_0335",1.19530225354769,213,174.5,0.1,FALSE,FALSE,FALSE
"h06_0050",1.19539013784844,214,295,0.05,FALSE,FALSE,FALSE
"h06_0901",1.19542408534299,215,110.5,0,FALSE,FALSE,FALSE
"h06_0950",1.19542488550144,216,65,0,FALSE,FALSE,FALSE
"h06_0686",1.19545073917998,217,513.5,0,FALSE,FALSE,FALSE
"h06_0743",1.19546899006344,218,345,0,FALSE,FALSE,FALSE
"h06_1006",1.19557223373197,219,364,0,FALSE,FALSE,FALSE
"h06_0145",1.19557878794145,220,193.5,0,FALSE,FALSE,FALSE
"h06_0986",1.19560650985731,221,253,0.05,FALSE,FALSE,FALSE
"h06_0178",1.19560874317731,222,22,0,FALSE,FALSE,FALSE
"h06_0338",1.19561114797474,223,37.5,0.05,FALSE,FALSE,FALSE
"h06_0732",1.19564197667669,224,171.5,0,FALSE,FALSE,FALSE
"h06_0290",1.1957088753869,225,142.5,0,FALSE,FALSE,FALSE
"h06_0105",1.19572033562428,226,371.5,0,FALSE,FALSE,FALSE
"h06_0265",1.19574244270018,227,280,0.05,FALSE,FALSE,FALSE
"h06_0767",1.19575372248266,228,204,0,FALSE,FALSE,FALSE
"h06_0389",1.19576345842408,229,752.5,0,FALSE,FALSE,FALSE
"h06_0873",1.19576477814054,230,206.5,0,FALSE,FALSE,FALSE
"h06_0346",1.19578805707969,231,264.5,0.05,FALSE,FALSE,FALSE
"h06_0785",1.19579274883282,232,445,0,FALSE,FALSE,FALSE
"h06_0064",1.19580278862022,233,317,0,FALSE,FALSE,FALSE
"h06_0839",1.19580500554109,234,8,0,FALSE,FALSE,FALSE
"h06_0695",1.1958173363808,235,213,0.05,FALSE,FALSE,FALSE
"h06_0684",1.19591485682012,236,322.5,0,FALSE,FALSE,FALSE
"h06_0032",1.19598988430081,237,733,0,FALSE,FALSE,FALSE
"h06_0292",1.19600539811755,238,306,0.05,FALSE,FALSE,FALSE
"h06_0483",1.19602998948145,239,397,0.05,FALSE,FALSE,FALSE
"h06_0492",1.19604583759101,240,886.5,0.05,FALSE,FALSE,FALSE
"h06_0740",1.19607054795307,241,495.5,0,FALSE,FALSE,FALSE
"h06_0287",1.19607285882265,242,346,0,FALSE,FALSE,FALSE
"h06_0294",1.19612083189487,243,96,0,FALSE,FALSE,FALSE
"h06_0140",1.19619403952121,244,110.5,0,FALSE,FALSE,FALSE
"h06_0647",1.19619898849908,245,286.5,0.05,FALSE,FALSE,FALSE
"h06_0223",1.19621996309188,246,424.5,0,FALSE,FALSE,FALSE
"h06_0220",1.19625967147415,247,405.5,0,FALSE,FALSE,FALSE
"h06_0097",1.19629898520652,248,208,0,FALSE,FALSE,FALSE
"h06_0624",1.19630278551978,249,439,0.05,FALSE,FALSE,FALSE
"h06_0368",1.19633350897081,250,213,0,FALSE,FALSE,FALSE
"h06_0437",1.19635017144301,251,226.5,0,FALSE,FALSE,FALSE
"h06_0652",1.19636558652077,252,228.5,0.1,FALSE,FALSE,FALSE
"h06_0640",1.19636971909607,253,230.5,0.1,FALSE,FALSE,FALSE
"h06_0079",1.19637867159192,254,283,0,FALSE,FALSE,FALSE
"h06_0673",1.19637996664839,255,415,0,FALSE,FALSE,FALSE
"h06_0701",1.19638673919981,256,236.5,0.05,FALSE,FALSE,FALSE
"h06_0007",1.19639189318685,257,562,0.05,FALSE,FALSE,FALSE
"h06_0320",1.19639279264896,258,414,0.1,FALSE,FALSE,FALSE
"h06_0897",1.19639530144651,259,475,0.05,FALSE,FALSE,FALSE
"h06_0495",1.19641384752634,260,343.5,0,FALSE,FALSE,FALSE
"h06_0401",1.19645028182762,261,458,0,FALSE,FALSE,FALSE
"h06_0212",1.19647455842367,262,195.5,0.05,FALSE,FALSE,FALSE
"h06_0254",1.19648823190079,263,241.5,0,FALSE,FALSE,FALSE
"h06_0730",1.19651758017978,264,508.5,0.05,FALSE,FALSE,FALSE
"h06_0681",1.19653327431328,265,465.5,0,FALSE,FALSE,FALSE
"h06_0010",1.19654585726779,266,148.5,0,FALSE,FALSE,FALSE
"h06_0378",1.19654614864456,267,341,0,FALSE,FALSE,FALSE
"h06_0190",1.19655209524364,268,464,0.05,FALSE,FALSE,FALSE
"h06_0792",1.19655641348811,269,224,0,FALSE,FALSE,FALSE
"h06_0241",1.19655726441988,270,356,0,FALSE,FALSE,FALSE
"h06_0207",1.19659834683219,271,142.5,0,FALSE,FALSE,FALSE
"h06_0892",1.19662778826246,272,566.5,0,FALSE,FALSE,FALSE
"h06_0982",1.19664722353121,273,53.5,0,FALSE,FALSE,FALSE
"h06_1019",1.1966612491893,274,348.5,0.05,FALSE,FALSE,FALSE
"h06_0330",1.1966656863992,275,422,0,FALSE,FALSE,FALSE
"h06_0238",1.19668642656926,276,104,0.05,FALSE,FALSE,FALSE
"h06_0026",1.19672585896769,277,260.5,0.1,FALSE,FALSE,FALSE
"h06_0909",1.19673235057176,278,264.5,0,FALSE,FALSE,FALSE
"h06_0989",1.19677818186437,279,90,0.05,FALSE,FALSE,FALSE
"h06_0072",1.19682308753743,280,163.5,0,FALSE,FALSE,FALSE
"h06_0527",1.19684641993643,281,267,0.05,FALSE,FALSE,FALSE
"h06_0075",1.19685617404792,282,757.5,0,FALSE,FALSE,FALSE
"h06_0488",1.19687634787598,283,463,0,FALSE,FALSE,FALSE
"h06_0540",1.19694223718045,284,368,0.05,FALSE,FALSE,FALSE
"h06_0193",1.19696063467351,285,273,0.05,FALSE,FALSE,FALSE
"h06_0578",1.1969698864013,286,270.5,0,FALSE,FALSE,FALSE
"h06_0964",1.19702287304425,287,272,0,FALSE,FALSE,FALSE
"h06_0342",1.19702942395252,288,308.5,0.05,FALSE,FALSE,FALSE
"h06_0428",1.1970297886894,289,221.5,0,FALSE,FALSE,FALSE
"h06_0815",1.19704430742139,290,245.5,0,FALSE,FALSE,FALSE
"h06_0912",1.19709153854995,291,291,0,FALSE,FALSE,FALSE
"h06_0071",1.19710900339674,292,436,0,FALSE,FALSE,FALSE
"h06_0601",1.19711246481597,293,70.5,0,FALSE,FALSE,FALSE
"h06_0383",1.19711289468628,294,525.5,0,FALSE,FALSE,FALSE
"h06_0944",1.19711837565593,295,493,0,FALSE,FALSE,FALSE
"h06_0742",1.19712846508862,296,280,0,FALSE,FALSE,FALSE
"h06_0336",1.19719325807247,297,204,0,FALSE,FALSE,FALSE
"h06_0419",1.19724930485612,298,282,0,FALSE,FALSE,FALSE
"h06_0723",1.19726668914457,299,609,0.05,FALSE,FALSE,FALSE
"h06_0399",1.19727407723085,300,285,0.05,FALSE,FALSE,FALSE
"h06_0904",1.19730332270187,301,331,0.05,FALSE,FALSE,FALSE
"h06_0015",1.1973050097114,302,27.5,0,FALSE,FALSE,FALSE
"h06_0895",1.19731297830349,303,403,0,FALSE,FALSE,FALSE
"h06_0838",1.19733297606991,304,269,0,FALSE,FALSE,FALSE
"h06_0230",1.1973409646995,305,292,0.05,FALSE,FALSE,FALSE
"h06_0099",1.19738571252167,306,293,0,FALSE,FALSE,FALSE
"h06_0696",1.19747159236805,307,294,0,FALSE,FALSE,FALSE
"h06_0823",1.19749025019782,308,417.5,0,FALSE,FALSE,FALSE
"h06_0006",1.19754218972828,309,981,0,FALSE,FALSE,FALSE
"h06_0255",1.19755541009907,310,210,0,FALSE,FALSE,FALSE
"h06_0414",1.19756296785759,311,670,0,FALSE,FALSE,FALSE
"h06_0409",1.19756930222974,312,250.5,0,FALSE,FALSE,FALSE
"h06_0421",1.19757994846681,313,352,0,FALSE,FALSE,FALSE
"h06_0074",1.19762249435722,314,204,0,FALSE,FALSE,FALSE
"h06_0957",1.19764703311224,315,356,0,FALSE,FALSE,FALSE
"h06_0818",1.19765314848746,316,171.5,0,FALSE,FALSE,FALSE
"h06_0519",1.19765384811407,317,369.5,0.05,FALSE,FALSE,FALSE
"h06_0431",1.197675400648,318,772.5,0,FALSE,FALSE,FALSE
"h06_0000",1.19767998487433,319,516,0,FALSE,FALSE,FALSE
"h06_0750",1.19769365061076,320,728,0.05,FALSE,FALSE,FALSE
"h06_0821",1.19770313331822,321,306,0.05,FALSE,FALSE,FALSE
"h06_0544",1.19772873729068,322,336.5,0.05,FALSE,FALSE,FALSE
"h06_0444",1.19773511801262,323,115,0.05,FALSE,FALSE,FALSE
"h06_0182",1.19773611931132,324,302,0,FALSE,FALSE,FALSE
"h06_0253",1.19773819150737,325,701,0.05,FALSE,FALSE,FALSE
"h06_0445",1.19775886112655,326,481.5,0,FALSE,FALSE,FALSE
"h06_0871",1.1977607541065,327,408,0,FALSE,FALSE,FALSE
"h06_0843",1.19777815073153,328,598,0,FALSE,FALSE,FALSE
"h06_0726",1.19778686501216,329,380,0.05,FALSE,FALSE,FALSE
"h06_0690",1.19785092063307,330,312,0.05,FALSE,FALSE,FALSE
"h06_0462",1.19789164214052,331,84,0,FALSE,FALSE,FALSE
"h06_0429",1.19790469072449,332,32.5,0.05,FALSE,FALSE,FALSE
"h06_0422",1.19791200456455,333,458,0,FALSE,FALSE,FALSE
"h06_0772",1.19791858157673,334,541.5,0.05,FALSE,FALSE,FALSE
"h06_0979",1.19792479160156,335,348.5,0,FALSE,FALSE,FALSE
"h06_0936",1.19793861638817,336,250.5,0,FALSE,FALSE,FALSE
"h06_0405",1.19794259607998,337,675.5,0.1,FALSE,FALSE,FALSE
"h06_0885",1.19796720422545,338,221.5,0,FALSE,FALSE,FALSE
"h06_0980",1.19796819196496,339,546.5,0,FALSE,FALSE,FALSE
"h06_0886",1.19797814700904,340,390.5,0,FALSE,FALSE,FALSE
"h06_0285",1.19806126316448,341,563,0.05,FALSE,FALSE,FALSE
"h06_0344",1.19806504049502,342,324.5,0.1,FALSE,FALSE,FALSE
"h06_0476",1.19807053164212,343,136.5,0,FALSE,FALSE,FALSE
"h06_0703",1.19807681225874,344,375,0,FALSE,FALSE,FALSE
"h06_0104",1.19808677226173,345,390.5,0,FALSE,FALSE,FALSE
"h06_0645",1.19814817111422,346,134.5,0,FALSE,FALSE,FALSE
"h06_0550",1.19819215993244,347,318,0.05,FALSE,FALSE,FALSE
"h06_0749",1.19822968259704,348,920,0,FALSE,FALSE,FALSE
"h06_0789",1.19826309950401,349,555.5,0,FALSE,FALSE,FALSE
"h06_0392",1.19829097155008,350,332,0,FALSE,FALSE,FALSE
"h06_0234",1.19831538263977,351,653.5,0,FALSE,FALSE,FALSE
"h06_0799",1.19831682694897,352,245.5,0.05,FALSE,FALSE,FALSE
"h06_0593",1.19832483808625,353,228.5,0.05,FALSE,FALSE,FALSE
"h06_0955",1.19833142835036,354,521,0,FALSE,FALSE,FALSE
"h06_0538",1.19835138752567,355,39,0.05,FALSE,FALSE,FALSE
"h06_0884",1.19837118764419,356,824.5,0,FALSE,FALSE,FALSE
"h06_0358",1.19839236409521,357,661.5,0,FALSE,FALSE,FALSE
"h06_0311",1.19840395016227,358,462,0,FALSE,FALSE,FALSE
"h06_0770",1.19841593257579,359,424.5,0,FALSE,FALSE,FALSE
"h06_0416",1.19844130239638,360,343.5,0,FALSE,FALSE,FALSE
"h06_0461",1.19844707577126,361,186,0.05,FALSE,FALSE,FALSE
"h06_0229",1.19846004245912,362,685,0.05,FALSE,FALSE,FALSE
"h06_0963",1.19850113152449,363,683,0,FALSE,FALSE,FALSE
"h06_0494",1.19852054797496,364,377.5,0.05,FALSE,FALSE,FALSE
"h06_0655",1.19855714359322,365,417.5,0,FALSE,FALSE,FALSE
"h06_0303",1.19861358709183,366,749.5,0,FALSE,FALSE,FALSE
"h06_0112",1.19863619892623,367,298.5,0.05,FALSE,FALSE,FALSE
"h06_0129",1.19864849295942,368,637.5,0,FALSE,FALSE,FALSE
"h06_0736",1.19865092654333,369,364,0.05,FALSE,FALSE,FALSE
"h06_0669",1.19865395395939,370,55,0.05,FALSE,FALSE,FALSE
"h06_0308",1.19865859477374,371,351,0,FALSE,FALSE,FALSE
"h06_0694",1.19866965797312,372,745,0.05,FALSE,FALSE,FALSE
"h06_0134",1.19871803145313,373,320,0.05,FALSE,FALSE,FALSE
"h06_0447",1.19872192964782,374,477.5,0,FALSE,FALSE,FALSE
"h06_0921",1.19874390437557,375,483,0,FALSE,FALSE,FALSE
"h06_0595",1.19874860861883,376,277.5,0,FALSE,FALSE,FALSE
"h06_0496",1.19879104730902,377,356,0,FALSE,FALSE,FALSE
"h06_0231",1.19879960369117,378,189.5,0.05,FALSE,FALSE,FALSE
"h06_0778",1.19884314825891,379,472,0,FALSE,FALSE,FALSE
"h06_0583",1.19885123191524,380,358,0,FALSE,FALSE,FALSE
"h06_0465",1.19885825664973,381,359.5,0.1,FALSE,FALSE,FALSE
"h06_0180",1.19889079654484,382,593.5,0,FALSE,FALSE,FALSE
"h06_0245",1.19890713053855,383,437.5,0,FALSE,FALSE,FALSE
"h06_0289",1.1989085155404,384,216.5,0,FALSE,FALSE,FALSE
"h06_0649",1.1989203916962,385,366.5,0,FALSE,FALSE,FALSE
"h06_0809",1.19892989792184,386,801,0,FALSE,FALSE,FALSE
"h06_0991",1.19894761104983,387,759.5,0,FALSE,FALSE,FALSE
"h06_0582",1.19895109549582,388,321,0,FALSE,FALSE,FALSE
"h06_0548",1.19898602950167,389,369.5,0.05,FALSE,FALSE,FALSE
"h06_0121",1.19899546172932,390,233,0.05,FALSE,FALSE,FALSE
"h06_0941",1.19900680081657,391,373.5,0,FALSE,FALSE,FALSE
"h06_0615",1.19903788960013,392,926.5,0.05,FALSE,FALSE,FALSE
"h06_0272",1.19904692936552,393,333,0,FALSE,FALSE,FALSE
"h06_0359",1.19905339911158,394,275.5,0,FALSE,FALSE,FALSE
"h06_0464",1.19905654178126,395,673,0,FALSE,FALSE,FALSE
"h06_0083",1.19906354083761,396,379,0.05,FALSE,FALSE,FALSE
"h06_0880",1.1990831979009,397,108,0.05,FALSE,FALSE,FALSE
"h06_0574",1.19908517451703,398,354,0,FALSE,FALSE,FALSE
"h06_0974",1.1990885040654,399,154.5,0,FALSE,FALSE,FALSE
"h06_0564",1.19913024490303,400,277.5,0,FALSE,FALSE,FALSE
"h06_0325",1.1991553453199,401,564.5,0,FALSE,FALSE,FALSE
"h06_0854",1.19916866315316,402,386,0.05,FALSE,FALSE,FALSE
"h06_0029",1.19919400423961,403,456,0,FALSE,FALSE,FALSE
"h06_0251",1.19921144356784,404,347,0,FALSE,FALSE,FALSE
"h06_0017",1.19921570748011,405,225,0,FALSE,FALSE,FALSE
"h06_0608",1.19921842788969,406,338.5,0,FALSE,FALSE,FALSE
"h06_0588",1.1992595188525,407,678,0,FALSE,FALSE,FALSE
"h06_0183",1.1992618343634,408,432.5,0,FALSE,FALSE,FALSE
"h06_0286",1.19927449213321,409,437.5,0.1,FALSE,FALSE,FALSE
"h06_0867",1.19929868244047,410,398,0,FALSE,FALSE,FALSE
"h06_0125",1.19931032544786,411,399,0,FALSE,FALSE,FALSE
"h06_0299",1.1993390180389,412,296.5,0.05,FALSE,FALSE,FALSE
"h06_0784",1.19934492675373,413,910,0,FALSE,FALSE,FALSE
"h06_0606",1.1993525935148,414,645.5,0,FALSE,FALSE,FALSE
"h06_0623",1.19936388732827,415,949.5,0.05,FALSE,FALSE,FALSE
"h06_0935",1.19937998791369,416,93,0,FALSE,FALSE,FALSE
"h06_0480",1.19938394555162,417,404,0.05,FALSE,FALSE,FALSE
"h06_0350",1.19940262924853,418,584,0,FALSE,FALSE,FALSE
"h06_0765",1.19940297380091,419,371.5,0,FALSE,FALSE,FALSE
"h06_0863",1.19940590761459,420,216.5,0.05,FALSE,FALSE,FALSE
"h06_0102",1.19941115415003,421,473,0.05,FALSE,FALSE,FALSE
"h06_0376",1.199465071782,422,504,0,FALSE,FALSE,FALSE
"h06_0773",1.19947422934278,423,386,0,FALSE,FALSE,FALSE
"h06_0612",1.19949092919592,424,260.5,0.05,FALSE,FALSE,FALSE
"h06_0978",1.19950398087656,425,383,0.05,FALSE,FALSE,FALSE
"h06_0945",1.1995225734648,426,522,0.05,FALSE,FALSE,FALSE
"h06_0411",1.19954560656964,427,411.5,0,FALSE,FALSE,FALSE
"h06_0756",1.1995716769426,428,803.5,0.05,FALSE,FALSE,FALSE
"h06_0650",1.19957464671048,429,460.5,0.1,FALSE,FALSE,FALSE
"h06_0954",1.19958148326013,430,599,0.05,FALSE,FALSE,FALSE
"h06_0194",1.19959156277721,431,501,0.05,FALSE,FALSE,FALSE
"h06_0763",1.19961744985487,432,913,0,FALSE,FALSE,FALSE
"h06_0185",1.19963880505594,433,742.5,0,FALSE,FALSE,FALSE
"h06_0430",1.19965017409258,434,947.5,0.1,FALSE,FALSE,FALSE
"h06_0497",1.19965260916729,435,533,0,FALSE,FALSE,FALSE
"h06_0835",1.19966231853688,436,932,0,FALSE,FALSE,FALSE
"h06_0680",1.19968422548901,437,341,0.05,FALSE,FALSE,FALSE
"h06_0080",1.19968894293127,438,322.5,0,FALSE,FALSE,FALSE
"h06_0720",1.19969318153791,439,426.5,0,FALSE,FALSE,FALSE
"h06_0790",1.19970079056834,440,428.5,0,FALSE,FALSE,FALSE
"h06_0152",1.19970189480267,441,681,0,FALSE,FALSE,FALSE
"h06_0227",1.19972376967982,442,487.5,0.1,FALSE,FALSE,FALSE
"h06_0539",1.19972951652791,443,401.5,0,FALSE,FALSE,FALSE
"h06_0774",1.19973973600372,444,451,0.05,FALSE,FALSE,FALSE
"h06_0288",1.19976201379074,445,435,0.05,FALSE,FALSE,FALSE
"h06_0525",1.19977558392412,446,81.5,0.05,FALSE,FALSE,FALSE
"h06_0517",1.1997793696779,447,523,0,FALSE,FALSE,FALSE
"h06_0293",1.19979213386699,448,100,0.05,FALSE,FALSE,FALSE
"h06_0903",1.19980049812215,449,163.5,0.05,FALSE,FALSE,FALSE
"h06_0274",1.19983166745391,450,511,0.05,FALSE,FALSE,FALSE
"h06_0899",1.19983585869437,451,536,0,FALSE,FALSE,FALSE
"h06_0095",1.1998420478548,452,159,0,FALSE,FALSE,FALSE
"h06_1000",1.19986617116951,453,330,0.05,FALSE,FALSE,FALSE
"h06_0975",1.19991113865874,454,956,0.05,FALSE,FALSE,FALSE
"h06_0404",1.19991350000301,455,432.5,0,FALSE,FALSE,FALSE
"h06_0168",1.19993239157787,456,409,0,FALSE,FALSE,FALSE
"h06_0709",1.19993928912149,457,489.5,0,FALSE,FALSE,FALSE
"h06_0424",1.19995037604828,458,328,0,FALSE,FALSE,FALSE
"h06_0432",1.19996027681333,459,447.5,0,FALSE,FALSE,FALSE
"h06_0585",1.19996908959289,460,410,0,FALSE,FALSE,FALSE
"h06_0124",1.19999117986603,461,564.5,0,FALSE,FALSE,FALSE
"h06_0943",1.20002590716339,462,593.5,0,FALSE,FALSE,FALSE
"h06_0751",1.20004565326095,463,655,0.05,FALSE,FALSE,FALSE
"h06_0644",1.20008767992423,464,591.5,0,FALSE,FALSE,FALSE
"h06_0138",1.20009078314498,465,468,0,FALSE,FALSE,FALSE
"h06_0575",1.20011886284727,466,552,0,FALSE,FALSE,FALSE
"h06_0711",1.20013233284661,467,894,0,FALSE,FALSE,FALSE
"h06_0218",1.20014441780096,468,440,0,FALSE,FALSE,FALSE
"h06_0030",1.20014712347933,469,596.5,0,FALSE,FALSE,FALSE
"h06_0169",1.20022165463764,470,127.5,0,FALSE,FALSE,FALSE
"h06_0200",1.20022263731826,471,395.5,0,FALSE,FALSE,FALSE
"h06_0160",1.20024974131623,472,918,0,FALSE,FALSE,FALSE
"h06_0590",1.20026459961379,473,829,0,FALSE,FALSE,FALSE
"h06_0221",1.20029399295991,474,467,0,FALSE,FALSE,FALSE
"h06_0713",1.20031465106444,475,497,0,FALSE,FALSE,FALSE
"h06_1002",1.2003718629607,476,422,0.05,FALSE,FALSE,FALSE
"h06_0589",1.20037712515915,477,755,0,FALSE,FALSE,FALSE
"h06_0408",1.20038071190235,478,675.5,0,FALSE,FALSE,FALSE
"h06_0240",1.20038281537612,479,310.5,0,FALSE,FALSE,FALSE
"h06_0908",1.20041098334484,480,159,0,FALSE,FALSE,FALSE
"h06_0610",1.20042340080008,481,790,0.1,FALSE,FALSE,FALSE
"h06_0284",1.20043913697751,482,714,0,FALSE,FALSE,FALSE
"h06_0794",1.20046952129907,483,625,0.1,FALSE,FALSE,FALSE
"h06_0638",1.20049294845407,484,474,0,FALSE,FALSE,FALSE
"h06_0477",1.20050125718253,485,476,0.05,FALSE,FALSE,FALSE
"h06_0531",1.20050177543976,486,477.5,0.1,FALSE,FALSE,FALSE
"h06_1009",1.20050245477102,487,529,0,FALSE,FALSE,FALSE
"h06_0035",1.20051760783186,488,37.5,0.05,FALSE,FALSE,FALSE
"h06_0547",1.20052114529974,489,632.5,0,FALSE,FALSE,FALSE
"h06_0853",1.20056517904268,490,716.5,0,FALSE,FALSE,FALSE
"h06_0766",1.2005739495787,491,383,0.05,FALSE,FALSE,FALSE
"h06_0939",1.20057459178853,492,481.5,0,FALSE,FALSE,FALSE
"h06_0609",1.20061525818637,493,665,0,FALSE,FALSE,FALSE
"h06_0841",1.20063794434056,494,377.5,0.05,FALSE,FALSE,FALSE
"h06_0526",1.20063864642509,495,518.5,0,FALSE,FALSE,FALSE
"h06_0826",1.20064214025614,496,226.5,0.05,FALSE,FALSE,FALSE
"h06_0233",1.20065853237885,497,248.5,0,FALSE,FALSE,FALSE
"h06_0654",1.20066962101209,498,485.5,0,FALSE,FALSE,FALSE
"h06_1003",1.20067119224513,499,674,0,FALSE,FALSE,FALSE
"h06_0584",1.20067152586594,500,568.5,0,FALSE,FALSE,FALSE
"h06_0967",1.20067197638138,501,499.5,0,FALSE,FALSE,FALSE
"h06_0052",1.20069028968978,502,314,0.05,FALSE,FALSE,FALSE
"h06_0894",1.20069996752841,503,493,0,FALSE,FALSE,FALSE
"h06_0436",1.20071824533551,504,450,0,FALSE,FALSE,FALSE
"h06_0281",1.20072544169464,505,328,0.05,FALSE,FALSE,FALSE
"h06_0535",1.2007281065958,506,627,0,FALSE,FALSE,FALSE
"h06_0926",1.20073325004038,507,336.5,0,FALSE,FALSE,FALSE
"h06_0214",1.2007615241258,508,947.5,0,FALSE,FALSE,FALSE
"h06_0689",1.20076497111159,509,767.5,0,FALSE,FALSE,FALSE
"h06_0577",1.20077126166033,510,198,0,FALSE,FALSE,FALSE
"h06_0591",1.20078246645268,511,503,0.05,FALSE,FALSE,FALSE
"h06_0322",1.20079064537605,512,430.5,0.05,FALSE,FALSE,FALSE
"h06_0893",1.20079977602683,513,910,0,FALSE,FALSE,FALSE
"h06_0744",1.20081090154874,514,460.5,0,FALSE,FALSE,FALSE
"h06_0151",1.2008183050133,515,761.5,0.05,FALSE,FALSE,FALSE
"h06_0670",1.20082484767532,516,76,0.05,FALSE,FALSE,FALSE
"h06_0626",1.20084050766995,517,430.5,0,FALSE,FALSE,FALSE
"h06_0295",1.20086155087372,518,533,0.05,FALSE,FALSE,FALSE
"h06_0341",1.20087043653616,519,511,0.05,FALSE,FALSE,FALSE
"h06_0500",1.20089120235424,520,795.5,0.05,FALSE,FALSE,FALSE
"h06_0706",1.2008953638409,521,353,0,FALSE,FALSE,FALSE
"h06_0968",1.20090972580377,522,465.5,0.05,FALSE,FALSE,FALSE
"h06_0248",1.20092510731434,523,530.5,0.05,FALSE,FALSE,FALSE
"h06_0056",1.2009287031542,524,517,0,FALSE,FALSE,FALSE
"h06_0699",1.20093800560269,525,186,0,FALSE,FALSE,FALSE
"h06_0558",1.20099037060647,526,520,0,FALSE,FALSE,FALSE
"h06_0848",1.20100288005412,527,315.5,0,FALSE,FALSE,FALSE
"h06_0927",1.20101412452942,528,386,0,FALSE,FALSE,FALSE
"h06_0202",1.20102430681295,529,858.5,0,FALSE,FALSE,FALSE
"h06_0166",1.20102638369976,530,681,0,FALSE,FALSE,FALSE
"h06_0619",1.20104258636985,531,535,0.05,FALSE,FALSE,FALSE
"h06_0947",1.20105581685306,532,527,0.05,FALSE,FALSE,FALSE
"h06_0708",1.20106052271697,533,469,0,FALSE,FALSE,FALSE
"h06_0280",1.20106477341032,534,936.5,0.05,FALSE,FALSE,FALSE
"h06_0176",1.20107494807521,535,544,0.05,FALSE,FALSE,FALSE
"h06_0960",1.20108764768383,536,319,0,FALSE,FALSE,FALSE
"h06_0915",1.20109308283674,537,470.5,0,FALSE,FALSE,FALSE
"h06_0397",1.2010997367482,538,491,0,FALSE,FALSE,FALSE
"h06_0929",1.20110044768747,539,697,0,FALSE,FALSE,FALSE
"h06_0078",1.20113375951507,540,537,0.05,FALSE,FALSE,FALSE
"h06_0472",1.20115050989525,541,702.5,0.05,FALSE,FALSE,FALSE
"h06_0196",1.20115837270876,542,426.5,0.05,FALSE,FALSE,FALSE
"h06_0877",1.20115947846064,543,539.5,0,FALSE,FALSE,FALSE
"h06_0427",1.20116709848034,544,234.5,0.05,FALSE,FALSE,FALSE
"h06_0317",1.20118309547334,545,546.5,0.1,FALSE,FALSE,FALSE
"h06_0263",1.20119208926883,546,508.5,0,FALSE,FALSE,FALSE
"h06_0340",1.20119373182256,547,274,0,FALSE,FALSE,FALSE
"h06_0153",1.20124159765061,548,334,0,FALSE,FALSE,FALSE
"h06_0521",1.20125941698538,549,480,0,FALSE,FALSE,FALSE
"h06_0211",1.20128652765015,550,401.5,0,FALSE,FALSE,FALSE
"h06_0315",1.20132614985739,551,548.5,0,FALSE,FALSE,FALSE
"h06_0862",1.2013341875763,552,872.5,0,FALSE,FALSE,FALSE
"h06_0463",1.20134628169644,553,550.5,0.05,FALSE,FALSE,FALSE
"h06_0579",1.201396396835,554,588,0,FALSE,FALSE,FALSE
"h06_0613",1.20140173445937,555,995.5,0.05,FALSE,FALSE,FALSE
"h06_0641",1.201463384588,556,553,0.05,FALSE,FALSE,FALSE
"h06_0054",1.201484009027,557,366.5,0.05,FALSE,FALSE,FALSE
"h06_0058",1.20148673812111,558,606,0.05,FALSE,FALSE,FALSE
"h06_0300",1.20149408282264,559,350,0,FALSE,FALSE,FALSE
"h06_0498",1.20151881334631,560,485.5,0.05,FALSE,FALSE,FALSE
"h06_0076",1.2015329338272,561,559,0.1,FALSE,FALSE,FALSE
"h06_0653",1.20153957715721,562,499.5,0,FALSE,FALSE,FALSE
"h06_0910",1.20156009846701,563,280,0.05,FALSE,FALSE,FALSE
"h06_0267",1.20156573694524,564,852,0.05,FALSE,FALSE,FALSE
"h06_0082",1.20160846829212,565,571.5,0,FALSE,FALSE,FALSE
"h06_0501",1.20160919974145,566,545,0.05,FALSE,FALSE,FALSE
"h06_0040",1.20164079496648,567,94.5,0.05,FALSE,FALSE,FALSE
"h06_0403",1.20168514602577,568,310.5,0,FALSE,FALSE,FALSE
"h06_0795",1.20172010464668,569,582,0.05,FALSE,FALSE,FALSE
"h06_0318",1.2017203699116,570,634.5,0,FALSE,FALSE,FALSE
"h06_0205",1.20174835894773,571,570,0.05,FALSE,FALSE,FALSE
"h06_0329",1.20175114870497,572,710,0.05,FALSE,FALSE,FALSE
"h06_0600",1.20176163738859,573,400,0.1,FALSE,FALSE,FALSE
"h06_0487",1.2018128909806,574,606,0.05,FALSE,FALSE,FALSE
"h06_0150",1.20181782939766,575,819,0,FALSE,FALSE,FALSE
"h06_0467",1.20185045594477,576,652,0,FALSE,FALSE,FALSE
"h06_0891",1.20185929915654,577,834.5,0.1,FALSE,FALSE,FALSE
"h06_0580",1.20188730904651,578,595,0,FALSE,FALSE,FALSE
"h06_0820",1.20188941135555,579,541.5,0,FALSE,FALSE,FALSE
"h06_0727",1.20189584016852,580,659,0,FALSE,FALSE,FALSE
"h06_0562",1.20192595068444,581,528,0,FALSE,FALSE,FALSE
"h06_0489",1.20194486101268,582,577.5,0,FALSE,FALSE,FALSE
"h06_0998",1.20197543876172,583,806,0,FALSE,FALSE,FALSE
"h06_0791",1.2019870924067,584,616.5,0,FALSE,FALSE,FALSE
"h06_1012",1.20202142935934,585,422,0,FALSE,FALSE,FALSE
"h06_0119",1.20203501223665,586,443.5,0,FALSE,FALSE,FALSE
"h06_1001",1.20204754796104,587,585,0.15,FALSE,FALSE,FALSE
"h06_0845",1.20207085972089,588,586.5,0.05,FALSE,FALSE,FALSE
"h06_0345",1.2020950668604,589,264.5,0.05,FALSE,FALSE,FALSE
"h06_0513",1.20209847705591,590,543,0,FALSE,FALSE,FALSE
"h06_0418",1.20211272307952,591,361,0.05,FALSE,FALSE,FALSE
"h06_0324",1.20211310593099,592,745,0,FALSE,FALSE,FALSE
"h06_0309",1.20211508942225,593,589,0.05,FALSE,FALSE,FALSE
"h06_0614",1.20217911859752,594,761.5,0,FALSE,FALSE,FALSE
"h06_0503",1.20220244763833,595,690.5,0.05,FALSE,FALSE,FALSE
"h06_0956",1.20220623251597,596,725,0,FALSE,FALSE,FALSE
"h06_0533",1.20221351823726,597,177,0.05,FALSE,FALSE,FALSE
"h06_0834",1.20221393830722,598,603.5,0,FALSE,FALSE,FALSE
"h06_0636",1.20222226098431,599,539.5,0,FALSE,FALSE,FALSE
"h06_0628",1.20223317522724,600,493,0.05,FALSE,FALSE,FALSE
"h06_0828",1.20228996266832,601,286.5,0.05,FALSE,FALSE,FALSE
"h06_0725",1.20230544078838,602,417.5,0,FALSE,FALSE,FALSE
"h06_0264",1.20233759035901,603,600,0,FALSE,FALSE,FALSE
"h06_0829",1.20235293206878,604,601.5,0,FALSE,FALSE,FALSE
"h06_0173",1.20238083655795,605,706,0.05,FALSE,FALSE,FALSE
"h06_0374",1.20239918084272,606,388,0,FALSE,FALSE,FALSE
"h06_0381",1.20242163640614,607,326,0,FALSE,FALSE,FALSE
"h06_0486",1.20242287805484,608,611.5,0,FALSE,FALSE,FALSE
"h06_0167",1.20242420748774,609,613.5,0.05,FALSE,FALSE,FALSE
"h06_0679",1.20242501068639,610,596.5,0,FALSE,FALSE,FALSE
"h06_0098",1.20243558333152,611,616.5,0,FALSE,FALSE,FALSE
"h06_0282",1.20243822314351,612,637.5,0,FALSE,FALSE,FALSE
"h06_0549",1.20244874983726,613,417.5,0.05,FALSE,FALSE,FALSE
"h06_0620",1.20245587777189,614,645.5,0,FALSE,FALSE,FALSE
"h06_0646",1.2024613951517,615,513.5,0.05,FALSE,FALSE,FALSE
"h06_0164",1.20247976942349,616,810,0,FALSE,FALSE,FALSE
"h06_0270",1.20251221803139,617,893,0,FALSE,FALSE,FALSE
"h06_0154",1.20251946663474,618,623,0,FALSE,FALSE,FALSE
"h06_1016",1.20252033770349,619,721,0,FALSE,FALSE,FALSE
"h06_0551",1.20252791447564,620,663.5,0,FALSE,FALSE,FALSE
"h06_0925",1.20253180425545,621,670,0,FALSE,FALSE,FALSE
"h06_0043",1.20256598774084,622,821,0,FALSE,FALSE,FALSE
"h06_0813",1.20256738798598,623,484,0,FALSE,FALSE,FALSE
"h06_0386",1.20258256750523,624,661.5,0,FALSE,FALSE,FALSE
"h06_0977",1.20261487212597,625,506.5,0,FALSE,FALSE,FALSE
"h06_0949",1.20261635410967,626,590,0.05,FALSE,FALSE,FALSE
"h06_0106",1.20262164167468,627,124.5,0.05,FALSE,FALSE,FALSE
"h06_0775",1.20265028445587,628,616.5,0,FALSE,FALSE,FALSE
"h06_0149",1.20265482273955,629,167.5,0,FALSE,FALSE,FALSE
"h06_0719",1.20267074215746,630,582,0,FALSE,FALSE,FALSE
"h06_0014",1.20268104492843,631,749.5,0,FALSE,FALSE,FALSE
"h06_0896",1.20270396170428,632,641,0,FALSE,FALSE,FALSE
"h06_0768",1.20270495594523,633,571.5,0.05,FALSE,FALSE,FALSE
"h06_0041",1.20271661548196,634,575,0,FALSE,FALSE,FALSE
"h06_0349",1.20273200661792,635,725,0,FALSE,FALSE,FALSE
"h06_0266",1.20273885085617,636,232,0,FALSE,FALSE,FALSE
"h06_0365",1.20275823182742,637,698.5,0,FALSE,FALSE,FALSE
"h06_0581",1.20277588449725,638,650,0.05,FALSE,FALSE,FALSE
"h06_0870",1.20279663514465,639,447.5,0,FALSE,FALSE,FALSE
"h06_0942",1.20282873781207,640,902,0.05,FALSE,FALSE,FALSE
"h06_0596",1.20285509923332,641,487.5,0,FALSE,FALSE,FALSE
"h06_0456",1.20285673862563,642,770.5,0.05,FALSE,FALSE,FALSE
"h06_0808",1.20285775957349,643,303.5,0.1,FALSE,FALSE,FALSE
"h06_1014",1.20287985205552,644,505,0,FALSE,FALSE,FALSE
"h06_0002",1.20288953843613,645,236.5,0,FALSE,FALSE,FALSE
"h06_0700",1.20292595465949,646,625,0,FALSE,FALSE,FALSE
"h06_0830",1.20293626937823,647,830,0,FALSE,FALSE,FALSE
"h06_0602",1.20296450760279,648,240,0,FALSE,FALSE,FALSE
"h06_0754",1.2029890385625,649,606,0.05,FALSE,FALSE,FALSE
"h06_0256",1.20299057718042,650,727,0,FALSE,FALSE,FALSE
"h06_0567",1.20302853972237,651,558,0,FALSE,FALSE,FALSE
"h06_0855",1.20304138583549,652,634.5,0,FALSE,FALSE,FALSE
"h06_0493",1.20304353091946,653,952,0,FALSE,FALSE,FALSE
"h06_0717",1.20304553240331,654,582,0.15,FALSE,FALSE,FALSE
"h06_0020",1.20306527974245,655,672,0.05,FALSE,FALSE,FALSE
"h06_0343",1.20308578376366,656,729.5,0,FALSE,FALSE,FALSE
"h06_0174",1.20310067579788,657,632.5,0,FALSE,FALSE,FALSE
"h06_0836",1.20310445590912,658,785,0,FALSE,FALSE,FALSE
"h06_0633",1.20314784589781,659,200,0,FALSE,FALSE,FALSE
"h06_0181",1.20315576471091,660,622,0,FALSE,FALSE,FALSE
"h06_0250",1.20319172589798,661,678,0.05,FALSE,FALSE,FALSE
"h06_0451",1.20322058497568,662,619.5,0.1,FALSE,FALSE,FALSE
"h06_0033",1.20325881634222,663,630,0,FALSE,FALSE,FALSE
"h06_0142",1.20327878708973,664,813,0,FALSE,FALSE,FALSE
"h06_0485",1.20329271078916,665,681,0.05,FALSE,FALSE,FALSE
"h06_0733",1.20329941781036,666,498,0,FALSE,FALSE,FALSE
"h06_0565",1.20330167282341,667,776,0.05,FALSE,FALSE,FALSE
"h06_0932",1.20330269610431,668,815.5,0.05,FALSE,FALSE,FALSE
"h06_0482",1.20331032870942,669,643,0.05,FALSE,FALSE,FALSE
"h06_0417",1.20332205837704,670,663.5,0,FALSE,FALSE,FALSE
"h06_0946",1.20334032848726,671,690.5,0,FALSE,FALSE,FALSE
"h06_0804",1.20334762393688,672,586.5,0,FALSE,FALSE,FALSE
"h06_0298",1.20334809995862,673,719.5,0.05,FALSE,FALSE,FALSE
"h06_0271",1.20335489035831,674,255.5,0,FALSE,FALSE,FALSE
"h06_0261",1.20337437527674,675,842,0,FALSE,FALSE,FALSE
"h06_0718",1.20338031159342,676,826,0,FALSE,FALSE,FALSE
"h06_0990",1.20339109810743,677,579.5,0,FALSE,FALSE,FALSE
"h06_0116",1.2034108515422,678,949.5,0,FALSE,FALSE,FALSE
"h06_0676",1.20342439327422,679,511,0.05,FALSE,FALSE,FALSE
"h06_0090",1.20342959515657,680,705,0,FALSE,FALSE,FALSE
"h06_0866",1.20345071796213,681,434,0,FALSE,FALSE,FALSE
"h06_0304",1.203482157038,682,708,0,FALSE,FALSE,FALSE
"h06_0632",1.20348501397123,683,711.5,0,FALSE,FALSE,FALSE
"h06_0851",1.20352768147982,684,447.5,0.05,FALSE,FALSE,FALSE
"h06_0206",1.20354265973586,685,362,0,FALSE,FALSE,FALSE
"h06_0249",1.20354497747566,686,693.5,0,FALSE,FALSE,FALSE
"h06_0141",1.20355993605504,687,48,0,FALSE,FALSE,FALSE
"h06_0434",1.20357406573751,688,708,0,FALSE,FALSE,FALSE
"h06_0687",1.20358755090039,689,479,0,FALSE,FALSE,FALSE
"h06_0128",1.20361639414952,690,811,0,FALSE,FALSE,FALSE
"h06_0796",1.20363049889932,691,548.5,0,FALSE,FALSE,FALSE
"h06_0352",1.20363809550071,692,550.5,0.05,FALSE,FALSE,FALSE
"h06_0402",1.20364241690283,693,716.5,0,FALSE,FALSE,FALSE
"h06_0566",1.20365753795029,694,840.5,0,FALSE,FALSE,FALSE
"h06_0528",1.20365767017442,695,555.5,0,FALSE,FALSE,FALSE
"h06_0162",1.20366545875875,696,808,0,FALSE,FALSE,FALSE
"h06_0373",1.20373529424554,697,613.5,0,FALSE,FALSE,FALSE
"h06_0224",1.20376350833452,698,566.5,0,FALSE,FALSE,FALSE
"h06_0629",1.20377562842268,699,667,0,FALSE,FALSE,FALSE
"h06_0236",1.20377642711621,700,794,0,FALSE,FALSE,FALSE
"h06_0478",1.20377968941654,701,734,0.1,FALSE,FALSE,FALSE
"h06_0305",1.20385554197083,702,621,0,FALSE,FALSE,FALSE
"h06_0788",1.20389163142864,703,737,0,FALSE,FALSE,FALSE
"h06_0642",1.20395035465567,704,747,0.1,FALSE,FALSE,FALSE
"h06_0721",1.2039656046381,705,791,0,FALSE,FALSE,FALSE
"h06_0122",1.20397022929837,706,667,0,FALSE,FALSE,FALSE
"h06_0605",1.20398801597938,707,191,0,FALSE,FALSE,FALSE
"h06_0663",1.20399712481891,708,763,0,FALSE,FALSE,FALSE
"h06_0883",1.20401894526506,709,533,0,FALSE,FALSE,FALSE
"h06_0188",1.20405142398072,710,748,0.05,FALSE,FALSE,FALSE
"h06_0189",1.20406471334156,711,803.5,0.05,FALSE,FALSE,FALSE
"h06_0388",1.20406956548644,712,696,0.05,FALSE,FALSE,FALSE
"h06_0059",1.20407314612266,713,752.5,0.05,FALSE,FALSE,FALSE
"h06_0396",1.20407894534257,714,801,0,FALSE,FALSE,FALSE
"h06_0201",1.20408728330292,715,243.5,0.05,FALSE,FALSE,FALSE
"h06_0469",1.20413016654447,716,891.5,0,FALSE,FALSE,FALSE
"h06_0268",1.20413736768514,717,756,0,FALSE,FALSE,FALSE
"h06_0924",1.20415727856257,718,693.5,0,FALSE,FALSE,FALSE
"h06_0524",1.20416627068453,719,966,0,FALSE,FALSE,FALSE
"h06_0805",1.20421285051166,720,657.5,0,FALSE,FALSE,FALSE
"h06_0857",1.20421789699146,721,289,0.05,FALSE,FALSE,FALSE
"h06_0466",1.20422526625893,722,884,0,FALSE,FALSE,FALSE
"h06_0337",1.20423405566425,723,395.5,0,FALSE,FALSE,FALSE
"h06_0426",1.20430566322769,724,781.5,0,FALSE,FALSE,FALSE
"h06_0027",1.20430947447907,725,413,0.05,FALSE,FALSE,FALSE
"h06_0668",1.20433200467993,726,637.5,0,FALSE,FALSE,FALSE
"h06_0783",1.20435761277193,727,554,0,FALSE,FALSE,FALSE
"h06_0541",1.20436894914073,728,938,0,FALSE,FALSE,FALSE
"h06_0865",1.20439065105595,729,765,0.05,FALSE,FALSE,FALSE
"h06_0938",1.20440509924481,730,405.5,0,FALSE,FALSE,FALSE
"h06_0481",1.20441701441397,731,767.5,0,FALSE,FALSE,FALSE
"h06_0604",1.20443540291322,732,928.5,0,FALSE,FALSE,FALSE
"h06_0747",1.20446373828986,733,740,0,FALSE,FALSE,FALSE
"h06_0237",1.20447488164313,734,834.5,0.05,FALSE,FALSE,FALSE
"h06_0911",1.20448876713137,735,506.5,0,FALSE,FALSE,FALSE
"h06_0586",1.20449060544723,736,801,0.05,FALSE,FALSE,FALSE
"h06_0118",1.20455228553693,737,700,0,FALSE,FALSE,FALSE
"h06_1005",1.20457034658577,738,619.5,0,FALSE,FALSE,FALSE
"h06_0067",1.20457552872813,739,779,0,FALSE,FALSE,FALSE
"h06_0279",1.20462715423157,740,645.5,0,FALSE,FALSE,FALSE
"h06_0216",1.20467921416186,741,714,0.05,FALSE,FALSE,FALSE
"h06_0666",1.20468061945964,742,766,0,FALSE,FALSE,FALSE
"h06_0107",1.2046819283059,743,785,0,FALSE,FALSE,FALSE
"h06_0410",1.2046892503885,744,518.5,0.05,FALSE,FALSE,FALSE
"h06_0353",1.20470267240332,745,693.5,0,FALSE,FALSE,FALSE
"h06_0144",1.20471196160486,746,667,0,FALSE,FALSE,FALSE
"h06_0634",1.20477235695023,747,591.5,0,FALSE,FALSE,FALSE
"h06_0741",1.20478803323213,748,601.5,0,FALSE,FALSE,FALSE
"h06_0242",1.20482542228692,749,838.5,0,FALSE,FALSE,FALSE
"h06_0109",1.20482972712348,750,738,0,FALSE,FALSE,FALSE
"h06_0094",1.20483751086358,751,897,0.05,FALSE,FALSE,FALSE
"h06_0088",1.20483796928829,752,875,0,FALSE,FALSE,FALSE
"h06_0678",1.20484999811681,753,693.5,0,FALSE,FALSE,FALSE
"h06_0844",1.20485789361528,754,568.5,0,FALSE,FALSE,FALSE
"h06_1013",1.20490299977984,755,645.5,0.05,FALSE,FALSE,FALSE
"h06_0798",1.20494426241933,756,940,0,FALSE,FALSE,FALSE
"h06_0504",1.2049465087343,757,863,0,FALSE,FALSE,FALSE
"h06_0087",1.20496107799003,758,913,0,FALSE,FALSE,FALSE
"h06_0276",1.2049775561648,759,656,0,FALSE,FALSE,FALSE
"h06_0888",1.20498613188489,760,891.5,0,FALSE,FALSE,FALSE
"h06_0023",1.20499827541921,761,886.5,0,FALSE,FALSE,FALSE
"h06_0660",1.2050629701811,762,900,0,FALSE,FALSE,FALSE
"h06_0380",1.20510456820706,763,979,0,FALSE,FALSE,FALSE
"h06_0777",1.2051127572883,764,827,0,FALSE,FALSE,FALSE
"h06_0959",1.20514688809665,765,341,0,FALSE,FALSE,FALSE
"h06_0354",1.20515455561189,766,886.5,0,FALSE,FALSE,FALSE
"h06_0021",1.20518422952164,767,745,0.05,FALSE,FALSE,FALSE
"h06_0068",1.2051974480876,768,813,0,FALSE,FALSE,FALSE
"h06_0260",1.20520807437327,769,787.5,0.1,FALSE,FALSE,FALSE
"h06_0502",1.20520822952608,770,783,0,FALSE,FALSE,FALSE
"h06_0587",1.20522998369332,771,823,0,FALSE,FALSE,FALSE
"h06_0542",1.20523004051096,772,381,0,FALSE,FALSE,FALSE
"h06_0259",1.20525298191231,773,740,0,FALSE,FALSE,FALSE
"h06_0514",1.20529502389193,774,735.5,0,FALSE,FALSE,FALSE
"h06_0454",1.20529849063909,775,731.5,0.05,FALSE,FALSE,FALSE
"h06_0008",1.20531377445455,776,616.5,0,FALSE,FALSE,FALSE
"h06_0887",1.20533022151207,777,886.5,0,FALSE,FALSE,FALSE
"h06_0226",1.20537745746016,778,729.5,0,FALSE,FALSE,FALSE
"h06_0235",1.20538219988226,779,936.5,0,FALSE,FALSE,FALSE
"h06_0983",1.20540141884765,780,576,0,FALSE,FALSE,FALSE
"h06_0992",1.20541124902817,781,495.5,0.05,FALSE,FALSE,FALSE
"h06_0753",1.20543244812035,782,818,0,FALSE,FALSE,FALSE
"h06_0981",1.20543886615017,783,821,0,FALSE,FALSE,FALSE
"h06_0793",1.20544114127897,784,454.5,0.1,FALSE,FALSE,FALSE
"h06_0536",1.20544373109436,785,704,0,FALSE,FALSE,FALSE
"h06_0617",1.20546998954642,786,306,0,FALSE,FALSE,FALSE
"h06_0243",1.20548923857758,787,742.5,0,FALSE,FALSE,FALSE
"h06_0559",1.20549244939878,788,254,0.1,FALSE,FALSE,FALSE
"h06_0371",1.20550496134545,789,684,0,FALSE,FALSE,FALSE
"h06_0940",1.20557057280704,790,872.5,0.05,FALSE,FALSE,FALSE
"h06_0811",1.20557353379221,791,792.5,0.1,FALSE,FALSE,FALSE
"h06_0592",1.20557419836639,792,698.5,0,FALSE,FALSE,FALSE
"h06_0306",1.20558739326692,793,774,0.05,FALSE,FALSE,FALSE
"h06_0247",1.20559377765677,794,625,0.05,FALSE,FALSE,FALSE
"h06_0367",1.20561726775937,795,759.5,0,FALSE,FALSE,FALSE
"h06_0568",1.20563835639126,796,817,0,FALSE,FALSE,FALSE
"h06_0047",1.20566580545584,797,986,0,FALSE,FALSE,FALSE
"h06_0348",1.20566626259212,798,776,0,FALSE,FALSE,FALSE
"h06_0363",1.20572323471282,799,670,0,FALSE,FALSE,FALSE
"h06_0648",1.20579801929973,800,846.5,0,FALSE,FALSE,FALSE
"h06_0573",1.20581621173783,801,798,0,FALSE,FALSE,FALSE
"h06_0061",1.20583105869063,802,740,0,FALSE,FALSE,FALSE
"h06_0347",1.2059125667484,803,798,0.05,FALSE,FALSE,FALSE
"h06_0147",1.20596316506982,804,452.5,0,FALSE,FALSE,FALSE
"h06_0816",1.20597450317447,805,648.5,0,FALSE,FALSE,FALSE
"h06_0630",1.20598539918984,806,764,0,FALSE,FALSE,FALSE
"h06_0572",1.20605648278115,807,792.5,0,FALSE,FALSE,FALSE
"h06_0597",1.20607046718016,808,752.5,0,FALSE,FALSE,FALSE
"h06_0748",1.20607723071695,809,930.5,0,FALSE,FALSE,FALSE
"h06_0038",1.20608992747096,810,806,0,FALSE,FALSE,FALSE
"h06_0913",1.2060905472815,811,869.5,0,FALSE,FALSE,FALSE
"h06_0972",1.20610328487363,812,857,0.05,FALSE,FALSE,FALSE
"h06_0232",1.20613621248675,813,609,0.05,FALSE,FALSE,FALSE
"h06_0307",1.2061602519947,814,860,0.05,FALSE,FALSE,FALSE
"h06_0135",1.20616925823525,815,906.5,0.05,FALSE,FALSE,FALSE
"h06_0934",1.20619242504008,816,722.5,0,FALSE,FALSE,FALSE
"h06_0951",1.20620974636104,817,852,0,FALSE,FALSE,FALSE
"h06_0198",1.20622330372667,818,928.5,0,FALSE,FALSE,FALSE
"h06_0283",1.20631341515618,819,515,0,FALSE,FALSE,FALSE
"h06_0881",1.20634570766716,820,998,0,FALSE,FALSE,FALSE
"h06_0159",1.20638714857815,821,905,0,FALSE,FALSE,FALSE
"h06_0682",1.20640630267369,822,637.5,0,FALSE,FALSE,FALSE
"h06_0803",1.20644046851362,823,735.5,0,FALSE,FALSE,FALSE
"h06_0275",1.20644602068474,824,1009,0,FALSE,FALSE,FALSE
"h06_1004",1.20644981112016,825,836,0,FALSE,FALSE,FALSE
"h06_0864",1.20645451897615,826,876.5,0,FALSE,FALSE,FALSE
"h06_0988",1.20649551592444,827,821,0,FALSE,FALSE,FALSE
"h06_0657",1.20651013800155,828,776,0,FALSE,FALSE,FALSE
"h06_0139",1.20654572814413,829,798,0,FALSE,FALSE,FALSE
"h06_0146",1.20655818530027,830,611.5,0,FALSE,FALSE,FALSE
"h06_0360",1.206640043642,831,452.5,0,FALSE,FALSE,FALSE
"h06_0882",1.20664173122758,832,879,0,FALSE,FALSE,FALSE
"h06_0157",1.20666147738202,833,630,0,FALSE,FALSE,FALSE
"h06_0438",1.20666306189136,834,915,0.05,FALSE,FALSE,FALSE
"h06_0627",1.20667742082699,835,722.5,0,FALSE,FALSE,FALSE
"h06_0780",1.20672893130407,836,557,0,FALSE,FALSE,FALSE
"h06_0563",1.20675024651883,837,850,0,FALSE,FALSE,FALSE
"h06_0570",1.206767382668,838,524,0,FALSE,FALSE,FALSE
"h06_0802",1.20677355435408,839,837,0.05,FALSE,FALSE,FALSE
"h06_0044",1.20679203011947,840,678,0,FALSE,FALSE,FALSE
"h06_0658",1.20679307694477,841,686.5,0,FALSE,FALSE,FALSE
"h06_0825",1.20681935364436,842,895,0.05,FALSE,FALSE,FALSE
"h06_0499",1.2068693369894,843,985,0,FALSE,FALSE,FALSE
"h06_0745",1.20688289393746,844,806,0,FALSE,FALSE,FALSE
"h06_0996",1.20693301915892,845,989,0,FALSE,FALSE,FALSE
"h06_0321",1.20694441946972,846,711.5,0,FALSE,FALSE,FALSE
"h06_0782",1.2070403374458,847,917,0.1,FALSE,FALSE,FALSE
"h06_0161",1.20706044802006,848,866.5,0,FALSE,FALSE,FALSE
"h06_0919",1.20709442269795,849,489.5,0.05,FALSE,FALSE,FALSE
"h06_0175",1.20719783000979,850,962,0,FALSE,FALSE,FALSE
"h06_0556",1.20719967365262,851,833,0,FALSE,FALSE,FALSE
"h06_0394",1.20720073854974,852,848,0,FALSE,FALSE,FALSE
"h06_0004",1.20734270554439,853,881,0.05,FALSE,FALSE,FALSE
"h06_0847",1.20738034380767,854,579.5,0,FALSE,FALSE,FALSE
"h06_0187",1.20740917660606,855,982,0.05,FALSE,FALSE,FALSE
"h06_0446",1.20744783785759,856,920,0,FALSE,FALSE,FALSE
"h06_0077",1.20748994162618,857,210,0.05,FALSE,FALSE,FALSE
"h06_0969",1.20751550235258,858,854,0,FALSE,FALSE,FALSE
"h06_0186",1.2077238519849,859,930.5,0,FALSE,FALSE,FALSE
"h06_0937",1.20772523737958,860,913,0,FALSE,FALSE,FALSE
"h06_0659",1.20775875443522,861,920,0,FALSE,FALSE,FALSE
"h06_0225",1.20776434671633,862,1003,0,FALSE,FALSE,FALSE
"h06_0455",1.2077846752307,863,957.5,0.05,FALSE,FALSE,FALSE
"h06_0985",1.20778539402297,864,916,0,FALSE,FALSE,FALSE
"h06_0390",1.2077976773548,865,900,0,FALSE,FALSE,FALSE
"h06_0672",1.20780825345596,866,708,0,FALSE,FALSE,FALSE
"h06_0984",1.20781368397337,867,997,0,FALSE,FALSE,FALSE
"h06_0665",1.2078507005646,868,861,0,FALSE,FALSE,FALSE
"h06_0034",1.20786572875264,869,897,0.1,FALSE,FALSE,FALSE
"h06_0973",1.20790307890572,870,858.5,0,FALSE,FALSE,FALSE
"h06_0053",1.20799514496091,871,719.5,0.05,FALSE,FALSE,FALSE
"h06_0136",1.20801888739701,872,530.5,0,FALSE,FALSE,FALSE
"h06_0143",1.20804806500034,873,910,0,FALSE,FALSE,FALSE
"h06_0016",1.20805200048297,874,831.5,0,FALSE,FALSE,FALSE
"h06_0994",1.20810271946935,875,525.5,0.05,FALSE,FALSE,FALSE
"h06_0474",1.20812488393555,876,953.5,0,FALSE,FALSE,FALSE
"h06_0449",1.20813874653933,877,328,0.05,FALSE,FALSE,FALSE
"h06_0395",1.20814243340135,878,844.5,0,FALSE,FALSE,FALSE
"h06_0698",1.20817111154885,879,922.5,0,FALSE,FALSE,FALSE
"h06_0561",1.2081740685676,880,838.5,0,FALSE,FALSE,FALSE
"h06_0822",1.20818885075713,881,688.5,0,FALSE,FALSE,FALSE
"h06_0172",1.20822298679248,882,953.5,0,FALSE,FALSE,FALSE
"h06_0297",1.20825134249934,883,944.5,0,FALSE,FALSE,FALSE
"h06_0339",1.20827037659978,884,718,0.05,FALSE,FALSE,FALSE
"h06_0425",1.20828643152996,885,843,0.05,FALSE,FALSE,FALSE
"h06_0810",1.20829221063274,886,969,0,FALSE,FALSE,FALSE
"h06_0800",1.20830128655277,887,609,0,FALSE,FALSE,FALSE
"h06_0759",1.2083128030371,888,881,0,FALSE,FALSE,FALSE
"h06_0764",1.20834919203935,889,941.5,0,FALSE,FALSE,FALSE
"h06_0760",1.20837001176159,890,924.5,0,FALSE,FALSE,FALSE
"h06_0905",1.20839044719614,891,944.5,0.1,FALSE,FALSE,FALSE
"h06_0611",1.20840853649094,892,960.5,0,FALSE,FALSE,FALSE
"h06_0115",1.20850320420316,893,824.5,0.05,FALSE,FALSE,FALSE
"h06_0900",1.20851344950028,894,787.5,0,FALSE,FALSE,FALSE
"h06_0879",1.20855081142299,895,714,0,FALSE,FALSE,FALSE
"h06_0155",1.20859693567178,896,725,0.05,FALSE,FALSE,FALSE
"h06_0962",1.20862618708428,897,308.5,0,FALSE,FALSE,FALSE
"h06_0914",1.20866041625891,898,933.5,0,FALSE,FALSE,FALSE
"h06_0948",1.20866792643299,899,364,0,FALSE,FALSE,FALSE
"h06_0222",1.20871918398526,900,970.5,0,FALSE,FALSE,FALSE
"h06_0902",1.20872209283833,901,538,0,FALSE,FALSE,FALSE
"h06_0797",1.2087485183348,902,275.5,0,FALSE,FALSE,FALSE
"h06_0667",1.20876559703647,903,248.5,0,FALSE,FALSE,FALSE
"h06_0731",1.2087711897134,904,640,0,FALSE,FALSE,FALSE
"h06_0036",1.20877399249717,905,976.5,0,FALSE,FALSE,FALSE
"h06_0509",1.20884461520966,906,926.5,0,FALSE,FALSE,FALSE
"h06_0664",1.20887642539234,907,878,0,FALSE,FALSE,FALSE
"h06_0761",1.20887673868235,908,924.5,0,FALSE,FALSE,FALSE
"h06_0922",1.20890081866394,909,935,0.05,FALSE,FALSE,FALSE
"h06_0197",1.20892836868568,910,874,0,FALSE,FALSE,FALSE
"h06_0506",1.20898809016968,911,840.5,0,FALSE,FALSE,FALSE
"h06_0552",1.20904844840143,912,1000,0,FALSE,FALSE,FALSE
"h06_0356",1.20910789917357,913,964,0,FALSE,FALSE,FALSE
"h06_0662",1.20912715871549,914,866.5,0,FALSE,FALSE,FALSE
"h06_0391",1.20912956569853,915,815.5,0,FALSE,FALSE,FALSE
"h06_0710",1.20914230465186,916,903.5,0,FALSE,FALSE,FALSE
"h06_0693",1.20918925001145,917,900,0,FALSE,FALSE,FALSE
"h06_0852",1.20921578387811,918,769,0,FALSE,FALSE,FALSE
"h06_0137",1.20924422518067,919,881,0.1,FALSE,FALSE,FALSE
"h06_0555",1.2093693493027,920,983.5,0,FALSE,FALSE,FALSE
"h06_0362",1.20941217022943,921,903.5,0,FALSE,FALSE,FALSE
"h06_0406",1.20942285076718,922,890,0,FALSE,FALSE,FALSE
"h06_0737",1.20948103480155,923,657.5,0.05,FALSE,FALSE,FALSE
"h06_0258",1.20951989601419,924,855.5,0,FALSE,FALSE,FALSE
"h06_1007",1.20953424100199,925,897,0.05,FALSE,FALSE,FALSE
"h06_0889",1.20953578864438,926,973,0,FALSE,FALSE,FALSE
"h06_0296",1.20957700151755,927,967,0,FALSE,FALSE,FALSE
"h06_0393",1.20958291111116,928,978,0,FALSE,FALSE,FALSE
"h06_0111",1.20960142863492,929,941.5,0,FALSE,FALSE,FALSE
"h06_0878",1.20961070595641,930,1024,0,FALSE,FALSE,FALSE
"h06_0372",1.20962833597109,931,781.5,0,FALSE,FALSE,FALSE
"h06_0819",1.20963596580559,932,869.5,0.05,FALSE,FALSE,FALSE
"h06_0787",1.2098876197181,933,789,0,FALSE,FALSE,FALSE
"h06_0952",1.20997595386412,934,779,0,FALSE,FALSE,FALSE
"h06_0976",1.20997741521463,935,702.5,0,FALSE,FALSE,FALSE
"h06_0571",1.20999464180737,936,813,0,FALSE,FALSE,FALSE
"h06_0327",1.21009706732302,937,573,0,FALSE,FALSE,FALSE
"h06_0621",1.21012593780362,938,876.5,0,FALSE,FALSE,FALSE
"h06_0423",1.21014195723001,939,955,0,FALSE,FALSE,FALSE
"h06_0439",1.21025660221995,940,648.5,0,FALSE,FALSE,FALSE
"h06_0923",1.21031915268744,941,1014.5,0,FALSE,FALSE,FALSE
"h06_0674",1.21035460632579,942,959,0,FALSE,FALSE,FALSE
"h06_0110",1.21038806718575,943,642,0,FALSE,FALSE,FALSE
"h06_0412",1.21044800382999,944,991,0,FALSE,FALSE,FALSE
"h06_0534",1.21050418906446,945,974,0.05,FALSE,FALSE,FALSE
"h06_0011",1.21059246912642,946,795.5,0,FALSE,FALSE,FALSE
"h06_0675",1.21062049794983,947,560.5,0.1,FALSE,FALSE,FALSE
"h06_0529",1.21062954105776,948,757.5,0.05,FALSE,FALSE,FALSE
"h06_1008",1.21071130383186,949,660,0.05,FALSE,FALSE,FALSE
"h06_0252",1.21073936275085,950,972,0,FALSE,FALSE,FALSE
"h06_0326",1.21074577578456,951,869.5,0,FALSE,FALSE,FALSE
"h06_0724",1.21086166274893,952,1012,0,FALSE,FALSE,FALSE
"h06_0092",1.21086582844837,953,470.5,0,FALSE,FALSE,FALSE
"h06_0127",1.21087566727271,954,447.5,0,FALSE,FALSE,FALSE
"h06_0156",1.21094032623732,955,975,0,FALSE,FALSE,FALSE
"h06_0846",1.21094267298501,956,442,0,FALSE,FALSE,FALSE
"h06_0876",1.21098399993377,957,785,0,FALSE,FALSE,FALSE
"h06_0369",1.21102782170024,958,846.5,0,FALSE,FALSE,FALSE
"h06_0051",1.21105284562398,959,809,0,FALSE,FALSE,FALSE
"h06_0631",1.21108555163641,960,869.5,0,FALSE,FALSE,FALSE
"h06_0705",1.21114026910919,961,980,0,FALSE,FALSE,FALSE
"h06_0460",1.21120307296193,962,968,0,FALSE,FALSE,FALSE
"h06_0130",1.21127480299667,963,993.5,0,FALSE,FALSE,FALSE
"h06_0120",1.21142047292097,964,1010.5,0,FALSE,FALSE,FALSE
"h06_0055",1.21145815442557,965,831.5,0,FALSE,FALSE,FALSE
"h06_0557",1.21152926232847,966,957.5,0,FALSE,FALSE,FALSE
"h06_0070",1.21154263517981,967,908,0.05,FALSE,FALSE,FALSE
"h06_0039",1.21155203786256,968,863,0,FALSE,FALSE,FALSE
"h06_0545",1.21161853543665,969,772.5,0.05,FALSE,FALSE,FALSE
"h06_0310",1.21164422583552,970,988,0,FALSE,FALSE,FALSE
"h06_0833",1.21164789445703,971,1017,0,FALSE,FALSE,FALSE
"h06_0603",1.21174392247779,972,976.5,0,FALSE,FALSE,FALSE
"h06_0468",1.21178534624289,973,577.5,0.05,FALSE,FALSE,FALSE
"h06_0505",1.21186446580496,974,1023,0.05,FALSE,FALSE,FALSE
"h06_0100",1.21195040970353,975,849,0,FALSE,FALSE,FALSE
"h06_0806",1.21207626246023,976,889,0,FALSE,FALSE,FALSE
"h06_0707",1.21214407650866,977,828,0,FALSE,FALSE,FALSE
"h06_0213",1.21218774513915,978,628,0,FALSE,FALSE,FALSE
"h06_0319",1.21221757248133,979,1002,0,FALSE,FALSE,FALSE
"h06_0995",1.21223543108465,980,770.5,0.05,FALSE,FALSE,FALSE
"h06_0415",1.21229113595341,981,560.5,0,FALSE,FALSE,FALSE
"h06_1015",1.2122999133988,982,653.5,0,FALSE,FALSE,FALSE
"h06_0861",1.21235744843927,983,844.5,0.05,FALSE,FALSE,FALSE
"h06_0313",1.21236420313024,984,883,0,FALSE,FALSE,FALSE
"h06_0453",1.2123698017621,985,1007.5,0,FALSE,FALSE,FALSE
"h06_0452",1.21238196385867,986,964,0,FALSE,FALSE,FALSE
"h06_0239",1.21242817097186,987,993.5,0,FALSE,FALSE,FALSE
"h06_0860",1.21247145127431,988,939,0,FALSE,FALSE,FALSE
"h06_0479",1.21249624186152,989,1006,0,FALSE,FALSE,FALSE
"h06_0661",1.21258543129577,990,992,0,FALSE,FALSE,FALSE
"h06_0781",1.21260032758815,991,863,0,FALSE,FALSE,FALSE
"h06_0776",1.2126577297757,992,987,0,FALSE,FALSE,FALSE
"h06_0400",1.21272585587866,993,1007.5,0.05,FALSE,FALSE,FALSE
"h06_0739",1.21277175529835,994,999,0,FALSE,FALSE,FALSE
"h06_0677",1.21303275995621,995,1004.5,0.05,FALSE,FALSE,FALSE
"h06_0387",1.21311523538121,996,1001,0.05,FALSE,FALSE,FALSE
"h06_0103",1.21322804346458,997,960.5,0,FALSE,FALSE,FALSE
"h06_0993",1.21334472047439,998,933.5,0,FALSE,FALSE,FALSE
"h06_0491",1.2134087366098,999,1017,0,FALSE,FALSE,FALSE
"h06_0063",1.21360207450586,1000,865,0.05,FALSE,FALSE,FALSE
"h06_0639",1.21371395822061,1001,1017,0.05,FALSE,FALSE,FALSE
"h06_0872",1.21383752078532,1002,1019,0.1,FALSE,FALSE,FALSE
"h06_0755",1.21388118864811,1003,428.5,0.05,FALSE,FALSE,FALSE
"h06_0273",1.21404961633539,1004,1004.5,0,FALSE,FALSE,FALSE
"h06_0471",1.21463145800145,1005,1010.5,0.05,FALSE,FALSE,FALSE
"h06_0831",1.21469592360996,1006,995.5,0,FALSE,FALSE,FALSE
"h06_1021",1.21528656808899,1007,906.5,0,FALSE,FALSE,FALSE
"h06_0049",1.2153654044741,1008,1021,0,FALSE,FALSE,FALSE
"h06_0398",1.21545079775887,1009,852,0,FALSE,FALSE,FALSE
"h06_0637",1.21548009275974,1010,990,0.05,FALSE,FALSE,FALSE
"h06_0691",1.21551088442288,1011,688.5,0,FALSE,FALSE,FALSE
"h06_0060",1.21568652454869,1012,686.5,0,FALSE,FALSE,FALSE
"h06_0262",1.21576709593443,1013,983.5,0,FALSE,FALSE,FALSE
"h06_0126",1.21608965444195,1014,1013,0.05,FALSE,FALSE,FALSE
"h06_0656",1.2165083184168,1015,946,0.05,FALSE,FALSE,FALSE
"h06_0729",1.21697880784189,1016,1014.5,0.05,FALSE,FALSE,FALSE
"h06_0735",1.21717832142953,1017,1022,0,FALSE,FALSE,FALSE
"h06_0546",1.21732661121113,1018,943,0,FALSE,FALSE,FALSE
"h06_0475",1.21742391844005,1019,731.5,0,FALSE,FALSE,FALSE
"h06_0958",1.21755141328197,1020,970.5,0,FALSE,FALSE,FALSE
"h06_0101",1.21763247516312,1021,964,0.05,FALSE,FALSE,FALSE
"h06_0046",1.21798937757602,1022,1020,0,FALSE,FALSE,FALSE
"h06_0918",1.21885263353801,1023,951,0,FALSE,FALSE,FALSE
"h06_0715",1.2210570050817,1024,922.5,0,FALSE,FALSE,FALSE
