"covariate","block","score","rank_sel","rank_agg","rank_q95","freq_top20","p_marginal","below_fam05","below_mrg05","below_mrg01"
"s160m_fb00","s160m",1.2822898381795,1,4,38,0.1,0.00427407407407407,FALSE,TRUE,TRUE
"s160m_sd","s160m",1.28436255658043,2,6,114,0,0.00528888888888889,FALSE,TRUE,TRUE
"s160m_bm06","s160m",1.2847550769131,3,5,62,0,0.00552962962962963,FALSE,TRUE,TRUE
"d70_160_q30","d70",1.29462898866889,4,16,167,0.15,0.0148407407407407,FALSE,TRUE,FALSE
"d70_160_bm04","d70",1.29467558931866,5,20,18,0.1,0.0149259259259259,FALSE,TRUE,FALSE
"d70_160_bm09","d70",1.29600172177245,6,11,8,0.1,0.0169518518518519,FALSE,TRUE,FALSE
"s70m_q40","s70m",1.30108192505903,7,12,35,0.15,0.0268222222222222,FALSE,TRUE,FALSE
"s70m_bm01","s70m",1.30253981307109,8,34,68,0.15,0.0305703703703704,FALSE,TRUE,FALSE
"d70_160_bm11","d70",1.30635641485615,9,10,37,0.05,0.0423518518518518,FALSE,TRUE,FALSE
"s70m_bs09","s70m",1.30746801481565,10,39,28,0.1,0.0465037037037037,FALSE,TRUE,FALSE
"s70m_bs00","s70m",1.30866838068054,11,31,91,0.1,0.0514555555555556,FALSE,FALSE,FALSE
"s70m_bs03","s70m",1.30922283787474,12,14,11,0.05,0.0539407407407407,FALSE,FALSE,FALSE
"s160m_q06","s160m",1.3103074392052,13,21,129,0.15,0.0589111111111111,FALSE,FALSE,FALSE
"s70m_bm10","s70m",1.3103573706909,14,9,14,0.1,0.0591481481481482,FALSE,FALSE,FALSE
"d70_160_skew","d70",1.31115603252714,15,27,31,0,0.063037037037037,FALSE,FALSE,FALSE
"d70_160_bs13","d70",1.31140838098708,16,55,123,0.2,0.064237037037037,FALSE,FALSE,FALSE
"s160m_q30","s160m",1.31153996655908,17,35,46,0.1,0.0649222222222222,FALSE,FALSE,FALSE
"d70_160_bm08","d70",1.31224538636008,18,1,59,0.15,0.0684925925925926,FALSE,FALSE,FALSE
"d70_160_q12","d70",1.31236714694335,19,26,92,0.1,0.0691481481481482,FALSE,FALSE,FALSE
"d70_160_q84","d70",1.31289513150134,20,3,9,0.15,0.0723592592592593,FALSE,FALSE,FALSE
"s160m_q84","s160m",1.31357460920082,21,54,139,0.05,0.0765185185185185,FALSE,FALSE,FALSE
"s160m_q02","s160m",1.31419240250099,22,43,146,0.2,0.080062962962963,FALSE,FALSE,FALSE
"s70m_bm02","s70m",1.31433693159767,23,71,45,0,0.0810037037037037,FALSE,FALSE,FALSE
"s160m_bs15","s160m",1.31498645461644,24,29,89,0.05,0.0852777777777778,FALSE,FALSE,FALSE
"s160m_q28","s160m",1.3152275772248,25,77,56,0.15,0.0868,FALSE,FALSE,FALSE
"s160m_bm11","s160m",1.31557612233855,26,23,23,0.05,0.0892,FALSE,FALSE,FALSE
"d70_160_q38","d70",1.31566338743845,27,69,96,0.05,0.0897666666666667,FALSE,FALSE,FALSE
"s70m_q62","s70m",1.31575556570948,28,84,110,0.1,0.0903555555555556,FALSE,FALSE,FALSE
"s160m_q92","s160m",1.31641106252915,29,48,188,0.1,0.0949962962962963,FALSE,FALSE,FALSE
"s70m_bs10","s70m",1.316498205383,30,40,148,0.15,0.0957259259259259,FALSE,FALSE,FALSE
"s70m_bs04","s70m",1.31655142112045,31,82,63,0.05,0.0961037037037037,FALSE,FALSE,FALSE
"s70m_q64","s70m",1.31685419228506,32,28,43,0.05,0.0983333333333333,FALSE,FALSE,FALSE
"s70m_q70","s70m",1.31709785976714,33,57,17,0.1,0.100055555555556,FALSE,FALSE,FALSE
"s70m_q08","s70m",1.3174581018321,34,38,25,0.05,0.102674074074074,FALSE,FALSE,FALSE
"s70m_q06","s70m",1.31761916341138,35,25,216,0.05,0.103862962962963,FALSE,FALSE,FALSE
"s160m_fb02","s160m",1.31837745088894,36,7,16,0.1,0.109840740740741,FALSE,FALSE,FALSE
"d70_160_q72","d70",1.31883676272424,37,110,165,0.15,0.11347037037037,FALSE,FALSE,FALSE
"s70m_q18","s70m",1.31930564212421,38,45,12,0.05,0.117296296296296,FALSE,FALSE,FALSE
"d70_160_q90","d70",1.31965742126085,39,74,130,0,0.120359259259259,FALSE,FALSE,FALSE
"s70m_q14","s70m",1.31991996268536,40,22,10,0.1,0.122566666666667,FALSE,FALSE,FALSE
"s70m_q94","s70m",1.32025195322809,41,18,268,0.05,0.125637037037037,FALSE,FALSE,FALSE
"d70_160_bm06","d70",1.32190818091182,42,76,184,0.15,0.140462962962963,FALSE,FALSE,FALSE
"s70m_q54","s70m",1.32267277943121,43,41,257,0.1,0.147851851851852,FALSE,FALSE,FALSE
"s160m_bm01","s160m",1.32297454308098,44,111,174,0,0.150937037037037,FALSE,FALSE,FALSE
"s70m_bs08","s70m",1.32354211242758,45,125,36,0.05,0.156733333333333,FALSE,FALSE,FALSE
"d70_160_q62","d70",1.32425065803739,46,90,64,0.15,0.164444444444444,FALSE,FALSE,FALSE
"s70m_q30","s70m",1.32473844490611,47,129,50,0,0.1699,FALSE,FALSE,FALSE
"s70m_bs15","s70m",1.32564158778727,48,131,24,0.15,0.179818518518519,FALSE,FALSE,FALSE
"d70_160_q14","d70",1.32573272460981,49,49,181,0.1,0.180814814814815,FALSE,FALSE,FALSE
"d70_160_sd","d70",1.32601543078389,50,101,194,0.2,0.184111111111111,FALSE,FALSE,FALSE
"d70_160_bs10","d70",1.3263344503807,51,81,32,0.05,0.187855555555556,FALSE,FALSE,FALSE
"s160m_q96","s160m",1.32701753311941,52,70,233,0.05,0.196414814814815,FALSE,FALSE,FALSE
"d70_160_bs06","d70",1.32704059099028,53,88,151,0,0.196762962962963,FALSE,FALSE,FALSE
"s160m_q72","s160m",1.32705242400634,54,140,227,0.15,0.196951851851852,FALSE,FALSE,FALSE
"s70m_bm14","s70m",1.32732471893917,55,17,44,0.1,0.200292592592593,FALSE,FALSE,FALSE
"s160m_q40","s160m",1.32737983280412,56,30,259,0.15,0.200940740740741,FALSE,FALSE,FALSE
"d70_160_q80","d70",1.32738889780424,57,62,224,0.05,0.201055555555556,FALSE,FALSE,FALSE
"s160m_q26","s160m",1.32754224530487,58,59,100,0.1,0.203011111111111,FALSE,FALSE,FALSE
"s70m_q60","s70m",1.32781870789126,59,51,234,0.15,0.206492592592593,FALSE,FALSE,FALSE
"s70m_q48","s70m",1.32808172765484,60,150,39,0.1,0.209796296296296,FALSE,FALSE,FALSE
"s160m_q38","s160m",1.32808390602352,61,19,126,0.15,0.209811111111111,FALSE,FALSE,FALSE
"d70_160_bs08","d70",1.32809957911236,62,105,74,0.05,0.210040740740741,FALSE,FALSE,FALSE
"d70_160_q06","d70",1.32810567031142,63,66,141,0.2,0.210133333333333,FALSE,FALSE,FALSE
"s70m_max","s70m",1.32832941672714,64,117,163,0.05,0.212774074074074,FALSE,FALSE,FALSE
"s160m_q70","s160m",1.32865865811577,65,13,47,0.1,0.217007407407407,FALSE,FALSE,FALSE
"s160m_bs11","s160m",1.32906012733876,66,42,207,0.15,0.222255555555556,FALSE,FALSE,FALSE
"s160m_q20","s160m",1.32908782465406,67,124,61,0.2,0.222651851851852,FALSE,FALSE,FALSE
"s70m_q42","s70m",1.3293584022202,68,102,95,0.1,0.226466666666667,FALSE,FALSE,FALSE
"s70m_bm09","s70m",1.32944665844448,69,112,90,0.2,0.227618518518519,FALSE,FALSE,FALSE
"d70_160_q32","d70",1.3298474261384,70,120,131,0.15,0.232911111111111,FALSE,FALSE,FALSE
"d70_160_bm14","d70",1.32986717419811,71,61,213,0.15,0.233214814814815,FALSE,FALSE,FALSE
"s160m_bm00","s160m",1.33008185673354,72,2,232,0.05,0.236122222222222,FALSE,FALSE,FALSE
"s70m_bm08","s70m",1.33011600128571,73,33,203,0.15,0.236577777777778,FALSE,FALSE,FALSE
"s70m_q46","s70m",1.33019570803311,74,162,99,0.05,0.237837037037037,FALSE,FALSE,FALSE
"s160m_bs08","s160m",1.33051968725377,75,109,85,0.05,0.242266666666667,FALSE,FALSE,FALSE
"s160m_bs00","s160m",1.33056599050753,76,128,164,0,0.242918518518519,FALSE,FALSE,FALSE
"s70m_q76","s70m",1.33058603659391,77,167,145,0.1,0.243240740740741,FALSE,FALSE,FALSE
"s70m_q12","s70m",1.33101894967437,78,163,107,0,0.249303703703704,FALSE,FALSE,FALSE
"s160m_q50","s160m",1.33156870161292,79,113,121,0,0.25722962962963,FALSE,FALSE,FALSE
"s70m_q88","s70m",1.33215726949386,80,8,155,0.1,0.265859259259259,FALSE,FALSE,FALSE
"s160m_q74","s160m",1.33227456836012,81,99,118,0,0.267407407407407,FALSE,FALSE,FALSE
"s160m_bm03","s160m",1.33229589901125,82,80,30,0.25,0.267681481481481,FALSE,FALSE,FALSE
"d70_160_bs09","d70",1.33230764492803,83,96,261,0,0.267840740740741,FALSE,FALSE,FALSE
"s160m_bm12","s160m",1.33254322691635,84,180,254,0,0.271611111111111,FALSE,FALSE,FALSE
"d70_160_bm10","d70",1.33404065154909,85,46,109,0.05,0.295096296296296,FALSE,FALSE,FALSE
"d70_160_q16","d70",1.33404261013082,86,183,6,0,0.295133333333333,FALSE,FALSE,FALSE
"d70_160_q86","d70",1.3341760645794,87,94,22,0.05,0.297140740740741,FALSE,FALSE,FALSE
"s70m_bm00","s70m",1.33425551520722,88,130,260,0.1,0.298366666666667,FALSE,FALSE,FALSE
"s70m_q84","s70m",1.3343437368341,89,146,226,0.05,0.29967037037037,FALSE,FALSE,FALSE
"s160m_skew","s160m",1.33445841747814,90,52,15,0.1,0.301444444444444,FALSE,FALSE,FALSE
"d70_160_q54","d70",1.33449296570307,91,132,34,0.25,0.302077777777778,FALSE,FALSE,FALSE
"s160m_bm04","s160m",1.33454481372066,92,36,78,0.15,0.302903703703704,FALSE,FALSE,FALSE
"d70_160_min","d70",1.33507188971928,93,15,3,0,0.311562962962963,FALSE,FALSE,FALSE
"d70_160_q82","d70",1.33548325948656,94,83,147,0,0.318392592592593,FALSE,FALSE,FALSE
"d70_160_bs00","d70",1.33568195799589,95,68,225,0.05,0.321655555555556,FALSE,FALSE,FALSE
"s70m_bm05","s70m",1.33580305140109,96,154,70,0.05,0.323585185185185,FALSE,FALSE,FALSE
"s160m_q90","s160m",1.33593865319559,97,164,160,0,0.325866666666667,FALSE,FALSE,FALSE
"s160m_bs05","s160m",1.33604267783128,98,148,94,0.05,0.327662962962963,FALSE,FALSE,FALSE
"s70m_skew","s70m",1.3362350059192,99,63,255,0,0.330725925925926,FALSE,FALSE,FALSE
"s160m_q36","s160m",1.33641337031292,100,114,101,0,0.333718518518519,FALSE,FALSE,FALSE
"s160m_bm10","s160m",1.33651969748223,101,152,258,0.1,0.335614814814815,FALSE,FALSE,FALSE
"s160m_q14","s160m",1.33652922167449,102,95,83,0.15,0.335818518518519,FALSE,FALSE,FALSE
"d70_160_q52","d70",1.33655438969022,103,107,241,0.1,0.336203703703704,FALSE,FALSE,FALSE
"d70_160_q70","d70",1.33661777639653,104,149,72,0.05,0.337240740740741,FALSE,FALSE,FALSE
"s70m_bm03","s70m",1.33752049289166,105,134,177,0.15,0.352596296296296,FALSE,FALSE,FALSE
"s160m_q34","s160m",1.33825887944927,106,191,5,0,0.365174074074074,FALSE,FALSE,FALSE
"s70m_q82","s70m",1.33896035806017,107,123,219,0.15,0.37742962962963,FALSE,FALSE,FALSE
"d70_160_bs15","d70",1.33922866246505,108,100,236,0.1,0.382255555555556,FALSE,FALSE,FALSE
"s160m_bm07","s160m",1.33951769495057,109,151,120,0.1,0.387222222222222,FALSE,FALSE,FALSE
"d70_160_bs01","d70",1.33958852334597,110,127,55,0,0.388544444444444,FALSE,FALSE,FALSE
"s160m_bs04","s160m",1.33989386716293,111,197,142,0.05,0.394040740740741,FALSE,FALSE,FALSE
"s160m_q32","s160m",1.33999203929863,112,141,270,0.1,0.395744444444444,FALSE,FALSE,FALSE
"d70_160_bs11","d70",1.34024996365262,113,185,98,0.1,0.400481481481481,FALSE,FALSE,FALSE
"s160m_bs10","s160m",1.34073703667266,114,170,51,0,0.409503703703704,FALSE,FALSE,FALSE
"s160m_q57","s160m",1.34099752984134,115,106,75,0.05,0.41432962962963,FALSE,FALSE,FALSE
"d70_160_q10","d70",1.34122660760649,116,137,105,0.1,0.418748148148148,FALSE,FALSE,FALSE
"d70_160_q64","d70",1.34131512471995,117,121,250,0.05,0.420255555555556,FALSE,FALSE,FALSE
"s70m_bm13","s70m",1.34145127534069,118,64,26,0.1,0.422681481481481,FALSE,FALSE,FALSE
"d70_160_q88","d70",1.34152964787881,119,210,69,0.1,0.424162962962963,FALSE,FALSE,FALSE
"d70_160_q40","d70",1.34207617616998,120,196,150,0.05,0.434518518518519,FALSE,FALSE,FALSE
"s70m_bm07","s70m",1.34226621723114,121,103,242,0.1,0.438337037037037,FALSE,FALSE,FALSE
"d70_160_q60","d70",1.34233607647232,122,78,187,0.1,0.439474074074074,FALSE,FALSE,FALSE
"s70m_q36","s70m",1.34235096871348,123,207,210,0.1,0.439703703703704,FALSE,FALSE,FALSE
"d70_160_bm01","d70",1.34252058785329,124,44,190,0.15,0.443114814814815,FALSE,FALSE,FALSE
"d70_160_fb00","d70",1.34254613934099,125,144,239,0,0.443581481481481,FALSE,FALSE,FALSE
"d70_160_bs05","d70",1.34266794832175,126,155,117,0.05,0.445837037037037,FALSE,FALSE,FALSE
"s70m_bs01","s70m",1.34273024962544,127,138,66,0.15,0.447040740740741,FALSE,FALSE,FALSE
"s70m_fb02","s70m",1.34354859651516,128,75,1,0.15,0.462388888888889,FALSE,FALSE,FALSE
"s160m_bm08","s160m",1.34414247209949,129,219,84,0.15,0.473711111111111,FALSE,FALSE,FALSE
"d70_160_q92","d70",1.34475932788244,130,79,206,0,0.485592592592593,FALSE,FALSE,FALSE
"s70m_q28","s70m",1.344840495226,131,220,119,0,0.487066666666667,FALSE,FALSE,FALSE
"s70m_q74","s70m",1.34487609967121,132,67,175,0.05,0.487803703703704,FALSE,FALSE,FALSE
"s70m_q86","s70m",1.3454299373698,133,166,217,0.15,0.498640740740741,FALSE,FALSE,FALSE
"s160m_bm15","s160m",1.34554801868868,134,53,269,0,0.500862962962963,FALSE,FALSE,FALSE
"d70_160_q22","d70",1.3456532532811,135,73,58,0.1,0.502966666666667,FALSE,FALSE,FALSE
"d70_160_q34","d70",1.34628850196714,136,192,237,0.2,0.514903703703704,FALSE,FALSE,FALSE
"s160m_q44","s160m",1.34632171864083,137,199,48,0.05,0.515559259259259,FALSE,FALSE,FALSE
"d70_160_q18","d70",1.34634023852257,138,89,267,0.05,0.5159,FALSE,FALSE,FALSE
"s160m_bm02","s160m",1.34643958158777,139,174,2,0,0.517766666666667,FALSE,FALSE,FALSE
"d70_160_q26","d70",1.34671690080763,140,179,132,0.1,0.523237037037037,FALSE,FALSE,FALSE
"d70_160_q57","d70",1.34715044499413,141,168,172,0.2,0.531681481481482,FALSE,FALSE,FALSE
"d70_160_bs04","d70",1.34718882547872,142,119,243,0.05,0.532411111111111,FALSE,FALSE,FALSE
"s160m_q42","s160m",1.34722894279717,143,230,97,0.05,0.533155555555556,FALSE,FALSE,FALSE
"s70m_q26","s70m",1.34748380669097,144,65,112,0.15,0.538251851851852,FALSE,FALSE,FALSE
"s70m_bs14","s70m",1.34752360748074,145,232,196,0.05,0.539062962962963,FALSE,FALSE,FALSE
"s70m_q20","s70m",1.34760452576214,146,214,249,0.1,0.540711111111111,FALSE,FALSE,FALSE
"s70m_q56","s70m",1.34761622310043,147,24,108,0.1,0.540955555555556,FALSE,FALSE,FALSE
"d70_160_q44","d70",1.34764214945298,148,126,251,0.1,0.541440740740741,FALSE,FALSE,FALSE
"s70m_bs06","s70m",1.34765989103345,149,159,42,0.1,0.541862962962963,FALSE,FALSE,FALSE
"s70m_q52","s70m",1.34791798052922,150,118,87,0.05,0.54687037037037,FALSE,FALSE,FALSE
"s70m_bm11","s70m",1.34806570419977,151,143,54,0,0.549733333333333,FALSE,FALSE,FALSE
"s160m_q80","s160m",1.34812440022019,152,136,144,0,0.550788888888889,FALSE,FALSE,FALSE
"s160m_bm05","s160m",1.34927414370663,153,217,201,0.05,0.572696296296296,FALSE,FALSE,FALSE
"s70m_q04","s70m",1.34928757780259,154,47,208,0.05,0.572992592592593,FALSE,FALSE,FALSE
"d70_160_q20","d70",1.34941444944639,155,157,192,0.1,0.575455555555556,FALSE,FALSE,FALSE
"s160m_q98","s160m",1.34954322862604,156,161,33,0.05,0.577892592592593,FALSE,FALSE,FALSE
"d70_160_max","d70",1.34958435965747,157,212,195,0.15,0.578688888888889,FALSE,FALSE,FALSE
"s70m_q32","s70m",1.35010636903506,158,32,159,0,0.588625925925926,FALSE,FALSE,FALSE
"d70_160_q78","d70",1.35013324656217,159,239,245,0.1,0.589111111111111,FALSE,FALSE,FALSE
"d70_160_q24","d70",1.35020065282454,160,226,113,0.05,0.590340740740741,FALSE,FALSE,FALSE
"d70_160_q36","d70",1.3506680362595,161,201,40,0.05,0.5992,FALSE,FALSE,FALSE
"s70m_sd","s70m",1.35086786657712,162,139,143,0,0.602788888888889,FALSE,FALSE,FALSE
"s160m_q82","s160m",1.35107792740446,163,242,223,0,0.606837037037037,FALSE,FALSE,FALSE
"d70_160_mean","d70",1.35173806785204,164,211,88,0.1,0.61972962962963,FALSE,FALSE,FALSE
"s70m_q50","s70m",1.35181301257933,165,92,52,0.05,0.621144444444444,FALSE,FALSE,FALSE
"s160m_bs03","s160m",1.35181705382949,166,243,200,0,0.621225925925926,FALSE,FALSE,FALSE
"d70_160_q48","d70",1.35201052374749,167,246,153,0.05,0.624914814814815,FALSE,FALSE,FALSE
"s160m_bs07","s160m",1.35249699705989,168,116,156,0,0.634033333333333,FALSE,FALSE,FALSE
"s160m_bm13","s160m",1.35268261883245,169,224,266,0.1,0.63747037037037,FALSE,FALSE,FALSE
"s70m_q44","s70m",1.3527818346912,170,249,27,0,0.639251851851852,FALSE,FALSE,FALSE
"d70_160_q02","d70",1.35290407801414,171,104,60,0.1,0.641759259259259,FALSE,FALSE,FALSE
"s70m_q02","s70m",1.35304378181593,172,237,152,0,0.644196296296296,FALSE,FALSE,FALSE
"s160m_bs14","s160m",1.3532698376692,173,122,102,0,0.648448148148148,FALSE,FALSE,FALSE
"s160m_kurt","s160m",1.35345364590603,174,248,82,0,0.651896296296296,FALSE,FALSE,FALSE
"d70_160_bm03","d70",1.35353377865496,175,223,182,0.05,0.653307407407407,FALSE,FALSE,FALSE
"s70m_bs12","s70m",1.35362039557843,176,189,162,0,0.654822222222222,FALSE,FALSE,FALSE
"d70_160_q76","d70",1.35383417945085,177,194,21,0.15,0.658748148148148,FALSE,FALSE,FALSE
"d70_160_q04","d70",1.35388747263653,178,190,73,0.15,0.659677777777778,FALSE,FALSE,FALSE
"s160m_bs09","s160m",1.35397193790706,179,256,124,0,0.661137037037037,FALSE,FALSE,FALSE
"s70m_q72","s70m",1.354031043467,180,60,199,0,0.662174074074074,FALSE,FALSE,FALSE
"s70m_bs13","s70m",1.35426398381659,181,135,157,0.05,0.666433333333333,FALSE,FALSE,FALSE
"s70m_bm12","s70m",1.35506087607614,182,98,138,0.1,0.681381481481481,FALSE,FALSE,FALSE
"s160m_q16","s160m",1.35519144203634,183,250,41,0,0.683833333333333,FALSE,FALSE,FALSE
"s160m_mean","s160m",1.35533537240192,184,233,136,0,0.686318518518519,FALSE,FALSE,FALSE
"s160m_q12","s160m",1.35552299247021,185,153,19,0.15,0.689737037037037,FALSE,FALSE,FALSE
"d70_160_q42","d70",1.35553346434739,186,209,214,0.05,0.689955555555556,FALSE,FALSE,FALSE
"s70m_q24","s70m",1.35568332640197,187,97,4,0.1,0.692748148148148,FALSE,FALSE,FALSE
"s160m_q88","s160m",1.35626830574028,188,257,125,0.05,0.703214814814815,FALSE,FALSE,FALSE
"s70m_q38","s70m",1.35644790634607,189,261,247,0,0.706381481481481,FALSE,FALSE,FALSE
"d70_160_bs07","d70",1.35664371454738,190,238,244,0.05,0.709644444444444,FALSE,FALSE,FALSE
"d70_160_q96","d70",1.3568564010232,191,252,168,0.05,0.713055555555556,FALSE,FALSE,FALSE
"d70_160_bm15","d70",1.35699419501821,192,85,265,0.1,0.715618518518519,FALSE,FALSE,FALSE
"s70m_q16","s70m",1.35720841838043,193,227,65,0,0.719322222222222,FALSE,FALSE,FALSE
"s160m_q64","s160m",1.35724205355353,194,165,77,0.15,0.719940740740741,FALSE,FALSE,FALSE
"d70_160_kurt","d70",1.35726906781291,195,181,169,0.05,0.720396296296296,FALSE,FALSE,FALSE
"s160m_q08","s160m",1.35736513922116,196,202,53,0.1,0.72192962962963,FALSE,FALSE,FALSE
"s160m_q24","s160m",1.357623962524,197,147,193,0.1,0.726251851851852,FALSE,FALSE,FALSE
"d70_160_q98","d70",1.35823951188493,198,213,204,0.1,0.736722222222222,FALSE,FALSE,FALSE
"s70m_q90","s70m",1.35869095352538,199,231,79,0.15,0.744274074074074,FALSE,FALSE,FALSE
"s160m_q56","s160m",1.35882710252047,200,91,106,0.05,0.746466666666667,FALSE,FALSE,FALSE
"s70m_q98","s70m",1.35928882094123,201,142,154,0,0.753766666666667,FALSE,FALSE,FALSE
"s160m_bs06","s160m",1.35933837703759,202,262,67,0.05,0.754525925925926,FALSE,FALSE,FALSE
"d70_160_q66","d70",1.35962839850072,203,171,211,0,0.75917037037037,FALSE,FALSE,FALSE
"s70m_q34","s70m",1.35983727704504,204,108,161,0.1,0.762396296296296,FALSE,FALSE,FALSE
"s70m_mean","s70m",1.36071990411692,205,93,127,0.1,0.776192592592593,FALSE,FALSE,FALSE
"s160m_q86","s160m",1.36107092858535,206,215,179,0,0.781788888888889,FALSE,FALSE,FALSE
"s160m_q94","s160m",1.36120892084248,207,115,235,0.1,0.783692592592593,FALSE,FALSE,FALSE
"s160m_bs01","s160m",1.36126491929203,208,203,149,0.1,0.78447037037037,FALSE,FALSE,FALSE
"s160m_bm09","s160m",1.3617621810827,209,158,264,0.1,0.792018518518519,FALSE,FALSE,FALSE
"s160m_bs12","s160m",1.36185438819494,210,184,220,0,0.793407407407407,FALSE,FALSE,FALSE
"d70_160_bm13","d70",1.36278901107725,211,169,218,0.05,0.80692962962963,FALSE,FALSE,FALSE
"s70m_fb01","s70m",1.36315682369068,212,235,191,0.1,0.8121,FALSE,FALSE,FALSE
"s70m_bs07","s70m",1.36327470114237,213,160,7,0.15,0.813740740740741,FALSE,FALSE,FALSE
"d70_160_bm07","d70",1.36331242262176,214,264,246,0.05,0.814292592592593,FALSE,FALSE,FALSE
"s70m_q78","s70m",1.36333744965117,215,267,135,0.1,0.8147,FALSE,FALSE,FALSE
"s160m_bs13","s160m",1.3635583698562,216,260,166,0,0.817711111111111,FALSE,FALSE,FALSE
"s160m_q46","s160m",1.36367957468465,217,172,81,0.05,0.819314814814815,FALSE,FALSE,FALSE
"s160m_q68","s160m",1.36377343342791,218,177,198,0,0.820540740740741,FALSE,FALSE,FALSE
"s160m_q62","s160m",1.36393173975646,219,195,222,0.2,0.82262962962963,FALSE,FALSE,FALSE
"d70_160_bm05","d70",1.36431233873293,220,266,209,0,0.827625925925926,FALSE,FALSE,FALSE
"d70_160_bs14","d70",1.36470692663888,221,206,103,0.1,0.832781481481481,FALSE,FALSE,FALSE
"s160m_bm14","s160m",1.36509802486399,222,254,134,0.05,0.837803703703704,FALSE,FALSE,FALSE
"d70_160_bm12","d70",1.36512833015636,223,156,71,0.05,0.83817037037037,FALSE,FALSE,FALSE
"s160m_q78","s160m",1.36562049208749,224,204,221,0,0.844148148148148,FALSE,FALSE,FALSE
"s160m_q60","s160m",1.36565691090536,225,56,263,0.05,0.844566666666667,FALSE,FALSE,FALSE
"s160m_q48","s160m",1.36583858748818,226,236,86,0.05,0.846874074074074,FALSE,FALSE,FALSE
"s70m_q68","s70m",1.36621299234301,227,270,262,0,0.8515,FALSE,FALSE,FALSE
"s70m_q80","s70m",1.36638416182647,228,228,122,0.05,0.853414814814815,FALSE,FALSE,FALSE
"s70m_bs02","s70m",1.36694401032838,229,198,248,0.2,0.860055555555556,FALSE,FALSE,FALSE
"d70_160_q94","d70",1.36694678598716,230,200,252,0.2,0.860107407407407,FALSE,FALSE,FALSE
"d70_160_q56","d70",1.36745360405638,231,182,228,0,0.866059259259259,FALSE,FALSE,FALSE
"s160m_min","s160m",1.36750066379045,232,221,212,0,0.866544444444444,FALSE,FALSE,FALSE
"s70m_bm06","s70m",1.36754254695751,233,145,231,0.1,0.867007407407407,FALSE,FALSE,FALSE
"d70_160_fb01","d70",1.36811141236582,234,216,104,0,0.873014814814815,FALSE,FALSE,FALSE
"s70m_q92","s70m",1.36871459409148,235,50,111,0.05,0.879533333333333,FALSE,FALSE,FALSE
"d70_160_bs03","d70",1.36898759533134,236,58,176,0.1,0.882314814814815,FALSE,FALSE,FALSE
"s160m_q76","s160m",1.36912621614185,237,218,230,0.1,0.883866666666667,FALSE,FALSE,FALSE
"s160m_q10","s160m",1.3692422898848,238,87,205,0.05,0.885051851851852,FALSE,FALSE,FALSE
"s70m_q22","s70m",1.36941407110382,239,251,171,0.1,0.8867,FALSE,FALSE,FALSE
"d70_160_q50","d70",1.37054934842551,240,247,229,0,0.897540740740741,FALSE,FALSE,FALSE
"s160m_q18","s160m",1.37105700339259,241,222,189,0,0.902281481481481,FALSE,FALSE,FALSE
"d70_160_bm00","d70",1.37163469530142,242,188,13,0.1,0.907318518518519,FALSE,FALSE,FALSE
"d70_160_q74","d70",1.37197698636715,243,255,186,0.1,0.910337037037037,FALSE,FALSE,FALSE
"s70m_kurt","s70m",1.37223336457799,244,178,76,0.15,0.912407407407407,FALSE,FALSE,FALSE
"d70_160_bm02","d70",1.3734880132323,245,208,115,0,0.922481481481481,FALSE,FALSE,FALSE
"s160m_bs02","s160m",1.37388028342584,246,37,57,0.05,0.925525925925926,FALSE,FALSE,FALSE
"d70_160_q28","d70",1.3739866226266,247,258,20,0.05,0.926351851851852,FALSE,FALSE,FALSE
"s70m_bs05","s70m",1.37423196431172,248,187,116,0.05,0.928103703703704,FALSE,FALSE,FALSE
"s70m_q10","s70m",1.37448381745924,249,245,240,0.05,0.929914814814815,FALSE,FALSE,FALSE
"s70m_bm04","s70m",1.37454421477546,250,241,238,0.05,0.930311111111111,FALSE,FALSE,FALSE
"d70_160_q08","d70",1.37487997612883,251,269,197,0.1,0.932625925925926,FALSE,FALSE,FALSE
"s70m_q96","s70m",1.37538408601328,252,86,137,0,0.935962962962963,FALSE,FALSE,FALSE
"s70m_q57","s70m",1.37603272591366,253,193,202,0.2,0.940022222222222,FALSE,FALSE,FALSE
"d70_160_fb02","d70",1.37642725313878,254,176,215,0.15,0.942318518518519,FALSE,FALSE,FALSE
"s160m_q04","s160m",1.37691070203806,255,253,178,0.1,0.945055555555556,FALSE,FALSE,FALSE
"s160m_q54","s160m",1.37738102805646,256,240,128,0,0.947740740740741,FALSE,FALSE,FALSE
"s70m_q66","s70m",1.37760813783873,257,265,133,0,0.948944444444444,FALSE,FALSE,FALSE
"d70_160_bs02","d70",1.3784840674995,258,229,140,0,0.953533333333333,FALSE,FALSE,FALSE
"s160m_max","s160m",1.3785818867044,259,133,173,0.15,0.954025925925926,FALSE,FALSE,FALSE
"s70m_fb00","s70m",1.37901676205091,260,173,256,0.15,0.956185185185185,FALSE,FALSE,FALSE
"s160m_q52","s160m",1.37909096588044,261,234,180,0,0.956592592592593,FALSE,FALSE,FALSE
"s70m_min","s70m",1.38056014745782,262,259,185,0,0.962837037037037,FALSE,FALSE,FALSE
"d70_160_q68","d70",1.38133941757905,263,175,253,0,0.966111111111111,FALSE,FALSE,FALSE
"d70_160_q46","d70",1.38314095291719,264,263,93,0.05,0.972744444444444,FALSE,FALSE,FALSE
"s160m_fb01","s160m",1.38318111478965,265,72,49,0.05,0.972866666666667,FALSE,FALSE,FALSE
"d70_160_bs12","d70",1.38689843521176,266,225,183,0.15,0.982911111111111,FALSE,FALSE,FALSE
"s160m_q66","s160m",1.3887967014988,267,186,29,0.15,0.986548148148148,FALSE,FALSE,FALSE
"s70m_bm15","s70m",1.39394098650553,268,244,80,0.1,0.993496296296296,FALSE,FALSE,FALSE
"s160m_q22","s160m",1.39948149741452,269,268,170,0,0.997266666666667,FALSE,FALSE,FALSE
"s70m_bs11","s70m",1.40256149130808,270,205,158,0,0.998303703703704,FALSE,FALSE,FALSE
