covariate,sd_inter,p_perm,gamma_min,gamma_max
rate_space,0.12324446176525936,0.0,1.2079846410751343,1.4978585014343262
mean_word_len,0.08504871013491454,0.0025,1.241163194597185,1.446060471534729
emb_000,0.08288898415118667,0.005,1.262110008239746,1.459650092124939
emb_039,0.08286709380787505,0.005,1.2674065046310425,1.4331654653549195
emb_003,0.08106273481893354,0.0075,1.2838562250137329,1.4579487037658692
emb_010,0.08032753238949007,0.0075,1.2741204071044923,1.4581018810272217
emb_060,0.07950489926971582,0.01,1.2883959035873414,1.4355367670059205
emb_124,0.07942033688867867,0.01,1.2804607162475585,1.4595229644775392
emb_134,0.07900047831689218,0.0125,1.2861386671066284,1.459921986579895
emb_001,0.07854623261538815,0.015,1.265941060066223,1.4579990997314454
emb_066,0.07751998135245101,0.015,1.2476203203201295,1.4163753175735474
emb_176,0.07555731086551608,0.0175,1.2851542472839355,1.4359974994659424
emb_019,0.07523967298891922,0.0175,1.2887071952819824,1.4535615425109862
emb_030,0.07467804167975638,0.0175,1.2461920003890992,1.4059297199249268
emb_097,0.07435081205265286,0.02,1.280425950050354,1.4378010396957397
len_gzip,0.07433670601575547,0.02,1.2927469787597656,1.4566146459579468
rate_alpha,0.074195683280562,0.02,1.283159996032715,1.4484576082229614
emb_138,0.07399418966863468,0.02,1.254176148414612,1.4284068746566772
emb_234,0.07233421614961816,0.025,1.2647074527740478,1.4381783618927002
len_chars,0.07067961251757068,0.0275,1.2942217531204223,1.4527749175185316
emb_094,0.06997062021056238,0.0275,1.2768038377761841,1.424313292503357
emb_172,0.06864667271329421,0.03,1.2636988687515258,1.4187934789657592
emb_153,0.06762298576607646,0.03,1.2907879619598388,1.4432156057357788
emb_096,0.06729872973680164,0.03,1.3058099765777589,1.4502505054473878
emb_082,0.06729677671842198,0.03,1.268250428199768,1.4329794902801514
gzip_ratio,0.0672057055040608,0.03,1.2844000082015992,1.4449250288009643
emb_075,0.06694569975503367,0.03,1.266699475288391,1.430166958808899
rate_nonascii,0.06616492267753929,0.0325,1.2858770110824325,1.4448857107162476
len_bytes,0.06562671071456032,0.035,1.2991902033487956,1.4452634000778197
mean_sent_len,0.06529247816519877,0.035,1.2863351058959962,1.4393608267004188
len_spaces,0.06453982479722413,0.0425,1.306716046333313,1.4476711704685643
emb_237,0.06347595717616787,0.045,1.2625893783569335,1.4014901828765869
emb_179,0.06343772223724517,0.045,1.290476300239563,1.4409983444213867
emb_180,0.06258888708868661,0.055,1.2818497829437256,1.4277027864456178
emb_191,0.06181111971744206,0.06,1.275917734146118,1.4153662691116333
emb_116,0.06117790878775854,0.0675,1.2861126899719237,1.4280266962051391
emb_207,0.061038516854894226,0.0675,1.3152424983978273,1.4443258743286134
emb_215,0.06081687101519895,0.07,1.2987081756591796,1.4091385202407838
emb_090,0.06040145140745394,0.075,1.2816149244308472,1.412901617050171
emb_123,0.06020230096190445,0.08,1.2832005462646485,1.4303123350143432
emb_140,0.06017062566422341,0.08,1.2909377698898314,1.4137391576766967
emb_203,0.06008820975201673,0.08,1.3017384147644042,1.438682897567749
emb_219,0.059472445429040684,0.0875,1.2739450912475585,1.4191759433746338
emb_243,0.05828799933473308,0.095,1.2940223083496094,1.4067532596588135
emb_197,0.05766163197975132,0.1025,1.2805873899459839,1.4138593368530274
emb_078,0.057646834630779346,0.1025,1.2748843307495117,1.4035533485412597
len_words,0.05762080049614786,0.1025,1.2955334243774415,1.4320370251859598
emb_048,0.057182180470755885,0.1025,1.2867589368820191,1.4267370147705078
emb_126,0.056783495672790806,0.1075,1.2701964616775512,1.3932180662155151
emb_008,0.05647342572838868,0.1125,1.3088039855957032,1.4140027694702149
emb_164,0.05589756714523062,0.125,1.2747900037765503,1.406741563796997
rate_punct,0.05589397479537636,0.125,1.2940155235496726,1.4087579069137572
emb_112,0.05536191213629529,0.1325,1.3065771837234497,1.4350156230926514
emb_068,0.05517437355149279,0.1375,1.3030340280532837,1.422918249130249
emb_076,0.05514772120707469,0.1375,1.2907759981155396,1.4249371271133422
emb_238,0.05451435709061391,0.14,1.289943157196045,1.419414813041687
emb_171,0.05420170629510582,0.1475,1.2836610221862792,1.4160884532928466
emb_058,0.054092155478090265,0.1475,1.2956285791397095,1.406383719444275
emb_185,0.05310738964153696,0.1675,1.302482632637024,1.4283339986801147
emb_240,0.051779302734407014,0.1825,1.3119482536315918,1.4197705945968628
emb_034,0.051713946925782885,0.1825,1.3216631689071656,1.4329485950469971
rate_digit,0.05155590916884795,0.185,1.2881610765457154,1.4133127784729005
emb_013,0.05144526734463631,0.185,1.3010860033035279,1.4191275177001954
emb_144,0.051399943085824115,0.185,1.3007914161682128,1.4179884309768678
emb_108,0.050787198611991304,0.195,1.3022616624832153,1.3989405307769776
emb_204,0.05009271792934278,0.2075,1.3093073720932007,1.419598069190979
ttr,0.04991786559601194,0.21,1.2881512145996095,1.3987063932418824
emb_103,0.049515010864675385,0.22,1.3099193973541259,1.4229942388534547
emb_231,0.048926142279684094,0.2375,1.289217456817627,1.4055422163009643
emb_128,0.04890125804573899,0.2375,1.2939795398712157,1.3978742341995238
emb_004,0.048724484377459236,0.24,1.3009886121749878,1.4012254276275635
emb_088,0.048525812170398336,0.2425,1.3070183877944945,1.4048793783187867
emb_121,0.04845296299545009,0.2425,1.3144970340728759,1.4234410982131958
emb_059,0.04824077514436647,0.245,1.2899519834518434,1.39350732421875
emb_049,0.04805746789671142,0.25,1.2788209714889527,1.3851972179412841
emb_052,0.047922094184293475,0.25,1.3140928382873536,1.421701696395874
emb_063,0.047684091949616356,0.2525,1.305874176979065,1.3947164373397827
emb_192,0.04723416471700125,0.2525,1.285266821861267,1.3935911464691162
emb_009,0.04721386316580561,0.2525,1.3001924676895142,1.4112760601043701
emb_125,0.04710676704816324,0.2525,1.3059973134994507,1.416853485107422
emb_070,0.047002542527516185,0.2575,1.2984529485702514,1.4035861320495606
emb_188,0.0469459181190733,0.265,1.3139070463180542,1.4212627420425414
emb_040,0.046870837915515995,0.265,1.2940468368530273,1.398295976638794
emb_100,0.04670797127320209,0.265,1.2882080583572388,1.400096248626709
emb_227,0.04641878721871232,0.2725,1.2993122997283935,1.4048776273727417
emb_122,0.04637862199669037,0.2725,1.2983562498092651,1.3985359582901
emb_189,0.04623126252668825,0.2775,1.2998629465103149,1.4098294372558593
emb_029,0.04605781056478341,0.2825,1.3075818033218385,1.4037827920913697
emb_021,0.04593355892596578,0.2875,1.3099179954528808,1.4122882299423218
emb_168,0.04591206827520739,0.2875,1.3092209310531617,1.4035561141967774
emb_252,0.04590724369103109,0.2875,1.289631664276123,1.3950568237304688
emb_106,0.04561038458714662,0.295,1.3003803176879882,1.4118516540527344
emb_232,0.04557198890763891,0.295,1.3088834495544435,1.395088662147522
emb_170,0.0454021105425695,0.2975,1.2922981977462769,1.3947985792160034
emb_089,0.04531856468489309,0.2975,1.3171482629776001,1.416408574104309
emb_157,0.04524162326707032,0.2975,1.30567667388916,1.4076596088409423
emb_007,0.04495387504512401,0.2975,1.3134017372131348,1.4164468755722046
emb_038,0.04491403779244286,0.2975,1.2938804397583008,1.3959797830581666
emb_047,0.04473884501297299,0.2975,1.3106791124343873,1.414547236442566
emb_156,0.04464172738057403,0.3,1.2870766115188599,1.3819532670974732
rate_newline,0.04452766238543192,0.305,1.3145789985656737,1.4095828838348388
emb_064,0.04434367216650105,0.305,1.286028408050537,1.3795206336975097
emb_190,0.04433327342794262,0.305,1.2931852073669434,1.4014598140716552
emb_020,0.04429954606904189,0.305,1.3172930154800415,1.4171056842803955
emb_035,0.04409606387079388,0.3125,1.3165599975585938,1.4031241044998168
emb_081,0.04386591713819568,0.32,1.309095549583435,1.3995493431091308
emb_241,0.043799631978242146,0.32,1.2902508039474487,1.3874706707000732
emb_036,0.0437826131224508,0.32,1.2941413011550904,1.4013752336502074
emb_155,0.0431538310006657,0.3325,1.296003993988037,1.3991716661453246
emb_099,0.04301735123925567,0.335,1.2944778480529786,1.3955755729675292
emb_017,0.042978591326364744,0.335,1.3091827030181884,1.4066815910339356
emb_250,0.04279215660569592,0.3425,1.316290862083435,1.4157764606475831
len_lines,0.04242902146106634,0.3525,1.3041058885199683,1.3903590833507298
emb_152,0.04235158745643519,0.3575,1.3095762252807617,1.4035426416397094
emb_065,0.04205318753283993,0.375,1.2959643354415893,1.3976449642181397
emb_182,0.04204264908031739,0.375,1.306019045829773,1.402148690223694
emb_194,0.0417661061678905,0.38,1.31753901386261,1.399883008003235
emb_015,0.04152459839489057,0.3875,1.3114416294097901,1.3990199937820436
emb_022,0.04116598286827536,0.3925,1.2915755500793458,1.3806605319976806
hapax_rate,0.04110929344099407,0.3925,1.3142636079788208,1.4132919673919677
emb_074,0.04110202932726142,0.3925,1.3026920232772827,1.3976037578582763
emb_107,0.04107468455078932,0.3925,1.295294867515564,1.3877009868621826
emb_246,0.04095259890917282,0.395,1.2963283653259277,1.396022255897522
emb_161,0.040951285797690584,0.395,1.3032441692352295,1.3914827346801757
emb_159,0.04079283296868973,0.395,1.2972080030441284,1.3823149852752685
emb_026,0.040753834506487556,0.3975,1.303016429901123,1.3940185050964355
emb_111,0.040488682836923105,0.4,1.2971512145996094,1.3901962881088257
emb_012,0.0404582857314672,0.4,1.3059341096878052,1.388583417892456
emb_018,0.04033997306686072,0.4025,1.2985522222518922,1.3903524522781372
emb_142,0.04027303943901599,0.405,1.310843770980835,1.403608283996582
emb_014,0.039775391940514125,0.43,1.2906414957046508,1.3718821535110473
emb_041,0.03932835895995547,0.44,1.2975697011947631,1.379298731803894
emb_109,0.03866414120424222,0.4475,1.3065882701873779,1.400895712852478
emb_223,0.0385161594557811,0.4525,1.3228331680297851,1.406838665008545
emb_025,0.03839252817857989,0.4525,1.3150041618347168,1.396535816192627
emb_218,0.03836971036968663,0.4525,1.31202885723114,1.4035479831695556
emb_169,0.038312358190319244,0.455,1.322529691696167,1.3983155097961426
emb_217,0.03801395622709351,0.4675,1.3113367042541504,1.3874912672042847
emb_212,0.037847705756686716,0.4675,1.3207872657775879,1.4044874000549317
emb_225,0.03780552904429687,0.4725,1.2923902769088744,1.374588098526001
emb_221,0.037765834574253365,0.4775,1.313951322555542,1.3863736934661866
emb_037,0.03754613448135218,0.49,1.3112479133605957,1.3993100385665893
emb_073,0.03743462140168007,0.4925,1.3194385776519775,1.4065423707962037
emb_183,0.037143746860977246,0.5,1.3020114727020264,1.3888240690231324
emb_160,0.03688779781919499,0.5125,1.3148455429077148,1.4029971475601197
emb_177,0.03685464306154341,0.5125,1.3150991878509521,1.4007867498397828
emb_098,0.036802041929789614,0.515,1.3235671672821046,1.4035170431137085
emb_228,0.03673681243181354,0.52,1.2997619047164917,1.3800809450149536
emb_136,0.036657781042512036,0.52,1.3200946550369264,1.403950747489929
emb_105,0.03613820070749961,0.53,1.315425001144409,1.3878848581314087
emb_220,0.03611964552770086,0.53,1.3059099817276,1.3850243663787842
emb_131,0.036053044471541076,0.53,1.3049812841415405,1.3886329898834229
emb_132,0.03591203802604796,0.5325,1.2990616273880005,1.3736384477615355
rate_upper,0.0358377523040439,0.535,1.323495125770569,1.4020146684646606
emb_114,0.03571648621067734,0.535,1.3158358192443849,1.3973121023178101
emb_209,0.03568607099012762,0.535,1.315062114715576,1.398881386756897
emb_046,0.0352737880866267,0.5425,1.3161576662063599,1.3961503372192383
emb_042,0.03514963114337594,0.5475,1.312865427017212,1.3839073066711425
emb_044,0.03502510879589422,0.55,1.3123219347000121,1.3979488468170167
emb_027,0.03495676475451554,0.55,1.3038054904937744,1.3878442363739014
emb_072,0.03465654775818047,0.565,1.3210963487625123,1.3998105297088623
emb_031,0.03464373909778002,0.565,1.3165412387847901,1.4010014209747315
emb_067,0.034350027111687956,0.5725,1.3150955095291137,1.3839017124176025
emb_206,0.034133655702457626,0.58,1.323797574043274,1.3903660535812379
emb_043,0.03412633555122946,0.58,1.3103453273773193,1.3919015798568726
emb_216,0.03412519458461182,0.58,1.303477231025696,1.376176025390625
emb_057,0.03385854834640399,0.59,1.3286951484680176,1.406174973487854
emb_235,0.033589053451757146,0.5925,1.3182285881042481,1.3982515592575073
emb_229,0.03358189376558386,0.5925,1.3185951595306395,1.3991131038665772
emb_053,0.032928831590077416,0.6075,1.315463931083679,1.3938914709091186
emb_093,0.03291544328899703,0.6075,1.319191650390625,1.3966797161102296
emb_130,0.03291166232018625,0.6075,1.3160167226791382,1.3862543630599975
emb_006,0.032494926447845116,0.6175,1.3089932022094726,1.3854260177612305
emb_024,0.032438830964459396,0.62,1.3079533576965332,1.3786542444229126
emb_139,0.03231122361833266,0.6225,1.3236665582656861,1.3921721181869506
emb_174,0.032231914460107015,0.6275,1.322421248435974,1.3988618364334107
emb_213,0.031974706282702256,0.6275,1.3213737668991088,1.3797043724060059
emb_011,0.03190609249547596,0.6275,1.3266564416885376,1.3991088762283326
emb_120,0.031751373227589134,0.6375,1.3143597269058227,1.3919740715026856
emb_062,0.0314968154624844,0.6425,1.3175942792892457,1.390495099067688
emb_200,0.030934977036347608,0.6525,1.319652237892151,1.3916059341430664
emb_129,0.030823354565978917,0.655,1.314200538635254,1.3810189771652222
emb_085,0.030818403048535392,0.655,1.3142962522506714,1.3826314888000488
emb_086,0.030722914974366456,0.655,1.3067261819839477,1.3761898765563965
emb_033,0.030631889785920966,0.655,1.3241404666900636,1.3843038873672486
emb_184,0.030587630263310156,0.655,1.3248938970565796,1.3959832153320313
emb_247,0.030449638221676043,0.6575,1.3223420085906983,1.3950248279571533
emb_214,0.030336174761786603,0.66,1.3198782815933228,1.393061406135559
emb_087,0.03008061778171654,0.6675,1.3312022380828858,1.3949502439498902
emb_051,0.030071830343079777,0.6675,1.3168011894226075,1.389876443862915
emb_055,0.03003873130508286,0.67,1.317121883392334,1.3838365745544434
emb_137,0.029995495798281074,0.6725,1.310894823074341,1.3800661821365356
emb_080,0.029933088165100968,0.6725,1.323375693321228,1.3918825216293336
emb_198,0.029754196361215436,0.6775,1.3232551698684691,1.3920737571716308
emb_202,0.029516083057963296,0.6875,1.3329187202453614,1.395852855682373
emb_162,0.0294352735236444,0.6875,1.3173651094436645,1.3860417242050171
emb_079,0.029372633944297517,0.695,1.3045599479675294,1.3664982147216798
emb_173,0.028954306412529152,0.7025,1.3144901285171509,1.3745499744415284
emb_148,0.02880280396203559,0.705,1.323474892616272,1.3926659536361694
emb_181,0.028749020908291095,0.705,1.3314596910476684,1.3932540693283082
emb_210,0.028627413075009163,0.7075,1.320894190788269,1.3820707750320436
emb_045,0.028579549531823196,0.7075,1.3224285230636597,1.3848528718948365
emb_239,0.028513883161103388,0.7075,1.3148585252761842,1.3825391998291017
byte_entropy,0.028444664710340104,0.7125,1.3148847093582154,1.3785635862350465
emb_145,0.02821181634095976,0.7175,1.3117484531402588,1.3705223150253296
emb_032,0.02811630637071569,0.7175,1.314366255760193,1.3805084247589112
emb_095,0.027884206271150038,0.72,1.3059840488433838,1.367273946762085
emb_135,0.027670960718898237,0.7225,1.3180719604492188,1.3845878591537475
emb_187,0.027558327799473453,0.7225,1.3203729553222656,1.383607078552246
emb_115,0.027459348900145304,0.725,1.3107609415054322,1.3697502269744872
emb_249,0.026790890030826967,0.74,1.3254773378372193,1.3796838483810425
emb_141,0.026508623834652648,0.755,1.3240582103729248,1.3756533508300781
emb_150,0.026470743006043847,0.755,1.3140574827194214,1.374430230140686
emb_193,0.026244977821022,0.7575,1.3193917131423951,1.382638611793518
emb_230,0.02622770999250036,0.7575,1.3093193531036378,1.3652772006988525
emb_127,0.026151714777867884,0.7575,1.323837999343872,1.3845520963668823
emb_175,0.02588498817523828,0.765,1.3246577978134155,1.3872409210205079
emb_236,0.02588451087752126,0.765,1.3232973718643188,1.3849864330291748
emb_233,0.02580014260889072,0.765,1.326751585006714,1.3873581418991088
emb_199,0.025342590707399318,0.775,1.3325316181182862,1.389841778755188
emb_016,0.025226262315245992,0.775,1.3262065505981446,1.3731133708953858
emb_113,0.025031822620101004,0.7775,1.3287662620544434,1.3864706258773805
emb_056,0.024988463446023672,0.7775,1.3295647344589234,1.3844407920837403
emb_222,0.02484977036192786,0.7825,1.3251821193695068,1.380285964012146
emb_254,0.024734543199081156,0.785,1.3296013374328612,1.375770601272583
emb_117,0.023551887704955057,0.8175,1.324884840965271,1.3810086040496825
emb_147,0.023504928788376088,0.8175,1.3191813316345216,1.3743791885375976
emb_158,0.023491151956344918,0.8175,1.34136838054657,1.390680811882019
emb_101,0.02344342463403019,0.8175,1.3310859870910645,1.3834611988067627
emb_028,0.023418927791824057,0.8175,1.326788953781128,1.376907033920288
emb_133,0.02333979196761037,0.82,1.3318277683258057,1.3825492172241212
emb_054,0.023260612763922026,0.82,1.3222654342651368,1.375113224029541
emb_196,0.023151718708263224,0.825,1.33423024559021,1.3835381174087524
emb_205,0.023027804810023422,0.825,1.340892499923706,1.3918369932174683
emb_083,0.022829598688214815,0.8275,1.320243794441223,1.3707630167007445
emb_023,0.022194435146239113,0.835,1.3406627674102782,1.3890373611450195
emb_166,0.022188393964993308,0.8375,1.327857255935669,1.3783460531234741
emb_005,0.022173618223594874,0.8375,1.3229381256103516,1.3713086118698121
emb_102,0.021380923204488263,0.855,1.3343732709884644,1.3816595830917358
emb_245,0.02131625818694264,0.855,1.3243349752426148,1.370609492301941
emb_069,0.021067178974195685,0.855,1.327508653640747,1.3775646276473998
emb_118,0.021012341332512736,0.8575,1.3243341188430786,1.3751919946670532
emb_248,0.02081039976590046,0.8575,1.3210115795135497,1.3647522745132445
emb_077,0.02055238111183254,0.8625,1.327705738067627,1.3776512451171874
emb_084,0.020306083005341043,0.865,1.3274158287048339,1.3769391708374024
emb_149,0.019674326774704286,0.875,1.3423796110153199,1.38347061252594
emb_163,0.018953087441782465,0.88,1.3296887817382812,1.3746110076904297
emb_151,0.018621755492695066,0.8825,1.3327277946472167,1.3690320377349854
emb_146,0.018224291770861146,0.895,1.3364030227661132,1.3793047485351562
emb_104,0.018150065062861587,0.8975,1.322537073135376,1.366507508277893
emb_050,0.01785719009205127,0.9025,1.3304690074920655,1.3711929922103883
emb_253,0.017761165900924594,0.9075,1.3278307971954346,1.3657423591613769
emb_178,0.017613200769406583,0.9075,1.3333806009292604,1.3748896589279176
emb_002,0.017599164834745336,0.9075,1.3252853803634643,1.368164813041687
emb_208,0.01720793274308894,0.9125,1.3327797966003418,1.37296897315979
emb_110,0.016465620198231758,0.915,1.3331996784210205,1.3726450958251952
emb_143,0.016422237227502842,0.92,1.3354504623413086,1.3745525608062743
emb_165,0.016035215227399008,0.9275,1.3442734451293945,1.380212884902954
emb_224,0.01532785854026478,0.93,1.3380510005950927,1.3662668600082397
emb_195,0.015264464540723664,0.93,1.3368714714050294,1.3704712581634522
emb_255,0.015097747479629279,0.9325,1.3360065784454345,1.3679007902145386
emb_091,0.014897565845502496,0.9375,1.3370017652511597,1.3730061912536622
emb_244,0.014491222972294715,0.945,1.3313033237457275,1.3625504121780396
emb_226,0.014478235212686796,0.945,1.334633318901062,1.368270058631897
emb_092,0.014405748551831443,0.9475,1.3314511499404906,1.3597339887619018
emb_242,0.013094536889589812,0.965,1.3324713668823243,1.3627170782089233
emb_186,0.011372697457913155,0.97,1.3361622800827027,1.3618078498840331
emb_251,0.011029187395467027,0.97,1.3462155351638794,1.3706733808517455
emb_211,0.010147120015794063,0.9725,1.3401526832580566,1.3627758331298827
emb_201,0.009619243207574629,0.975,1.340130895614624,1.3636559324264526
emb_071,0.009238759314516629,0.9775,1.3447545213699341,1.3660489377975464
emb_119,0.009098396520287131,0.9775,1.3393390054702758,1.3582950258255004
len_sents,0.008998439975937361,0.9775,1.340250496315745,1.3601131700092537
emb_167,0.007904771251031131,0.9875,1.3416800937652589,1.3586714029312135
emb_061,0.0057971277387213905,0.995,1.3458246603012085,1.3584628238677978
emb_154,0.005232520621496458,0.995,1.3522640008926392,1.3634206323623657
