doc_id,M_128,M_256,M_512,M_1024
<urn:uuid:a7113aec-c7ad-48fc-bb36-606d97e376f8>,14.752851486206055,14.752851486206055,14.752851486206055,14.752851486206055
<urn:uuid:a81cf1d0-baa6-4942-a2da-2aa96c863ed0>,15.30760383605957,19.904321670532227,19.904321670532227,19.904321670532227
<urn:uuid:efc36dc0-62ef-4e1f-a3b9-3a3f20fc2fc5>,9.59521770477295,10.319724082946777,10.657937049865723,10.657937049865723
<urn:uuid:892f8852-5ab3-44cc-9eee-104df5bb4bc3>,11.90334701538086,11.90334701538086,16.70947265625,16.70947265625
<urn:uuid:9bae0797-8ba8-4e66-8a71-a08886270daf>,8.616768836975098,11.018948554992676,11.091363906860352,11.091363906860352
<urn:uuid:12189cb5-d4d4-4a68-a5f5-298d59ff3add>,15.295890808105469,15.295890808105469,15.295890808105469,15.295890808105469
<urn:uuid:45de903b-02bd-4c1c-b391-8e12800a14a2>,11.648509979248047,11.648509979248047,11.648509979248047,12.26887321472168
<urn:uuid:e6298ed2-850b-4118-99c2-696dd042b180>,12.745304107666016,12.745304107666016,12.745304107666016,13.619961738586426
<urn:uuid:c28e6ded-1886-4468-8531-f23ab9474293>,13.710892677307129,13.710892677307129,15.929384231567383,15.929384231567383
<urn:uuid:fbe3f183-2fc3-4649-806a-3d140dc2438f>,12.869609832763672,12.869609832763672,15.617157936096191,15.698097229003906
<urn:uuid:3813f6d7-f960-4904-89a8-d137b28f6bc2>,12.812459945678711,13.32109260559082,18.327587127685547,18.327587127685547
<urn:uuid:b41eaf0a-59b3-4fad-9005-2a92b421c3df>,11.22457218170166,11.22457218170166,12.168159484863281,13.653868675231934
<urn:uuid:0fa68320-d59a-4fb4-9b0a-597d8f0e0015>,9.918021202087402,9.918021202087402,13.364994049072266,14.336854934692383
<urn:uuid:b17e449a-4fbf-490e-9e35-2216fb834129>,13.82644271850586,13.82644271850586,14.480157852172852,14.706720352172852
<urn:uuid:a7927d46-36f8-4cbd-9917-b46802f4a47b>,13.268295288085938,15.008752822875977,15.008752822875977,15.008752822875977
<urn:uuid:1bd7a2c8-e01a-491b-a857-dac3c5ecaf35>,13.696370124816895,13.696370124816895,13.696370124816895,13.939733505249023
<urn:uuid:1d51de95-832e-457c-9ff8-0c844ebd6b3b>,11.702580451965332,11.90621566772461,12.708013534545898,12.807398796081543
<urn:uuid:28902e17-d8fe-4350-bf5e-bd266cfd24a9>,9.612019538879395,15.1559476852417,15.1559476852417,15.1559476852417
<urn:uuid:c38da680-08ee-4c5c-bbc5-9ccd71db51ec>,10.997840881347656,12.723331451416016,16.336261749267578,16.75988006591797
<urn:uuid:e8f22bfb-4011-4530-88a7-7febf55463fc>,18.231155395507812,18.231155395507812,18.231155395507812,18.231155395507812
<urn:uuid:ef930253-c473-4ca4-bf9a-8fdbfe3b1100>,13.988368034362793,15.597575187683105,15.597575187683105,15.597575187683105
<urn:uuid:7d950450-68ea-46ca-8f0e-e94c82a23a44>,13.085897445678711,13.085897445678711,15.067535400390625,15.067535400390625
<urn:uuid:2f6f50fd-b8fe-4837-847b-02f8c0ae1009>,18.64191246032715,18.64191246032715,18.64191246032715,18.64191246032715
<urn:uuid:76ab7540-f5b6-4626-89f0-1d7a2dc29b88>,16.719205856323242,16.719205856323242,16.719205856323242,16.719205856323242
<urn:uuid:3b36d304-64b2-4d1e-9888-93df3a92c03d>,14.781672477722168,14.781672477722168,14.781672477722168,14.781672477722168
<urn:uuid:4985fbd6-ac52-4c56-b9d3-875769d09f70>,11.611315727233887,14.262746810913086,15.369239807128906,15.369239807128906
<urn:uuid:126115e9-3569-4a41-a895-8c3180609b97>,12.858323097229004,12.858323097229004,12.858323097229004,12.858323097229004
<urn:uuid:528ce12a-aacb-461f-8cc6-9cc4a2771118>,11.972068786621094,11.972068786621094,14.072718620300293,14.072718620300293
<urn:uuid:fe7b8947-a6b4-4457-9347-df6ef0e9605e>,11.891549110412598,11.891549110412598,15.664144515991211,15.664144515991211
<urn:uuid:d0235e76-470c-4dc5-aa69-168991271597>,12.74078369140625,12.74078369140625,12.74078369140625,15.068521499633789
<urn:uuid:aab9eeb1-0815-4aa0-a90e-ad2909966e4d>,13.678804397583008,13.678804397583008,13.900145530700684,13.900145530700684
<urn:uuid:ee966051-78ac-42b0-b5c8-3be2d22ccbf9>,7.247586250305176,7.247586250305176,12.751815795898438,12.751815795898438
<urn:uuid:92b25000-75ff-4913-b1b3-19ad5423d0e5>,10.486429214477539,10.486429214477539,15.579374313354492,15.579374313354492
<urn:uuid:ad2e951c-b629-461b-a020-1235d7819e50>,7.24198055267334,7.24198055267334,11.482694625854492,13.752206802368164
<urn:uuid:ce96feb6-7a86-495a-8574-dbaec5bd72bd>,13.451088905334473,14.689306259155273,14.689306259155273,15.467263221740723
<urn:uuid:8b06d221-8919-46b4-a2be-0b83722c9ea8>,17.741981506347656,17.741981506347656,17.741981506347656,17.741981506347656
<urn:uuid:b684e8cf-c6ee-4787-a77f-443108573c5e>,12.81414794921875,12.81414794921875,15.181623458862305,15.181623458862305
<urn:uuid:4b8a8815-07aa-47f1-9d17-aad46f1be178>,11.913175582885742,11.913175582885742,11.913175582885742,13.686500549316406
<urn:uuid:d346418e-4ff9-4e77-aa61-62c720f0c375>,13.85737419128418,13.85737419128418,13.85737419128418,13.85737419128418
<urn:uuid:d7905101-7a9a-4c62-aed8-cae3d9baa696>,13.257392883300781,13.257392883300781,13.257392883300781,19.37021827697754
<urn:uuid:9d6dc696-ea46-47d7-9bed-653483d2fee9>,12.670238494873047,12.670238494873047,12.670238494873047,12.670238494873047
<urn:uuid:0af743f3-7c54-4d4c-bd58-6b3ad115ef9c>,10.072199821472168,10.072199821472168,10.072199821472168,12.590250015258789
<urn:uuid:77c27d7a-5132-4b42-a710-04893e9487bd>,11.578972816467285,12.505644798278809,15.965544700622559,15.965544700622559
<urn:uuid:47c15b06-7a42-41eb-ae48-adcd3dd1caaf>,12.788270950317383,12.788270950317383,16.076828002929688,16.076828002929688
<urn:uuid:84c22ed9-eebc-4c2f-b9b6-b1072161b205>,12.231773376464844,12.231773376464844,13.011857032775879,13.167007446289062
<urn:uuid:2b9a04a6-bd36-4301-af1a-c7e95684b433>,15.55012035369873,15.55012035369873,15.55012035369873,17.0762939453125
<urn:uuid:bf030e80-33ee-4156-a9bc-f76eb2d0c6c7>,10.125547409057617,17.2917537689209,17.2917537689209,17.2917537689209
<urn:uuid:e4dcb3b7-ec37-41ad-95f4-8cff193ab446>,13.647703170776367,13.82010555267334,15.046724319458008,15.046724319458008
<urn:uuid:b482328e-1ca4-4561-a24f-86e4542313c8>,12.341712951660156,12.341712951660156,12.75568675994873,15.01840591430664
<urn:uuid:9be14a4f-cf0f-4e7a-b9e2-efd7ca131639>,13.329816818237305,13.329816818237305,13.99902057647705,16.104206085205078
<urn:uuid:bf7b9d16-1e6d-4d5b-9b6f-470bf1bde4b4>,11.00876522064209,11.984652519226074,11.984652519226074,12.668835639953613
<urn:uuid:90f9f858-d8f4-421c-85c6-a6a81f3974c6>,11.050979614257812,11.239083290100098,12.136226654052734,15.94111442565918
<urn:uuid:cc0d0b5b-0528-4477-9416-a39c43e4c0ea>,14.98644733428955,14.98644733428955,14.98644733428955,14.98644733428955
<urn:uuid:e1aa6e96-d9ca-4721-935a-b76aeb6de762>,11.659276008605957,15.192204475402832,15.192204475402832,15.192204475402832
<urn:uuid:0bf457ce-8ef7-4f31-9855-834b93380379>,10.846636772155762,10.941723823547363,12.255231857299805,13.954683303833008
<urn:uuid:790a7790-53a7-40b2-970f-1780d0a45c43>,9.817805290222168,11.548637390136719,15.361638069152832,15.361638069152832
<urn:uuid:0ea2d3c4-e8f4-4149-a4ee-748850bd43c3>,10.08659839630127,11.834236145019531,15.158286094665527,15.158286094665527
<urn:uuid:c86d7857-c186-42c7-abed-d992a21fc2a7>,14.1640625,14.1640625,18.260549545288086,18.260549545288086
<urn:uuid:a0db39c8-033d-4faf-a9e0-52a510ff1306>,13.848899841308594,13.848899841308594,17.946338653564453,17.946338653564453
<urn:uuid:3931c367-16aa-4081-acb6-784db53e7399>,10.692999839782715,10.692999839782715,10.692999839782715,10.692999839782715
<urn:uuid:b3492dcd-934f-4fff-9ce1-aa656323e8b0>,13.17564582824707,13.17564582824707,16.169422149658203,17.7547664642334
<urn:uuid:bdc82556-6992-445d-aa2a-ee99392cc1fe>,15.038333892822266,15.038333892822266,15.038333892822266,15.038333892822266
<urn:uuid:88fadb67-ee61-4e94-b32f-79c648ddc964>,14.534880638122559,14.534880638122559,14.534880638122559,16.134185791015625
<urn:uuid:fdde1500-b2e4-471b-945b-72b25fc7e074>,11.49246597290039,11.49246597290039,15.869024276733398,15.869024276733398
<urn:uuid:801dd7b8-52bb-443a-9ee0-63480e1cc578>,11.129043579101562,13.279376983642578,13.712568283081055,13.799415588378906
<urn:uuid:e9d04663-7386-496b-9a15-e3f0255fffe1>,11.042076110839844,11.042076110839844,11.470760345458984,11.470760345458984
<urn:uuid:996b93b7-9635-4e14-831e-26bedbc646dc>,14.736947059631348,14.736947059631348,14.736947059631348,16.300336837768555
<urn:uuid:92e4c456-a2b3-4a64-b0ce-27d61134cc57>,11.256063461303711,11.256063461303711,11.529220581054688,12.465801239013672
<urn:uuid:948f6ae3-7ad4-40f6-adb2-b19b834260d2>,10.046247482299805,10.214506149291992,10.530350685119629,10.71705436706543
<urn:uuid:46c9c61c-1104-4a5e-a7b1-d24472986345>,12.845478057861328,15.78369140625,15.78369140625,15.78369140625
<urn:uuid:1f75ce48-8dec-489c-8cd1-e9ac8df880a3>,15.958817481994629,15.958817481994629,15.958817481994629,15.958817481994629
<urn:uuid:28fc62fb-a425-4fa9-b301-792357ce827a>,11.484251022338867,13.813116073608398,14.310198783874512,15.838106155395508
<urn:uuid:af36497f-9b85-4d2c-a95c-5dda2d6b87b7>,12.084420204162598,13.824429512023926,13.824429512023926,13.824429512023926
<urn:uuid:969143e6-0489-4462-b36e-01a78d70d7eb>,9.681663513183594,9.681663513183594,12.326761245727539,12.54736042022705
<urn:uuid:7c327966-0a8b-42cd-8ede-2d1da1e63d4e>,10.6599760055542,10.796676635742188,11.308185577392578,12.650589942932129
<urn:uuid:bc30470a-1d4a-4b83-bcbc-b8a4dc752cfe>,9.435235977172852,9.697955131530762,10.296004295349121,10.548829078674316
<urn:uuid:0a067c64-c5a1-4fc3-85f8-7ab13794a014>,10.6823091506958,11.444397926330566,11.930397987365723,16.005830764770508
<urn:uuid:625b3841-62d2-46bb-ad80-80714f1394b4>,11.033485412597656,11.07421588897705,11.07421588897705,16.794326782226562
<urn:uuid:c142a062-63e4-459e-994a-291ac64022a2>,8.861485481262207,8.861485481262207,9.581270217895508,13.56258487701416
<urn:uuid:1fc8b1cf-d5e4-4d43-a959-7ad0e32f64c8>,12.545839309692383,12.545839309692383,14.345378875732422,14.345378875732422
<urn:uuid:e6059e00-5806-4cb1-834e-18dbe94e57d7>,17.263553619384766,17.263553619384766,17.263553619384766,17.263553619384766
<urn:uuid:02736c78-13b8-42af-8b4c-3f83b5e3d8b8>,12.81946849822998,14.666557312011719,14.666557312011719,14.666557312011719
<urn:uuid:76f9ecd0-2dbe-4694-9869-89e35321b69a>,16.116802215576172,16.116802215576172,16.116802215576172,16.116802215576172
<urn:uuid:82760a65-cb9f-428c-b19c-ec67ab3ff267>,11.924572944641113,12.968476295471191,14.944424629211426,14.944424629211426
<urn:uuid:677238d8-e9d2-4018-80ff-235d2d6baefc>,16.335891723632812,16.335891723632812,16.335891723632812,16.395648956298828
<urn:uuid:fe836210-28f5-4312-a0e9-4021517679ad>,14.14716625213623,14.524077415466309,14.524077415466309,14.524077415466309
<urn:uuid:a58a17d2-dc89-4d97-806a-d54a5f24069e>,9.62758731842041,9.62758731842041,10.697713851928711,12.876092910766602
<urn:uuid:9c63b599-5bb0-488c-a48a-4f86151be1fa>,11.37264633178711,13.07658863067627,13.396486282348633,13.396486282348633
<urn:uuid:e71d9138-f32b-4e4e-9c8a-fdd4c156c82a>,14.021151542663574,14.021151542663574,14.021151542663574,14.021151542663574
<urn:uuid:fa95991a-74ae-4dff-9ea8-d68189509398>,9.901937484741211,13.361231803894043,13.361231803894043,13.361231803894043
<urn:uuid:9b998d9d-ee27-4020-8543-1f73a23b35a3>,11.437967300415039,11.463762283325195,12.478375434875488,13.737796783447266
<urn:uuid:658b484c-d5a1-4170-93e1-ca11c5e422e1>,15.256940841674805,15.256940841674805,15.256940841674805,15.256940841674805
<urn:uuid:3858ff5c-1107-41ed-b0e4-838c13d687d5>,12.81732177734375,12.81732177734375,16.806833267211914,16.806833267211914
<urn:uuid:a58a1aea-e7f3-418a-a1c3-31b3518fe4b9>,11.367022514343262,12.433341979980469,13.462776184082031,16.58782958984375
<urn:uuid:b1a961fd-97da-4749-837b-5ba0b377c4ff>,11.634501457214355,11.745217323303223,11.745217323303223,12.179479598999023
<urn:uuid:71f79d31-c921-466d-8df7-2da76c451721>,12.645390510559082,12.645390510559082,13.013435363769531,17.264081954956055
<urn:uuid:1791c995-734d-445c-bbff-96ad0c5736a5>,10.530196189880371,13.864846229553223,13.864846229553223,13.864846229553223
<urn:uuid:df6800fb-59ed-4018-a83d-a6bd6c650ba5>,12.418952941894531,12.885553359985352,15.879518508911133,15.879518508911133
<urn:uuid:c799b160-b607-4340-860b-73920e9438f9>,12.652334213256836,12.652334213256836,12.652334213256836,12.794628143310547
<urn:uuid:d32f3bad-b056-4a63-8e17-9420fa16af9e>,10.153276443481445,10.153276443481445,10.326173782348633,11.867443084716797
<urn:uuid:169fcc28-f7da-43d4-b0c9-422daa57abad>,12.058168411254883,12.058168411254883,16.809558868408203,16.809558868408203
<urn:uuid:b496ded6-b621-440e-ac30-693e8efbb1a4>,13.294569969177246,13.294569969177246,13.457502365112305,15.998564720153809
<urn:uuid:16b1066f-2857-4776-89d4-bd80a313fef3>,11.886390686035156,11.886390686035156,19.41801643371582,19.41801643371582
<urn:uuid:b5a92b04-3a2b-43f1-8c76-bdc97ebb3c80>,9.836650848388672,10.510454177856445,10.510454177856445,11.908349990844727
<urn:uuid:25623391-e7a1-46b4-a96c-33fb0b5dd262>,9.312032699584961,11.853763580322266,13.073885917663574,15.08527660369873
<urn:uuid:6aaf1235-5199-4cb4-8217-0567ef51fee8>,12.447349548339844,12.447349548339844,13.098931312561035,15.915860176086426
<urn:uuid:8caf1dcb-327f-4c99-aa5f-cad3cbca4147>,13.335453987121582,13.335453987121582,13.335453987121582,13.335453987121582
<urn:uuid:dc42408b-e4d2-400a-a197-af9b028e6d9f>,16.34640121459961,16.34640121459961,16.429122924804688,16.429122924804688
<urn:uuid:3e1603b9-4bf9-4f1c-8aa0-801d4cb867b7>,10.396317481994629,11.667783737182617,11.667783737182617,11.667783737182617
<urn:uuid:e41fb165-15e7-4a90-9f82-d4c5529bec14>,11.469109535217285,11.469109535217285,11.58689022064209,14.665580749511719
<urn:uuid:ce886a3b-9eae-4f98-afb6-205c4a2138d4>,8.088750839233398,10.177984237670898,11.956445693969727,12.29897689819336
<urn:uuid:1db728f1-8ac6-4a4d-93c5-2b9e140fef9a>,16.239248275756836,16.239248275756836,16.239248275756836,16.239248275756836
<urn:uuid:0eceef93-365b-4712-b707-f8916d2a613c>,12.243114471435547,13.421449661254883,16.312461853027344,16.790002822875977
<urn:uuid:2a67190b-0c6e-422c-8a72-7070b6098241>,11.914825439453125,18.12690544128418,18.12690544128418,18.12690544128418
<urn:uuid:ebb5df9e-3317-4533-8251-86f0d620a550>,10.854533195495605,10.854533195495605,17.06740951538086,17.06740951538086
<urn:uuid:07f6f246-005f-4bd7-915b-96e0031e6476>,13.641595840454102,13.641595840454102,13.641595840454102,13.641595840454102
<urn:uuid:535f753d-5906-42fc-94f7-d43cff66af92>,14.24194622039795,14.24194622039795,16.246240615844727,16.246240615844727
<urn:uuid:1153a758-1c9d-4ccc-810b-3001f2046fdd>,13.171956062316895,13.171956062316895,13.171956062316895,16.815689086914062
<urn:uuid:cfae1649-05c1-4091-a0f8-d343e8427fcb>,13.38662338256836,13.38662338256836,13.38662338256836,13.816618919372559
<urn:uuid:f63e3d91-bfaa-43dd-80e4-96d7a5d93e58>,15.944252967834473,15.944252967834473,15.944252967834473,15.944252967834473
<urn:uuid:3eb8a37f-5f30-40cb-8a53-68a051ffabfc>,11.446744918823242,11.446744918823242,11.446744918823242,11.911425590515137
<urn:uuid:9c0a6196-86af-4ceb-8882-89bb6ed36e05>,12.325794219970703,12.325794219970703,14.745075225830078,14.745075225830078
<urn:uuid:5df4c1de-ea90-4fef-adda-dd144e3d2e72>,6.903744220733643,8.566081047058105,8.644491195678711,10.814322471618652
<urn:uuid:a85acfdb-5f04-4410-92ef-876f7ad5e9b8>,13.166450500488281,15.559979438781738,15.559979438781738,15.559979438781738
<urn:uuid:d27a28d7-1945-4790-a5af-5d6422521ab9>,11.401338577270508,11.646509170532227,13.239697456359863,14.690648078918457
<urn:uuid:2cdb1d90-413b-4e53-89ae-3e876ce46d50>,11.30664348602295,12.4890775680542,12.4890775680542,14.391432762145996
<urn:uuid:7194ed09-f352-441f-a74f-e55b2da35301>,12.467202186584473,13.413740158081055,13.931730270385742,13.931730270385742
<urn:uuid:2d8f665a-3454-47c2-8a64-592ee843691d>,12.539849281311035,12.745718955993652,13.323724746704102,13.323724746704102
<urn:uuid:191c8034-363c-42cd-98d2-8453bb1a0379>,17.214475631713867,17.214475631713867,17.214475631713867,17.214475631713867
<urn:uuid:6e1679b5-cf31-4440-8fb7-70fdc327cf1f>,13.428150177001953,13.428150177001953,16.46688461303711,16.46688461303711
<urn:uuid:200b6231-4ead-4351-b16d-ed832345d214>,11.125391006469727,12.087170600891113,12.087170600891113,14.603160858154297
<urn:uuid:89b76c10-8366-4786-a6f0-5cd3965c39a0>,11.458650588989258,11.458650588989258,11.77641773223877,12.737104415893555
<urn:uuid:31047d46-bbc9-4656-a0c1-202ecc84083c>,13.193477630615234,14.131706237792969,14.131706237792969,14.131706237792969
<urn:uuid:486e8ac3-2d1e-43f7-b1c5-8799bec6aae2>,11.66734504699707,12.542436599731445,14.50566291809082,16.58428955078125
<urn:uuid:63a5b21d-369b-491d-b903-ee1b61186bfd>,13.515610694885254,13.515610694885254,13.515610694885254,13.515610694885254
<urn:uuid:996c0419-ffd7-4a21-888f-ebf099734696>,11.597929000854492,12.605445861816406,12.605445861816406,12.605445861816406
<urn:uuid:3f55802d-501a-45b5-9efb-da84f0cc5aed>,13.677362442016602,13.677362442016602,13.677362442016602,13.677362442016602
<urn:uuid:f66e4981-88c0-45aa-ae21-2dcaf2c463cd>,16.021150588989258,16.021150588989258,16.021150588989258,16.021150588989258
<urn:uuid:8e3bd2e4-0ecd-4917-b0c3-d86e3c1a1480>,9.952728271484375,11.808417320251465,11.808417320251465,12.417167663574219
<urn:uuid:7feda435-578b-4b2a-8083-d8e130071202>,12.319624900817871,12.319624900817871,12.319624900817871,12.319624900817871
<urn:uuid:d921d970-7641-4061-8ac5-b10eb35301bd>,14.262693405151367,15.50234317779541,15.50234317779541,15.50234317779541
<urn:uuid:7fc39934-7cc9-4979-b76a-48ca93e55b01>,13.172883987426758,13.172883987426758,13.172883987426758,13.172883987426758
<urn:uuid:7407e565-190f-421b-a6b3-ec3887284450>,15.80541706085205,15.80541706085205,15.80541706085205,15.80541706085205
<urn:uuid:60416ea7-bd50-46f2-8ba7-887e488540eb>,12.373849868774414,12.616111755371094,12.616111755371094,13.847192764282227
<urn:uuid:0709c77e-059c-4623-88df-d47fc9b3ae5d>,10.308588981628418,11.036300659179688,11.036300659179688,13.994248390197754
<urn:uuid:e0c80e81-1ced-4861-9bd0-38134a4d4bb5>,14.971452713012695,14.971452713012695,15.660154342651367,15.660154342651367
<urn:uuid:458d9599-c982-4c7e-b0b3-a84a5a9861a1>,10.1515474319458,12.47309684753418,13.992505073547363,15.965851783752441
<urn:uuid:f9588781-ec16-4828-ae84-8bb3ae5c7cd8>,12.399091720581055,12.850435256958008,15.449666976928711,15.449666976928711
<urn:uuid:7d9b9084-8a47-48ac-8314-3e86e6afb83f>,11.816214561462402,13.015931129455566,13.015931129455566,15.83685302734375
<urn:uuid:89da319e-0520-4342-953d-ad5fb6a97208>,10.725887298583984,12.206104278564453,14.135364532470703,14.135364532470703
<urn:uuid:2235400c-a2af-4b98-b2a0-e3a25c16755c>,11.108415603637695,13.231863021850586,13.231863021850586,13.518726348876953
<urn:uuid:6014487a-e471-4e8f-948f-34ee4b4d7918>,8.506635665893555,11.950078964233398,11.950078964233398,13.720839500427246
<urn:uuid:dbd7234d-24f5-449f-9f55-6e8123c23d5c>,10.539905548095703,11.977991104125977,12.591845512390137,13.995563507080078
<urn:uuid:5fae2423-669c-4c9e-9742-8c9c48b68053>,13.238471984863281,13.238471984863281,13.238471984863281,18.38214683532715
<urn:uuid:5446f50a-584a-458a-8732-541e41faa1c0>,12.681029319763184,14.400124549865723,14.400124549865723,14.400124549865723
<urn:uuid:bee045af-e9ac-4651-9563-af878f537ee5>,10.86854362487793,10.86854362487793,13.7073392868042,13.7073392868042
<urn:uuid:932c3171-ce6b-47c2-bde1-c7686e0c1928>,10.577889442443848,11.92929458618164,15.374090194702148,15.374090194702148
<urn:uuid:f42e0c0f-a3af-48c6-974e-eb13f4cc9873>,11.772022247314453,11.772022247314453,11.827291488647461,12.773052215576172
<urn:uuid:af2e8a20-6f15-4c35-88ef-dfaadcd3b5e1>,11.020119667053223,13.891824722290039,13.891824722290039,16.30038070678711
<urn:uuid:33420191-3c25-4d3d-9be4-b6ef028ac292>,11.17146110534668,11.17146110534668,12.863367080688477,12.863367080688477
<urn:uuid:c5cd46e5-4144-4876-92ba-d8ddd6c4e7f6>,13.843587875366211,13.843587875366211,13.843587875366211,15.790044784545898
<urn:uuid:43e251b2-b604-4fff-a2a0-987e314ccfc5>,8.732162475585938,11.98027515411377,14.031787872314453,14.031787872314453
<urn:uuid:80ba6368-21b6-4363-9bb9-4da0d721b55f>,14.111724853515625,14.111724853515625,14.111724853515625,14.111724853515625
<urn:uuid:6c6eba00-6d93-4395-9fdf-07f0f4329fe7>,12.130406379699707,13.307755470275879,13.307755470275879,14.342232704162598
<urn:uuid:015e13e0-e0e2-410e-984b-1467c8508695>,14.769759178161621,14.769759178161621,14.783249855041504,15.1063232421875
<urn:uuid:d8426254-eee8-4613-bbcc-791ac0bbb5ec>,12.128629684448242,12.58633804321289,12.58633804321289,12.58633804321289
<urn:uuid:3b1f59b3-1992-494b-8244-a7c367886d29>,10.380959510803223,11.538190841674805,11.728256225585938,13.348991394042969
<urn:uuid:5c8a5203-e5d0-4ea1-938c-de8c48b0da5a>,14.523512840270996,14.523512840270996,14.523512840270996,14.523512840270996
<urn:uuid:2ccec195-bcac-4fe1-b0f3-1f77c50eeb95>,12.58305549621582,13.413270950317383,15.758191108703613,15.758191108703613
<urn:uuid:3e4bc31b-83f4-4deb-94a4-3340a0080665>,9.008124351501465,9.183233261108398,12.759469032287598,12.759469032287598
<urn:uuid:b9729092-0058-4313-95bb-2fec6fd93037>,13.339174270629883,13.339174270629883,13.339174270629883,13.339174270629883
<urn:uuid:70cac9b6-9afb-40e1-bde0-46372618b482>,13.84032154083252,15.464471817016602,15.464471817016602,15.464471817016602
<urn:uuid:9e2c5543-2834-44f6-b2f4-0b9eb88ca592>,13.512084007263184,13.512084007263184,13.512084007263184,13.512084007263184
<urn:uuid:bf2830b9-0396-4054-b0bc-73bb61c41d00>,11.645622253417969,11.685233116149902,13.663710594177246,13.663710594177246
<urn:uuid:1b9266d4-a35e-49f8-a4db-40f77f805c6f>,10.782495498657227,11.054869651794434,12.09603500366211,14.20106315612793
<urn:uuid:b9e0ffb1-4993-4915-98c7-4388756429de>,10.661319732666016,12.14909553527832,13.047106742858887,15.443305969238281
<urn:uuid:3550a106-8925-4dcb-9fd9-1d4dd5a4f56c>,9.965465545654297,11.772283554077148,12.18295955657959,13.28947639465332
<urn:uuid:a96794c2-a47e-4210-b6a7-568cf7e2342f>,13.381717681884766,13.381717681884766,13.381717681884766,13.381717681884766
<urn:uuid:33996d3e-0bba-4c43-9500-8664ba64a69d>,13.639814376831055,13.639814376831055,13.639814376831055,13.837093353271484
<urn:uuid:06304630-ac1c-4ef5-9109-0caa81b9123d>,10.116419792175293,13.569209098815918,13.569209098815918,13.569209098815918
<urn:uuid:fbb0b7d6-3bd3-46b8-910e-634ffc1900e9>,13.422126770019531,13.422126770019531,13.422126770019531,13.422126770019531
<urn:uuid:203094e7-16e0-4794-949e-2ab1eb77eb9d>,14.622649192810059,14.622649192810059,14.622649192810059,14.622649192810059
<urn:uuid:87c901a3-6bb0-465d-8aa9-9e88e4cc9e7c>,12.793074607849121,12.793074607849121,13.09151840209961,13.09151840209961
<urn:uuid:898f5d0f-97d4-4495-8668-b5e78026d211>,10.823511123657227,10.823511123657227,10.823511123657227,13.892200469970703
<urn:uuid:ae01550f-2a08-48e8-b742-b8081d695348>,8.15198802947998,9.326327323913574,9.387954711914062,12.450027465820312
<urn:uuid:81cf6eba-c9c2-40e5-849f-61b29a8c3178>,13.177023887634277,13.177023887634277,13.873523712158203,13.991661071777344
<urn:uuid:2ca8996c-2dd6-4796-b5f8-6aac8e086b34>,14.279928207397461,15.000691413879395,16.725894927978516,16.725894927978516
<urn:uuid:3fc286f5-4d07-4fee-bf7f-0df3188ceaf1>,11.884309768676758,13.995725631713867,13.995725631713867,14.03366470336914
<urn:uuid:667a7356-d1c3-4f53-a952-b96d19026479>,12.803153038024902,16.226903915405273,16.226903915405273,18.31216812133789
<urn:uuid:2d0b2720-b582-4b56-a196-242117e38fbc>,14.930295944213867,15.486259460449219,15.486259460449219,16.01966667175293
<urn:uuid:64bd7ee1-1dca-4c81-9e4c-09dceef0e1a6>,11.476385116577148,11.476385116577148,12.061960220336914,12.061960220336914
<urn:uuid:fe3ca33b-a86f-4111-bcd3-6c0567c975a5>,12.032419204711914,13.407846450805664,13.407846450805664,13.407846450805664
<urn:uuid:2fc490b5-a43b-4387-9d65-2a5810e39bf6>,11.91520881652832,12.780855178833008,12.780855178833008,12.780855178833008
<urn:uuid:cd41809a-62ce-41a1-be84-dac4ee309eb3>,13.281109809875488,13.281109809875488,13.281109809875488,13.281109809875488
<urn:uuid:0ea548a1-be40-4b5c-877a-b2f61d2b4fa7>,10.85183334350586,10.85183334350586,11.739005088806152,17.51456642150879
<urn:uuid:bacef42d-861c-4c27-97fc-495eb894a34d>,11.64482593536377,11.64482593536377,13.860751152038574,14.104455947875977
<urn:uuid:b3064b7d-18af-4501-aa17-f964864bb10a>,10.18260669708252,11.429400444030762,14.593549728393555,14.593549728393555
<urn:uuid:1fe86546-4b44-4aeb-b29a-975812dd402c>,15.29465103149414,15.29465103149414,15.29465103149414,16.232145309448242
<urn:uuid:a387ee49-d25e-405e-b526-46439c763e32>,11.92839241027832,11.92839241027832,12.296934127807617,15.126514434814453
<urn:uuid:f1456775-2885-4e7f-8758-b1f6c2f0f9b1>,11.881477355957031,14.852840423583984,14.852840423583984,14.852840423583984
<urn:uuid:3fae3bfa-9c8c-4c38-bee2-d997dcc5420d>,10.340734481811523,15.59757137298584,15.59757137298584,15.59757137298584
<urn:uuid:5ac7b811-25d1-47fa-a0ad-cbdf90f9a425>,11.824440002441406,15.170326232910156,16.36736297607422,16.36736297607422
<urn:uuid:d6dea3c3-66e5-4725-8591-864f5f4499a2>,9.837096214294434,12.091452598571777,12.099075317382812,14.008866310119629
<urn:uuid:c538cd69-33e2-4d0a-b28f-483d28d7d8ec>,12.152027130126953,12.152027130126953,14.173532485961914,14.662203788757324
<urn:uuid:6a4f6b2f-8692-4e62-92b3-4049a285502b>,9.512516975402832,9.786727905273438,10.13192081451416,13.693099021911621
<urn:uuid:4fc2fa8c-0201-4882-acfe-52faa024dddf>,12.847172737121582,12.847172737121582,12.864070892333984,12.864070892333984
<urn:uuid:af28799e-3ab3-4e11-a954-8bca3a6c420e>,11.076193809509277,11.076193809509277,13.216964721679688,13.216964721679688
<urn:uuid:9a65d579-c452-4e28-9b0b-08dc2ec3bf2d>,11.712615013122559,11.712615013122559,15.25694751739502,15.25694751739502
<urn:uuid:8755959c-e5c9-483e-a937-a0f3880635b5>,12.280208587646484,12.280208587646484,15.649124145507812,15.649124145507812
<urn:uuid:5b52d56c-aa55-434e-9f63-dc00f690dab9>,13.325334548950195,13.325334548950195,13.325334548950195,13.325334548950195
<urn:uuid:695239da-fea5-4e7a-8b78-5863e92a0625>,12.82068920135498,12.82068920135498,13.770173072814941,13.770173072814941
<urn:uuid:4d2ebd6a-47b3-41f6-9e24-91f58305210e>,12.852951049804688,12.852951049804688,17.434925079345703,17.434925079345703
<urn:uuid:39199ad9-2d9a-40db-a38f-444006c70b14>,13.507588386535645,13.507588386535645,13.826092720031738,13.826092720031738
<urn:uuid:13aaf6cc-6aa4-48ff-bc15-6d044b4e248b>,11.732941627502441,13.76600456237793,13.76600456237793,13.76600456237793
<urn:uuid:7bee7746-529e-4a81-ac03-0222814351e3>,11.781296730041504,12.19194507598877,13.906017303466797,14.413773536682129
<urn:uuid:874e95d1-0819-4412-a03a-7cca87b8304b>,13.57091236114502,13.57091236114502,13.629485130310059,13.629485130310059
<urn:uuid:bb3f6ecd-4641-4abd-8d81-3dc79ea1fed4>,14.081489562988281,14.081489562988281,14.081489562988281,14.081489562988281
<urn:uuid:c0f2bcd0-4ecf-41c8-af8b-38256908623c>,15.67231559753418,15.67231559753418,15.67231559753418,15.95047378540039
<urn:uuid:8fef90bc-8044-43aa-a795-da19d1413d1b>,7.995155334472656,9.128009796142578,14.800201416015625,14.800201416015625
<urn:uuid:f7ab0025-444b-47e2-aa28-3a4ecda97bdc>,10.60888671875,12.297506332397461,13.134565353393555,13.714020729064941
<urn:uuid:551ad350-4d03-41a8-ae2e-9a857c32198d>,8.72346019744873,9.336316108703613,9.336316108703613,10.862930297851562
<urn:uuid:12fb0fa6-f5b1-4715-b8a1-3562aaaf8b44>,13.892051696777344,13.892051696777344,13.892051696777344,13.892051696777344
<urn:uuid:0e90aba6-a9b0-404e-9c99-43f264b22806>,14.480812072753906,14.480812072753906,14.480812072753906,14.480812072753906
<urn:uuid:82fd1064-5324-4fe5-9497-7c59e93f5a72>,9.973944664001465,9.973944664001465,13.623924255371094,13.623924255371094
<urn:uuid:33bef1d0-ce50-4d00-8898-3f4b04d16d3d>,11.54197883605957,12.618709564208984,12.618709564208984,14.115894317626953
<urn:uuid:a2cf89cf-b7be-4702-beab-e39327c66688>,9.52686882019043,9.52686882019043,9.52686882019043,11.143285751342773
<urn:uuid:613c39f8-16a3-4704-adf4-f5806e244905>,8.25648307800293,8.25648307800293,8.25648307800293,11.842498779296875
<urn:uuid:1497e256-2f18-4a71-b166-7a198675ede2>,10.83681583404541,12.992350578308105,12.992350578308105,13.446928024291992
<urn:uuid:9453014a-733e-492e-ad1d-7a5f21a016ab>,12.755757331848145,12.755757331848145,14.773727416992188,14.773727416992188
<urn:uuid:0cfc5f4e-e87f-46d6-aabb-e29ea9383553>,15.027571678161621,15.027571678161621,15.027571678161621,15.027571678161621
<urn:uuid:1d468c5e-2240-45ad-b448-29b60db5acc0>,12.506678581237793,12.506678581237793,12.506678581237793,13.073053359985352
<urn:uuid:bc67d4d4-9847-44ae-b04a-1558f70e00cf>,10.258992195129395,10.258992195129395,11.557172775268555,11.78149700164795
<urn:uuid:953e127a-0902-4cf8-b5fa-949cd499d741>,10.006792068481445,11.61445426940918,13.146154403686523,14.466432571411133
<urn:uuid:a72154f1-85e2-48d9-8d8c-642713838d64>,11.354997634887695,12.710726737976074,12.710726737976074,14.315802574157715
<urn:uuid:15fa62b0-6a98-41f2-aff7-9a6ab3771a82>,8.326577186584473,8.326577186584473,13.212919235229492,13.212919235229492
<urn:uuid:c7e74365-71b5-4b25-bd47-6be20f0d6b20>,13.309426307678223,13.309426307678223,14.867864608764648,14.867864608764648
<urn:uuid:503fe8b9-46b2-4ed8-86dd-e2be9fcd673d>,11.768108367919922,12.016938209533691,15.615213394165039,15.615213394165039
<urn:uuid:084be33c-b9b7-4d0e-970a-ed6babc46a68>,15.133586883544922,15.133586883544922,15.208686828613281,15.208686828613281
<urn:uuid:97e3e26d-22d8-46c8-8070-5f538e8852d3>,15.408418655395508,15.408418655395508,15.408418655395508,15.408418655395508
<urn:uuid:c602af0f-f6c4-4419-8f99-b51b2f633120>,13.474849700927734,14.517462730407715,14.517462730407715,14.791399002075195
<urn:uuid:3d32aca9-0e72-4ca9-bfd3-7d8231064b0c>,11.624811172485352,11.624811172485352,12.738764762878418,18.563465118408203
<urn:uuid:fbfea4a7-16c6-4f73-84b0-e39dd9cffe1c>,8.713011741638184,10.520133972167969,10.538880348205566,10.538880348205566
<urn:uuid:f72a8ba9-eaf5-45b2-a759-fdf265741faa>,9.714700698852539,11.14293098449707,12.325532913208008,12.325532913208008
<urn:uuid:d16c650e-19f6-4f46-af41-b7a9985a413e>,14.078277587890625,15.127547264099121,15.127547264099121,15.127547264099121
<urn:uuid:3a2e2982-4372-48de-b338-0074a4234d6c>,16.445194244384766,16.445194244384766,16.445194244384766,16.445194244384766
<urn:uuid:9262356c-5feb-4f8a-b515-e8ec080a9125>,10.032402992248535,12.388489723205566,13.157852172851562,13.157852172851562
<urn:uuid:2b74f102-a4a9-46e0-b6f2-57777ee963e7>,11.543075561523438,13.165739059448242,13.165739059448242,13.308492660522461
<urn:uuid:b4096afd-fbb5-4583-b616-9e77cc102374>,12.930706977844238,13.96650505065918,15.145795822143555,15.145795822143555
<urn:uuid:f8f70667-b1d8-4253-a6b3-786de8574cd7>,14.881551742553711,14.881551742553711,14.881551742553711,17.380823135375977
<urn:uuid:ca92f6be-3808-4f49-a3eb-f5c76e32ef7a>,10.312726974487305,10.997759819030762,14.741788864135742,14.95050048828125
<urn:uuid:79071952-477d-4529-86f2-3f6784355110>,13.112860679626465,13.112860679626465,13.112860679626465,13.112860679626465
<urn:uuid:fd40b2d6-f002-4883-aa39-d051739f0bb4>,11.448553085327148,13.799866676330566,14.830681800842285,14.830681800842285
<urn:uuid:5a2096b9-1d93-4284-8afb-58e1663c849d>,11.602828025817871,11.602828025817871,13.359230041503906,16.384571075439453
<urn:uuid:a8b85ed9-5d44-4aa1-9043-ac9f7f2f660a>,10.654756546020508,10.654756546020508,12.656118392944336,17.5926513671875
<urn:uuid:b45117b8-b38b-4da8-8cc9-eba8ad0199f0>,12.241842269897461,14.046354293823242,14.046354293823242,14.046354293823242
<urn:uuid:74d1a88b-73be-49d2-8f4e-eb52b691aa36>,11.973591804504395,11.973591804504395,12.465150833129883,14.198675155639648
<urn:uuid:c4bbe438-c940-48b7-a2e2-dffc6a5af764>,15.933364868164062,17.383108139038086,17.383108139038086,17.383108139038086
<urn:uuid:bcf05556-a118-4b75-beb8-dd89f1edee02>,9.78941535949707,9.78941535949707,9.78941535949707,11.011399269104004
<urn:uuid:21d6e3b6-6842-4604-b82b-7eecd4769c2f>,14.025652885437012,14.336897850036621,14.336897850036621,14.771735191345215
<urn:uuid:adc85132-eda4-4e43-9ed0-e8edd877e644>,22.09506607055664,22.09506607055664,22.09506607055664,22.09506607055664
<urn:uuid:29a6ffb8-c00b-4494-b155-d2527fa94b8e>,9.913254737854004,13.031062126159668,17.09563636779785,17.09563636779785
<urn:uuid:45f22c25-5aa9-4969-9860-3a17f4d7b3bf>,15.317096710205078,15.317096710205078,15.317096710205078,15.317096710205078
<urn:uuid:f4b17a25-525c-4c75-aee2-38a1e6ffbab0>,10.570344924926758,13.692205429077148,18.08869171142578,18.08869171142578
<urn:uuid:367ae597-8587-407d-aa23-f5a15c86806a>,11.803140640258789,14.922348022460938,14.922348022460938,14.922348022460938
<urn:uuid:db2edadd-8417-44c6-8507-7ca73416f6f6>,13.228515625,13.228515625,14.090306282043457,14.090306282043457
<urn:uuid:10d6dcaa-6c92-44c6-b29b-d9c48ce0cee3>,12.277379035949707,15.215493202209473,15.215493202209473,16.03038787841797
<urn:uuid:db13db36-43ad-4aba-abe1-d895f2766211>,11.480897903442383,12.792207717895508,16.451196670532227,16.451196670532227
<urn:uuid:823d0bd9-252d-4f2e-b997-fb6809f6bcaf>,11.091169357299805,11.091169357299805,11.091169357299805,12.37728500366211
<urn:uuid:3e398420-0a09-405f-b5b3-fddd8c4d7e64>,11.615779876708984,14.886911392211914,14.886911392211914,14.886911392211914
<urn:uuid:eba3155d-212d-48f1-842e-578b360dee1e>,14.12082290649414,14.12082290649414,14.12082290649414,14.12082290649414
<urn:uuid:7ce825e2-1853-460b-9600-4761e47a64f2>,17.285154342651367,17.285154342651367,17.285154342651367,17.285154342651367
<urn:uuid:26adcc71-f1f1-4475-b6cb-40927fb296c0>,12.12379264831543,12.12379264831543,15.521300315856934,15.521300315856934
<urn:uuid:194ec409-22c3-4df4-8b37-b5c4821777df>,9.503128051757812,9.503128051757812,11.806922912597656,13.640219688415527
<urn:uuid:b9466505-45f4-499d-9ed4-96c11b7015e4>,11.979541778564453,11.979541778564453,13.596880912780762,13.596880912780762
<urn:uuid:c2b9f93c-c9f1-4421-841c-537ead8f6952>,11.168045043945312,13.312798500061035,13.312798500061035,15.092254638671875
<urn:uuid:d5dd8400-f8e1-4438-ae21-c79334774961>,12.687093734741211,12.687093734741211,14.459038734436035,17.774084091186523
<urn:uuid:0b437281-f8cf-408b-b56d-7af0f717e586>,12.096636772155762,12.096636772155762,14.108189582824707,14.108189582824707
<urn:uuid:1f025946-5dc3-4486-ac1d-bf36a156037a>,14.377483367919922,14.377483367919922,14.377483367919922,14.377483367919922
<urn:uuid:1ba56296-7e2a-439f-9241-640d2abfc30f>,11.463701248168945,15.797664642333984,15.797664642333984,15.797664642333984
<urn:uuid:3062a9d0-0eee-4e1e-b86f-31f051585007>,13.966063499450684,13.966063499450684,14.957589149475098,14.957589149475098
<urn:uuid:be4cab84-eaea-4efc-a770-0acdfcdf73a7>,10.517544746398926,12.791144371032715,16.304269790649414,16.304269790649414
<urn:uuid:27a1b6e5-cab2-48d7-be59-3989fad54b20>,15.972845077514648,15.972845077514648,15.972845077514648,15.972845077514648
<urn:uuid:3590543d-cbc4-4dcc-b22e-d1d78ed10633>,13.541561126708984,13.541561126708984,13.541561126708984,13.541561126708984
<urn:uuid:b7a1122d-1a0b-4d8b-8dcd-d8057f58562c>,13.875667572021484,13.875667572021484,14.198078155517578,14.198078155517578
<urn:uuid:feb2c0c2-2591-40d4-a144-eaf8e691e1bf>,12.4765043258667,12.4765043258667,13.09508991241455,13.09508991241455
<urn:uuid:fa603538-0825-454e-95b6-ecf1e7c2275e>,11.071756362915039,11.071756362915039,11.071756362915039,11.071756362915039
<urn:uuid:8d10e78a-ff23-4697-a816-cc4e00aa72bc>,9.153266906738281,10.164315223693848,11.399447441101074,13.332779884338379
<urn:uuid:e8f97099-c4eb-4a23-be35-a030af5ca634>,17.798004150390625,17.798004150390625,17.798004150390625,17.798004150390625
<urn:uuid:d77b4ce3-4294-4ea8-9e0d-8f6971d05884>,10.394315719604492,11.070795059204102,11.070795059204102,13.960037231445312
<urn:uuid:2ed82cec-223f-43bf-aa75-baa329b129ce>,11.61698055267334,11.832603454589844,13.473213195800781,15.86803150177002
<urn:uuid:323cbf0b-69a2-4b54-85cd-371a43feed02>,9.739981651306152,9.739981651306152,11.170278549194336,12.2196044921875
<urn:uuid:9e7d44ba-8cfe-4ba3-870e-051138391fc6>,16.865549087524414,16.865549087524414,16.865549087524414,16.865549087524414
<urn:uuid:0aea0939-7755-4658-b3f3-cf3957a7f425>,12.02098274230957,12.02098274230957,12.774362564086914,12.774362564086914
<urn:uuid:065ed1fa-bb6b-4876-bb6e-b591a825b35f>,13.826685905456543,13.826685905456543,13.826685905456543,13.826685905456543
<urn:uuid:52c80cf7-77c7-49f4-8535-fdd85d449622>,11.921785354614258,12.669145584106445,12.669145584106445,13.366533279418945
<urn:uuid:97d3734b-39c2-42bd-a2e9-2b607e42295f>,11.903918266296387,11.903918266296387,14.26806926727295,14.26806926727295
<urn:uuid:aac40dec-55b0-413d-a507-3a07665c0b70>,10.958704948425293,12.476215362548828,14.116389274597168,15.616357803344727
<urn:uuid:07290ab2-7859-4039-b896-db542ea6e403>,12.49240779876709,12.49240779876709,13.65018081665039,15.688468933105469
<urn:uuid:abf17504-00ee-4e31-88af-eb2d87a2b8ea>,11.850130081176758,11.850130081176758,12.231407165527344,12.795059204101562
<urn:uuid:e1e07327-fab8-454b-b42b-47b583cd9115>,12.453535079956055,12.453535079956055,12.453535079956055,15.64346981048584
<urn:uuid:1316868e-36a9-48c3-83cb-a2507e4f8e1b>,10.879417419433594,10.879417419433594,10.879417419433594,14.699981689453125
<urn:uuid:c781f149-e86f-4652-9d8c-ff0a9900ea65>,13.728824615478516,13.728824615478516,14.43806266784668,14.962236404418945
<urn:uuid:4736cab6-467d-4073-96be-fd7b0a561904>,12.259448051452637,12.259448051452637,12.259448051452637,13.88331413269043
<urn:uuid:ed6263ed-47fd-4022-9348-5bf1845d192b>,10.583124160766602,11.692399024963379,16.129940032958984,16.728857040405273
<urn:uuid:50cbde31-47ae-47de-b014-76dfbae47ec0>,11.74400520324707,11.74400520324707,11.74400520324707,12.501269340515137
<urn:uuid:582ce84b-e121-4d20-98e0-289d43c74764>,12.714559555053711,16.264039993286133,16.264039993286133,16.264039993286133
<urn:uuid:d068b820-2033-4efd-9a77-d94dc568e2c9>,11.250136375427246,11.300801277160645,12.176822662353516,14.635004043579102
<urn:uuid:bd6e2534-59da-4b8d-8f31-beaa26062aa0>,11.398551940917969,12.157151222229004,12.157151222229004,12.157151222229004
<urn:uuid:f8f8875f-fd80-4ce2-9d16-121dee884a51>,12.408760070800781,12.408760070800781,12.408760070800781,13.78438663482666
<urn:uuid:c2a51a18-e2de-4d84-a09d-c6e2a2aed29f>,13.010587692260742,13.872335433959961,14.743547439575195,14.743547439575195
<urn:uuid:7834babc-3df8-4e31-9a26-4ab24af88e27>,12.90002727508545,12.90002727508545,14.398460388183594,16.07330894470215
<urn:uuid:4871482c-8bc0-4819-a2bf-7496d7da478e>,10.631410598754883,12.195189476013184,12.195189476013184,13.491957664489746
<urn:uuid:73698a8d-31da-45dd-a3da-b04f186e7f68>,13.425577163696289,16.40448760986328,16.40448760986328,16.47671127319336
<urn:uuid:19857aa8-6e34-40e9-83d3-fb9c7bea02c8>,9.05104923248291,10.089691162109375,12.065922737121582,14.92919921875
<urn:uuid:02324ebb-30b4-4e92-9412-3c7d621e45af>,12.712471008300781,12.712471008300781,12.989153861999512,13.031232833862305
<urn:uuid:c33aa181-f98e-405e-99d5-1b07e5056e5d>,11.373065948486328,12.946795463562012,12.946795463562012,12.946795463562012
<urn:uuid:2313784c-dce1-418f-89f0-dfd360dd8b82>,9.684525489807129,15.507767677307129,15.507767677307129,15.507767677307129
<urn:uuid:f1b4b5d5-bd18-4a4d-b9f2-db25f186865a>,10.893152236938477,10.980203628540039,12.948659896850586,13.014384269714355
<urn:uuid:a26a561c-2ab1-4c7b-9b67-36e29513409b>,12.02897834777832,12.642433166503906,12.642433166503906,14.380784034729004
<urn:uuid:78812f2e-8e71-4163-9651-f85bc01f9d67>,14.61431884765625,16.261016845703125,16.261016845703125,16.261016845703125
<urn:uuid:4c3d9ed4-6415-434c-98d8-f480e4304cde>,9.835474967956543,12.266107559204102,14.001070022583008,14.001070022583008
<urn:uuid:bfcfed09-9380-4b36-9bed-f6224c688c2b>,14.140325546264648,14.140325546264648,14.140325546264648,14.781349182128906
<urn:uuid:1a439a69-fb1d-4009-9e5d-119e4606f64d>,15.453502655029297,15.453502655029297,15.453502655029297,16.151147842407227
<urn:uuid:919d5b40-94ef-494f-966d-8c7921020be0>,10.538030624389648,12.079240798950195,12.079240798950195,15.71013355255127
<urn:uuid:246cc5ce-55d3-4667-b6f2-291c60c832cd>,10.59605598449707,10.59605598449707,10.59605598449707,12.818655014038086
<urn:uuid:d4d006c7-5d0d-4e52-94d9-771fcd2e9856>,11.191131591796875,11.191131591796875,11.191131591796875,12.724763870239258
<urn:uuid:132b0ef5-e2ab-4e31-a998-7cd081e940a9>,13.22655200958252,15.02298355102539,15.02298355102539,15.02298355102539
<urn:uuid:6580f958-e1ce-4d57-beea-9691775f08e0>,11.803153991699219,11.913742065429688,15.819411277770996,15.819411277770996
<urn:uuid:60dcc94b-ac39-4d36-9b0a-106cf972a20a>,13.945178031921387,15.42335033416748,15.42335033416748,15.42335033416748
<urn:uuid:f9d76182-aa1a-486a-a323-3105b1dcf396>,11.104204177856445,11.104204177856445,17.11541175842285,17.11541175842285
<urn:uuid:b7b5a835-4d2e-41b8-b0b1-a783e8a359ac>,13.622762680053711,13.622762680053711,15.718576431274414,15.718576431274414
<urn:uuid:23f53de9-2dc2-497b-9834-e5960d3248e1>,9.72564697265625,9.77795124053955,15.660975456237793,15.660975456237793
<urn:uuid:0e83445f-a571-4149-99b3-704e4bd7fe34>,13.088194847106934,13.088194847106934,13.088194847106934,13.088194847106934
<urn:uuid:ca8f6182-e4df-436b-8e57-9d744d247292>,8.644638061523438,8.644638061523438,11.476655960083008,16.19676399230957
<urn:uuid:942df843-1fe0-402d-b6bc-185de8d3d1fc>,13.269341468811035,13.269341468811035,13.269341468811035,15.710149765014648
<urn:uuid:635a651d-11eb-4d35-af9b-a9b473f27894>,11.104660034179688,12.509267807006836,12.509267807006836,13.328739166259766
<urn:uuid:38cb6542-dc66-4efd-8fb2-8f6297112b17>,9.133118629455566,9.133118629455566,9.133118629455566,16.54865264892578
<urn:uuid:bf68a3cb-b409-43da-92ff-8cf4a8e0df3c>,14.039478302001953,14.171891212463379,16.938138961791992,16.938138961791992
<urn:uuid:204cf6dc-44cb-446b-83af-9fb2fff39421>,9.435990333557129,9.435990333557129,10.22828197479248,10.545199394226074
<urn:uuid:89a2944b-c08d-4786-ba66-783a55f32fa9>,12.659828186035156,12.659828186035156,12.659828186035156,14.289576530456543
<urn:uuid:ce94473a-12f4-4244-aefa-68f28727e381>,12.842799186706543,13.065949440002441,16.52914047241211,16.52914047241211
<urn:uuid:b1157458-2f01-4861-be86-b2e806ade0b0>,12.012006759643555,12.012006759643555,14.940428733825684,16.525678634643555
<urn:uuid:90899239-686f-4820-9673-89717e1ac351>,11.472994804382324,13.879441261291504,13.879441261291504,13.879441261291504
<urn:uuid:675f80e9-4389-4f89-9421-e5b9324953b6>,9.45306396484375,10.642330169677734,10.642330169677734,13.247274398803711
<urn:uuid:1ea245bd-c552-4c24-bfbe-f1eb87f27306>,12.367059707641602,12.367059707641602,13.645234107971191,13.645234107971191
<urn:uuid:dff7ea0e-856c-480e-a451-760c7d4b351e>,13.218643188476562,17.131855010986328,17.131855010986328,17.131855010986328
<urn:uuid:b0109d32-a27f-41f1-9a1a-d681171ce218>,12.029728889465332,12.029728889465332,12.029728889465332,12.029728889465332
<urn:uuid:83e2f689-1ccd-4ac1-a661-2fbce05b989b>,9.611224174499512,9.611224174499512,10.814401626586914,10.814401626586914
<urn:uuid:0bcaa03d-6185-46bf-a2d3-7a666f22141f>,10.39414119720459,12.446969985961914,12.446969985961914,12.446969985961914
<urn:uuid:e59a7508-c1ea-453b-89ae-f4bbec94b991>,14.341228485107422,14.341228485107422,14.341228485107422,14.341228485107422
<urn:uuid:8830d3dd-a216-49fc-9d0c-45b8387a6a8d>,13.766441345214844,13.766441345214844,16.00593376159668,16.00593376159668
<urn:uuid:dd33f805-1c47-4348-85fb-11dcb8b0dec9>,8.092643737792969,10.858871459960938,11.892378807067871,16.283733367919922
<urn:uuid:95b01a87-a839-4277-b88e-c32a083e628f>,12.806577682495117,14.151119232177734,15.380905151367188,15.380905151367188
<urn:uuid:ac0173bd-3995-4a48-912f-bc1af59cee54>,9.64693546295166,11.406875610351562,13.458464622497559,17.3692626953125
<urn:uuid:a6ae9e76-b6df-46ac-ba94-62b34ce996fa>,12.584928512573242,14.653219223022461,14.653219223022461,14.653219223022461
<urn:uuid:b7f1aab4-edfb-4952-936f-15d648fb9a0a>,11.099706649780273,14.20296859741211,14.603226661682129,14.603226661682129
<urn:uuid:e951735a-9be6-4409-b8be-7a8da9c97851>,14.034547805786133,14.034547805786133,14.034547805786133,14.034547805786133
<urn:uuid:be57cc74-2103-46bb-a9f6-ad581f7c8902>,12.367050170898438,12.629823684692383,18.643613815307617,18.643613815307617
<urn:uuid:d0c6b878-fb39-44d6-a5fb-6f72e8962ab5>,9.27877426147461,10.18114948272705,11.725442886352539,11.725442886352539
<urn:uuid:213312a1-07ff-482e-948d-8dd0320a327d>,9.595088958740234,11.205991744995117,11.205991744995117,11.205991744995117
<urn:uuid:23e6b229-9384-44f9-9f33-95930f96b37b>,14.419855117797852,14.419855117797852,14.696203231811523,14.696203231811523
<urn:uuid:885452e1-d834-4373-8f15-3bb5d68a6de2>,10.400459289550781,12.606425285339355,12.606425285339355,16.56180763244629
<urn:uuid:33c47af6-d544-4a53-9001-d0192244048b>,12.088522911071777,12.088522911071777,14.758278846740723,14.758278846740723
<urn:uuid:9ed65e89-74e6-444e-bb29-0357d536847a>,13.692106246948242,13.692106246948242,13.692106246948242,13.692106246948242
<urn:uuid:9d3aa6b3-57c7-4e06-a6fd-7974f8837372>,10.997285842895508,10.997285842895508,10.997285842895508,13.185513496398926
<urn:uuid:a1f05e3e-67ee-4663-85fd-7ea26e68511b>,11.167546272277832,11.561166763305664,12.306548118591309,13.690200805664062
<urn:uuid:a94b9563-befa-4bfa-9b48-d1edaa0a6c75>,11.502204895019531,12.693089485168457,12.90825366973877,15.792182922363281
<urn:uuid:484d727d-af98-42ef-9c0d-51cf66e8918d>,13.642611503601074,13.642611503601074,14.697135925292969,14.697135925292969
<urn:uuid:d07bc25d-af2d-475f-8771-16f8857d5441>,14.199901580810547,14.199901580810547,15.176546096801758,15.176546096801758
<urn:uuid:83a5185c-f308-40ca-860a-bdc708d1be2b>,12.673452377319336,12.673452377319336,12.673452377319336,12.673452377319336
<urn:uuid:2ab6c438-be84-4424-99b4-4a12e3ea80e5>,14.219319343566895,14.219319343566895,14.219319343566895,14.219319343566895
<urn:uuid:b0993c56-3e6c-4fd3-ab6a-56e36b5fc959>,9.513347625732422,11.450339317321777,12.201425552368164,14.562627792358398
<urn:uuid:5d17de18-d7b4-418b-8ab0-f22f060069f3>,13.318113327026367,14.919801712036133,14.919801712036133,14.919801712036133
<urn:uuid:08ca8c0e-37d0-4cd5-baa9-179f5fd3392c>,22.62958335876465,22.62958335876465,22.62958335876465,22.62958335876465
<urn:uuid:4bbce7fa-2d06-440a-b52a-1580f2ed6289>,11.943981170654297,11.943981170654297,11.943981170654297,11.943981170654297
<urn:uuid:285e3d9f-843b-45c8-afc7-7bd1db901a22>,8.62629508972168,12.081867218017578,14.884634017944336,14.884634017944336
<urn:uuid:8c0da66c-fdf5-4c95-962d-66dddd15a3fc>,12.486242294311523,12.486242294311523,13.836207389831543,13.836207389831543
<urn:uuid:b42a0a64-7363-4b86-bde2-6b77512749cc>,12.095213890075684,12.095213890075684,12.095213890075684,12.095213890075684
<urn:uuid:143bd114-499d-41bb-9c87-d4a36cfa929a>,10.998854637145996,12.039509773254395,15.540470123291016,15.540470123291016
<urn:uuid:b907c398-26d3-4745-a567-24c0525753d3>,9.11149787902832,18.05142593383789,18.05142593383789,18.05142593383789
<urn:uuid:bd599e14-ce96-4122-b2dc-7ca696aaa02d>,13.39750862121582,14.555312156677246,14.555312156677246,14.555312156677246
<urn:uuid:2b5d7315-6434-4542-80e6-b52288345de9>,12.655277252197266,12.818764686584473,13.751728057861328,17.346036911010742
<urn:uuid:0013e36d-d957-40ed-951c-abc842b0f7be>,12.012886047363281,14.860137939453125,14.860137939453125,14.860137939453125
<urn:uuid:8f0a0ad8-9458-4001-9986-c31873f41a48>,12.462987899780273,14.039522171020508,14.039522171020508,15.568300247192383
<urn:uuid:54b5c337-4e64-4093-ad58-c3e2c2ad2c92>,8.928569793701172,8.984628677368164,10.926876068115234,11.852667808532715
<urn:uuid:e62b7b4b-3a1d-45b4-9886-72ff6090604e>,10.942973136901855,10.942973136901855,11.541180610656738,11.95201301574707
<urn:uuid:1341c15f-1c35-4430-9d05-78093b8961f8>,12.886963844299316,12.886963844299316,15.485822677612305,15.485822677612305
<urn:uuid:ab4c52de-b3e0-4516-b97d-369a65748490>,11.530838012695312,14.898150444030762,14.898150444030762,14.898150444030762
<urn:uuid:72e36933-4414-44ae-8293-483ee15fd2de>,11.010100364685059,11.010100364685059,13.520872116088867,13.520872116088867
<urn:uuid:52ddb52e-bc1e-40ec-9be4-aa57ff49c001>,11.560041427612305,12.45665168762207,12.45665168762207,12.45665168762207
<urn:uuid:fd03c3d9-e81e-4342-89af-a3a5acf4bda8>,10.019579887390137,10.929688453674316,12.522439002990723,12.921405792236328
<urn:uuid:1d2f3a2e-1ec0-4ae8-944d-390e91deeca4>,4.4607086181640625,4.4607086181640625,10.854127883911133,15.5941801071167
<urn:uuid:829b96e1-b3f4-4a61-8dcf-5f2432be8666>,11.527085304260254,11.56047248840332,11.56047248840332,14.148807525634766
<urn:uuid:287416e7-c90e-47d3-b352-ebd86fa21089>,11.328192710876465,12.257558822631836,14.529000282287598,17.31563949584961
<urn:uuid:1370d5a7-696f-4853-8bfb-1df1c5680b1f>,13.782510757446289,13.782510757446289,13.782510757446289,16.13068389892578
<urn:uuid:32d4ccea-a513-420c-bf1a-a994a50f8f78>,12.293782234191895,12.400290489196777,14.557111740112305,14.557111740112305
<urn:uuid:a86ae8a4-239d-4da3-af41-8816fc6d3e4f>,13.458724021911621,13.458724021911621,14.374344825744629,14.882284164428711
<urn:uuid:f36131af-3e87-49d7-bd5a-3cf14cfc98f2>,12.000085830688477,12.000085830688477,12.000085830688477,14.398003578186035
<urn:uuid:02d95a62-3bda-4090-a1f1-aee9c4e91d15>,15.189335823059082,15.189335823059082,15.189335823059082,15.189335823059082
<urn:uuid:26b3d839-8986-4060-8089-346016ce07be>,11.63013744354248,11.63013744354248,11.63013744354248,11.63013744354248
<urn:uuid:9d1b9c23-7339-4313-8672-5bbb84d33be0>,14.629244804382324,15.22512149810791,15.22512149810791,16.183561325073242
<urn:uuid:bbdce9fc-1693-410d-b8a3-1e8ac2885fc8>,9.678619384765625,11.953060150146484,12.271573066711426,12.892433166503906
<urn:uuid:3f76024f-3342-4a2a-a225-f3349d95b6d6>,6.700336456298828,7.780782222747803,12.326756477355957,12.326756477355957
<urn:uuid:c8b8effc-fca9-4e0a-bde1-df5e501610da>,15.1415433883667,15.1415433883667,15.1415433883667,15.1415433883667
<urn:uuid:d49dda50-5cea-40d3-9139-0012cdaa3743>,13.974128723144531,15.463497161865234,15.463497161865234,15.463497161865234
<urn:uuid:458fd9a4-37e5-4c3e-b75b-ba9a92c30d48>,13.405131340026855,15.948274612426758,15.948274612426758,15.948274612426758
<urn:uuid:eea11345-2079-4a15-a5f5-38cad5776604>,7.9675798416137695,10.792774200439453,10.792774200439453,13.802433967590332
<urn:uuid:87f2d81f-516a-4fac-904f-8d9bd3f77653>,11.545594215393066,13.087505340576172,13.087505340576172,14.652692794799805
<urn:uuid:d0110a4e-cc3d-4c34-84d9-46dfc6a1cb16>,6.495782852172852,11.815945625305176,11.815945625305176,12.473048210144043
<urn:uuid:22ff9a55-29c1-4357-836b-248a2b9a41d0>,13.721017837524414,15.939305305480957,15.939305305480957,15.939305305480957
<urn:uuid:691e643b-1d81-410c-bc92-875849c06b56>,19.344043731689453,19.344043731689453,19.344043731689453,19.344043731689453
<urn:uuid:541e253e-563d-457c-9166-d083e2f1b45a>,12.455812454223633,12.455812454223633,12.455812454223633,13.51451587677002
<urn:uuid:c774fc2a-2679-4d61-8ce1-5e40c0f6d082>,10.370695114135742,18.28506851196289,18.28506851196289,18.28506851196289
<urn:uuid:11f54cdb-7aec-4c8f-8357-05c8d1a6e77b>,11.732704162597656,11.732704162597656,11.732704162597656,17.660234451293945
<urn:uuid:3e33715f-4d68-4932-b506-42ae432b0a79>,12.995829582214355,12.995829582214355,12.995829582214355,14.346844673156738
<urn:uuid:0d9adf45-d46b-46dd-889c-85722482fd52>,11.07771110534668,11.567012786865234,12.666289329528809,14.630002975463867
<urn:uuid:f2c63cfa-720c-454d-b3ab-7451fc82a350>,18.34214210510254,18.34214210510254,18.34214210510254,18.34214210510254
<urn:uuid:7bc7eb8b-3bfb-4d25-9205-edfe21495624>,11.350349426269531,12.320448875427246,13.284475326538086,15.30307674407959
<urn:uuid:d6a32a6c-4023-4696-b6aa-4b7baffb783d>,12.195691108703613,12.195691108703613,12.195691108703613,14.551382064819336
<urn:uuid:dfeec142-b88a-4f60-828f-910aa860ca5e>,11.992183685302734,11.992183685302734,13.998467445373535,17.032447814941406
<urn:uuid:ba552cf5-02be-4cd9-93d1-a4b3415df83d>,10.10132884979248,11.147625923156738,13.620808601379395,17.783679962158203
<urn:uuid:d4249eb3-0e9e-433f-80dd-67658424b1f3>,12.87405776977539,12.87405776977539,12.87405776977539,12.87405776977539
<urn:uuid:b16cfb5d-ba1c-4ed4-8833-a0d85938a331>,10.165314674377441,14.261183738708496,14.261183738708496,14.261183738708496
<urn:uuid:1f533e9c-7318-4738-8ddc-a3ffc3685f22>,12.796287536621094,12.796287536621094,12.796287536621094,13.512266159057617
<urn:uuid:e75200c1-a759-4a2a-910a-ee5c7a69d528>,11.05992317199707,13.008527755737305,13.008527755737305,13.008527755737305
<urn:uuid:0b6d9826-516f-4770-8236-4932318b47d6>,10.746698379516602,10.746698379516602,13.928374290466309,13.928374290466309
<urn:uuid:1850df5f-0e59-4383-af6c-589a1856b889>,10.488917350769043,10.488917350769043,13.552053451538086,13.552053451538086
<urn:uuid:08a6a2dd-ab4d-4c46-8b0a-6da7d7c9cf0f>,12.69740104675293,12.69740104675293,12.69740104675293,12.69740104675293
<urn:uuid:56e7b9a3-39f2-4cd3-bacc-df6beaad5a06>,10.624159812927246,10.624159812927246,11.006762504577637,13.823750495910645
<urn:uuid:4cb4a193-2cfa-4947-89c3-7867d170b881>,13.095745086669922,13.095745086669922,13.3157320022583,15.281322479248047
<urn:uuid:3e991f9d-6e0b-4d6b-bcc8-4d804aeb8e97>,14.057419776916504,14.057419776916504,14.057419776916504,14.057419776916504
<urn:uuid:8920066e-4146-4bf9-a17e-c7b7a727ba41>,13.412659645080566,13.412659645080566,13.412659645080566,13.412659645080566
<urn:uuid:d0e258db-33a8-42a9-88d2-40c248dbb5aa>,13.137489318847656,13.137489318847656,16.316238403320312,16.316238403320312
<urn:uuid:86610f43-9005-4933-984b-7345050a2149>,11.432546615600586,13.875056266784668,13.875056266784668,16.16593360900879
<urn:uuid:8df88d5b-bdf1-4a37-a388-7cec088f53fa>,12.649627685546875,12.649627685546875,12.649627685546875,14.52811336517334
<urn:uuid:90eb5bb2-61c9-48a6-9ccf-5d5b40591840>,11.103750228881836,11.103750228881836,12.42342472076416,13.230942726135254
<urn:uuid:01a8d089-79e2-451d-9e5c-3951ac703465>,11.68835735321045,11.68835735321045,17.607667922973633,17.607667922973633
<urn:uuid:359d9802-f83e-4bef-9d10-be42e65d6b8d>,10.64022159576416,12.25428581237793,12.25428581237793,15.67963981628418
<urn:uuid:0518e166-9f69-475f-943b-6049e9ab34e2>,12.838301658630371,13.891510009765625,13.891510009765625,13.891510009765625
<urn:uuid:3e7810b7-e7f9-41a9-adfc-8fd2f7a7ca41>,13.329424858093262,13.329424858093262,13.329424858093262,13.808703422546387
<urn:uuid:9797d158-486d-4803-9399-c73ad2109d08>,16.613237380981445,16.613237380981445,16.613237380981445,16.613237380981445
<urn:uuid:348c0c5e-49b4-4614-88ed-55c76a1e0747>,10.27785873413086,10.27785873413086,13.417096138000488,16.263893127441406
<urn:uuid:7160a905-a4fa-4d0f-80d9-a5584b8da755>,9.31873893737793,10.725653648376465,15.383206367492676,15.383206367492676
<urn:uuid:290f958e-4c93-487e-b5d9-f086d7b8b6db>,9.934505462646484,12.894613265991211,12.894613265991211,13.480277061462402
<urn:uuid:adae5e97-014a-42bd-9e37-3611fbaca09e>,13.719011306762695,13.719011306762695,14.533370971679688,14.533370971679688
<urn:uuid:8147f7e7-b0c9-4fb9-96b6-67a3fbe456ff>,12.564054489135742,15.277835845947266,15.277835845947266,15.277835845947266
<urn:uuid:fed21380-91f6-40ec-8ad5-f5900d2b09a8>,11.30558967590332,11.500920295715332,13.660951614379883,13.660951614379883
<urn:uuid:7e650ca1-393f-468f-900a-701db7a3a116>,10.077716827392578,11.670897483825684,13.072842597961426,15.87540054321289
<urn:uuid:b7bd777a-084d-4695-8fb8-25d34e67c7a6>,13.355147361755371,13.355147361755371,13.355147361755371,13.355147361755371
<urn:uuid:0b763952-ac14-4451-b10a-0da0b2b30c9e>,10.860794067382812,11.855266571044922,11.855266571044922,11.855266571044922
<urn:uuid:8e2c1348-eca3-4e2a-ace3-5033e97d7be0>,14.69084358215332,17.575468063354492,17.575468063354492,17.575468063354492
<urn:uuid:894c611a-af36-40c4-8ea1-eb9ba35845fa>,9.31771469116211,11.938078880310059,12.6643648147583,12.6643648147583
<urn:uuid:30be879b-b77e-45c5-8d53-a7786972a191>,11.16395092010498,11.16395092010498,11.16395092010498,11.16395092010498
<urn:uuid:a9363509-83cd-4dd0-baff-4635cec76c65>,12.316487312316895,12.316487312316895,13.998222351074219,18.654808044433594
<urn:uuid:372e34e5-8418-4d5a-9a02-cc863a9dcc4b>,11.203696250915527,11.203696250915527,16.11269760131836,16.11269760131836
<urn:uuid:8c5e15f3-49b2-4c8b-9608-7aa191a4e363>,13.266621589660645,13.782234191894531,14.291457176208496,14.291457176208496
<urn:uuid:b8cdc783-197a-472c-a7ab-a94294af8f01>,11.962937355041504,14.14055061340332,15.184354782104492,15.184354782104492
<urn:uuid:54aca811-de61-4c37-8183-6f27658bec39>,13.14011287689209,13.14011287689209,13.916411399841309,13.916411399841309
<urn:uuid:a164f7e3-bcfd-4607-94b8-c51e44a55d18>,7.950639247894287,9.381719589233398,10.16285514831543,10.16285514831543
<urn:uuid:f1817790-b994-4309-913c-d816326fe8a4>,12.824906349182129,12.824906349182129,12.824906349182129,16.54530906677246
<urn:uuid:fab61dbd-01c7-4467-adf2-2f9aa346af49>,12.321403503417969,14.052692413330078,14.052692413330078,14.115283966064453
<urn:uuid:6f62118d-2af7-46df-ab0a-6b4101a5b8be>,10.473726272583008,13.343189239501953,15.240540504455566,15.240540504455566
<urn:uuid:7070fe53-6d1d-4576-96c8-64f8b61be30d>,12.059526443481445,12.059526443481445,13.512319564819336,13.512319564819336
<urn:uuid:a614e7bd-206f-4399-b295-6bc3f819df0b>,12.994614601135254,12.994614601135254,12.994614601135254,12.994614601135254
<urn:uuid:ae8b746d-262b-4bca-9718-3b67b5036913>,13.016881942749023,13.016881942749023,13.016881942749023,13.016881942749023
<urn:uuid:e91cd428-76fc-41a8-84cf-f4877e00665a>,15.063511848449707,15.063511848449707,15.063511848449707,20.43924331665039
<urn:uuid:f58ed2cb-c972-4579-a089-aef2ab511aee>,14.371275901794434,14.371275901794434,17.025375366210938,17.025375366210938
<urn:uuid:67bed859-5951-49e1-8b98-e89390a3a9d0>,12.703791618347168,12.703791618347168,12.703791618347168,14.684391021728516
<urn:uuid:3e70995c-9ef8-4506-a85a-7af5a6595c48>,12.308175086975098,13.308242797851562,13.308242797851562,15.900923728942871
<urn:uuid:77c1c90d-835c-4d34-9de6-5aa6a59ab395>,13.452011108398438,13.452011108398438,13.452011108398438,14.330277442932129
<urn:uuid:514ca73c-bc9e-4da0-8a00-82a7507214a6>,14.163363456726074,14.163363456726074,14.163363456726074,14.163363456726074
<urn:uuid:f4b5cf83-c4b2-40d1-b97e-df3a734390d1>,9.63837718963623,9.63837718963623,11.937040328979492,12.099844932556152
<urn:uuid:923f0a0f-24ab-45ea-9f17-2fb8cc568627>,12.864851951599121,12.871581077575684,13.600907325744629,13.600907325744629
<urn:uuid:cb02bc18-4b62-4dc1-b358-b38ec7564269>,13.593631744384766,15.713732719421387,15.713732719421387,15.713732719421387
<urn:uuid:59e44d9d-bda0-4808-8b63-0d86d8a68eaf>,12.140100479125977,12.140100479125977,12.140100479125977,12.140100479125977
<urn:uuid:4c00e5de-fcd9-48f6-b6a4-1fe94a474104>,12.455146789550781,12.455146789550781,14.201151847839355,15.668464660644531
<urn:uuid:ec518ed0-8741-4931-9772-7175f6eb7a15>,11.358388900756836,16.11708641052246,16.11708641052246,17.358186721801758
<urn:uuid:ee375498-e7bc-48fe-aeef-3af981bf43ce>,13.438974380493164,13.438974380493164,15.855360984802246,15.855360984802246
<urn:uuid:2573de77-b934-43a9-8abc-833cd25965fb>,16.91625213623047,17.7750244140625,17.7750244140625,17.7750244140625
<urn:uuid:44ba4ccb-ec1d-46ae-a025-092744c4b851>,17.34321403503418,17.34321403503418,17.34321403503418,17.34321403503418
<urn:uuid:ed80b0e9-a8c9-486c-a68b-f49fefad3c6e>,10.3308687210083,10.662187576293945,10.662187576293945,17.522724151611328
<urn:uuid:e3c1a65b-265f-476f-8d0d-65ca3c738626>,11.918217658996582,11.918217658996582,13.500164031982422,13.500164031982422
<urn:uuid:80baf2ab-3a4f-41ec-96fa-9016fc8c0500>,11.146681785583496,11.146681785583496,11.146681785583496,14.957245826721191
<urn:uuid:10694321-3454-4f76-b49c-df52b3072c44>,11.43848705291748,13.41672134399414,13.41672134399414,14.070695877075195
<urn:uuid:1c4e7764-b14c-40cd-94e8-8ad039095dff>,13.665017127990723,13.665017127990723,13.665017127990723,13.665017127990723
<urn:uuid:5333744e-6a36-4cc2-a374-37b972e6373e>,16.26459503173828,16.26459503173828,16.26459503173828,17.02071189880371
<urn:uuid:be7058f2-e00d-44d8-9037-04861b17df16>,14.288936614990234,14.288936614990234,14.288936614990234,14.408632278442383
<urn:uuid:e5a147a0-b073-480d-9c62-bbade192c769>,11.301839828491211,11.301839828491211,11.301839828491211,13.683268547058105
<urn:uuid:bca31666-6a25-4647-9720-0e4c4acbea5a>,15.152780532836914,16.171449661254883,16.171449661254883,16.171449661254883
<urn:uuid:68b22bc2-9be1-4846-992b-881af285f4b6>,13.103416442871094,13.103416442871094,13.294290542602539,13.294290542602539
<urn:uuid:c4ee8a83-dd52-4133-a2bf-ae8b49e8fdb3>,11.106758117675781,11.106758117675781,15.82210922241211,15.82210922241211
<urn:uuid:cabec058-44f1-4e86-9cb2-9a42d3e157e5>,10.687182426452637,12.67329216003418,12.67329216003418,12.67329216003418
<urn:uuid:db9bc2f6-42aa-42b1-9829-9a60562d2b5d>,10.452287673950195,10.452287673950195,15.392388343811035,15.392388343811035
<urn:uuid:8995d7f7-4f76-4137-850d-0a3b8620438e>,11.781697273254395,13.226449966430664,13.811766624450684,13.98990249633789
<urn:uuid:3ee9d353-b548-46a1-82ac-18119564c99a>,13.875694274902344,13.875694274902344,13.875694274902344,15.233689308166504
<urn:uuid:7fe3a643-d811-42dc-bdbd-07d8a48debd8>,8.947334289550781,13.628528594970703,14.49282169342041,14.49282169342041
<urn:uuid:c135c937-cb7a-451f-8273-3f9a223e7937>,11.630782127380371,13.975288391113281,13.975288391113281,15.904590606689453
<urn:uuid:0ce8edf1-c5e0-4f93-9975-d889abae32f7>,10.705257415771484,13.30262565612793,13.30262565612793,13.690628051757812
<urn:uuid:33c9e6e5-2a46-4221-8f03-67c58b2b42ff>,14.322975158691406,14.322975158691406,15.485170364379883,15.485170364379883
<urn:uuid:7227492f-d88e-4af2-ada4-62f064cb5b46>,10.382015228271484,10.96022891998291,12.63947868347168,13.520377159118652
<urn:uuid:f95d5fb0-bb11-4948-882e-3556753779c5>,12.394244194030762,12.394244194030762,12.394244194030762,12.394244194030762
<urn:uuid:3b2c989b-1a7a-4de1-bf34-61569393083b>,12.009113311767578,13.02070426940918,13.02070426940918,16.990116119384766
<urn:uuid:342c0d8c-6523-49d6-b961-46f494a13c52>,13.146143913269043,15.710803985595703,15.710803985595703,16.610790252685547
<urn:uuid:c177eba9-4dfc-4c2d-a417-085a332b8314>,17.124784469604492,17.124784469604492,17.124784469604492,17.124784469604492
<urn:uuid:c85aea7e-0052-41ea-be97-9865fe1735f4>,13.098855972290039,13.098855972290039,13.098855972290039,15.24971866607666
<urn:uuid:5b59dba6-1578-4e81-8422-7f709ef0ac39>,11.815047264099121,11.815047264099121,12.165077209472656,15.329227447509766
<urn:uuid:78a95f51-c4c1-4962-a19e-65d4b5715a2b>,13.842985153198242,13.842985153198242,18.03512954711914,18.03512954711914
<urn:uuid:babb48ed-f4a4-43b8-bb47-cd1c33a03b9f>,11.66956901550293,13.184213638305664,13.184213638305664,15.278465270996094
<urn:uuid:cbd16a04-09f2-4098-9b3d-4e9e0c992a40>,9.320180892944336,9.980280876159668,14.208232879638672,14.908681869506836
<urn:uuid:000346a2-efb2-4a73-a758-94d4e49b4d17>,9.92694091796875,10.706354141235352,14.318254470825195,15.954019546508789
<urn:uuid:cb49bbee-f43f-4feb-8f14-39c490c0bb8c>,9.980587005615234,12.742253303527832,14.353992462158203,14.353992462158203
<urn:uuid:4ec38624-ca3c-41a0-b3a2-7953e2878d91>,11.369529724121094,11.369529724121094,11.627097129821777,11.627097129821777
<urn:uuid:d7f9d8b6-cde9-4dcf-97c4-8de092f422b5>,11.017961502075195,11.017961502075195,12.167696952819824,13.838382720947266
<urn:uuid:5e173139-4630-47be-bf01-8896ef5fa640>,11.125022888183594,11.125022888183594,11.125022888183594,11.125022888183594
<urn:uuid:47a8b47f-bafa-4f46-a184-049b4f29c96f>,11.375717163085938,11.375717163085938,16.091325759887695,16.091325759887695
<urn:uuid:49ee2661-d729-4217-ab6b-ac8bcc2be1a5>,11.025287628173828,11.025287628173828,12.136164665222168,12.136164665222168
<urn:uuid:895a00b8-8f40-45c9-a779-668d28cc870a>,9.995648384094238,10.144708633422852,11.297398567199707,11.706790924072266
<urn:uuid:2372cf09-1cb9-4661-a6bc-0489e9dca84b>,12.37165641784668,12.591230392456055,12.591230392456055,13.320674896240234
<urn:uuid:46f4c753-961e-47de-8db3-167e30ff72ad>,12.357170104980469,13.522910118103027,13.522910118103027,13.522910118103027
<urn:uuid:ce677410-78f3-4334-ad18-f7d2f2cbf01b>,10.224023818969727,11.464323043823242,13.245172500610352,13.256589889526367
<urn:uuid:eddac667-18bf-4f95-a307-3af9613bb15a>,13.464055061340332,13.464055061340332,13.464055061340332,13.464055061340332
<urn:uuid:b7750f81-edc2-4b2e-bdf9-252b063e5947>,12.90404987335205,12.90404987335205,12.90404987335205,12.90404987335205
<urn:uuid:dd566af4-037b-4b1a-a896-cd47f09eab08>,14.566640853881836,14.566640853881836,14.566640853881836,14.566640853881836
<urn:uuid:6a78ec4c-e595-4d1d-b290-4a7880ad390e>,7.641450881958008,12.801213264465332,12.801213264465332,12.801213264465332
<urn:uuid:4c949832-23cb-4c03-ac98-a11f718e2767>,11.390827178955078,11.390827178955078,11.586215019226074,12.714710235595703
<urn:uuid:2c354dc7-dc23-4157-a4d2-9052f2e8c5af>,9.446690559387207,9.446690559387207,9.98079776763916,16.568092346191406
<urn:uuid:e5976744-e462-4bb1-b5c9-3cc524237deb>,11.683050155639648,11.683050155639648,14.508844375610352,15.306197166442871
<urn:uuid:076d7edf-ff13-4e64-97aa-26563cb630a7>,10.720935821533203,12.804964065551758,12.804964065551758,14.340269088745117
<urn:uuid:0250a507-bdb5-4c90-b0f4-7cceea61994e>,10.02652359008789,15.085806846618652,15.085806846618652,15.80172061920166
<urn:uuid:87925d05-08ba-4299-9452-d5e569678bb1>,14.792591094970703,14.792591094970703,16.061418533325195,16.061418533325195
<urn:uuid:20f579b8-1472-43c2-929a-febb1826d2d9>,8.362464904785156,8.877046585083008,10.492830276489258,13.022908210754395
<urn:uuid:ae0e1173-bf1e-4d0d-9e65-4aa163822384>,13.095969200134277,13.458620071411133,13.458620071411133,14.16511344909668
<urn:uuid:b7329e63-23db-425c-b4cc-cf666df7166d>,13.358617782592773,13.358617782592773,13.358617782592773,13.358617782592773
<urn:uuid:5159ed01-6001-4f53-a614-776c838bd304>,13.531187057495117,15.782709121704102,15.782709121704102,15.782709121704102
<urn:uuid:a376aee4-3b58-4a7d-af82-1b2344fdb907>,13.06584358215332,13.06584358215332,13.721097946166992,13.721097946166992
<urn:uuid:cd40ef0f-d2b0-46ce-a014-3fe534d2a651>,12.603784561157227,12.603784561157227,12.603784561157227,18.826358795166016
<urn:uuid:ff1b1a49-b0aa-4712-ba34-a1e42bd3bb1c>,11.8291015625,15.08779525756836,15.08779525756836,15.08779525756836
<urn:uuid:c550bdef-841e-4f62-b32f-6a6f4e9250d7>,14.13066291809082,14.13066291809082,14.13066291809082,14.13066291809082
<urn:uuid:625707a0-179b-4c35-a557-9e3f025f8dc1>,13.120281219482422,13.120281219482422,13.120281219482422,13.897608757019043
<urn:uuid:ebbb524c-7065-4b54-9bf4-268674c5e745>,10.944384574890137,11.750326156616211,11.750326156616211,20.651567459106445
<urn:uuid:215ea8d3-de04-403f-ae70-7987466fbd9d>,10.937941551208496,12.224061965942383,13.20363998413086,13.20363998413086
<urn:uuid:5bd731a9-e51a-4e4d-9769-24b9fa8907df>,12.980050086975098,12.980050086975098,20.087907791137695,20.087907791137695
<urn:uuid:3d4ccb88-08d3-4cae-894d-d470a2b75dd0>,14.57302188873291,14.57302188873291,15.204862594604492,15.204862594604492
<urn:uuid:73fad1eb-681f-4ec7-aa4d-539ac87ff584>,14.296982765197754,14.296982765197754,14.296982765197754,14.296982765197754
<urn:uuid:01233038-51e6-4315-866c-4a2ba76acf13>,12.935554504394531,12.935554504394531,12.935554504394531,12.935554504394531
<urn:uuid:a3ea68b4-f3bf-4be6-a405-a70c1bb6c6c1>,10.693732261657715,14.2840576171875,14.2840576171875,14.878318786621094
<urn:uuid:c7317a77-d637-4e30-bfcf-64a0c9e27c8f>,11.989320755004883,14.258443832397461,14.258443832397461,14.258443832397461
<urn:uuid:24c584d5-43b4-4919-8fb4-eaac986f62d1>,16.25315284729004,21.43311309814453,21.43311309814453,21.43311309814453
<urn:uuid:7ee21dd4-283c-42e8-826f-4c17144cedaf>,14.662078857421875,14.662078857421875,14.662078857421875,20.0463924407959
<urn:uuid:483c7e4d-1c79-4e2b-a6ce-0821cab82927>,10.954442977905273,10.954442977905273,15.002392768859863,15.002392768859863
<urn:uuid:c921a93e-42c4-4b28-a71d-a216c63b0a95>,15.766655921936035,15.766655921936035,15.766655921936035,16.271942138671875
<urn:uuid:18d06a71-ff46-45e4-ba14-9619c8baa9f9>,13.469804763793945,13.703320503234863,13.703320503234863,13.703320503234863
<urn:uuid:5594ed76-c495-43fc-9dd5-6d3c65dd2a24>,10.136305809020996,12.73567008972168,12.73567008972168,12.73567008972168
<urn:uuid:5303662f-3ce0-490b-a0d5-ca1187a9dd71>,9.649359703063965,10.058371543884277,12.773946762084961,13.407675743103027
<urn:uuid:cdeb5098-f620-45b3-bd59-b915d10a06ce>,11.063787460327148,11.063787460327148,11.752079010009766,18.451631546020508
<urn:uuid:45c7aef3-7e83-4de0-9462-456a798339f7>,11.920181274414062,11.920181274414062,13.098702430725098,17.708763122558594
<urn:uuid:2728042d-8df4-4529-8f6f-afa5737dd0e6>,16.57368278503418,16.57368278503418,16.57368278503418,16.57368278503418
<urn:uuid:98a31429-9a14-4434-b2e0-e682c49207cf>,9.258296012878418,11.85343074798584,12.5630464553833,13.19658374786377
<urn:uuid:68815679-328f-4f6c-86c1-fb967a55a85b>,16.218114852905273,16.218114852905273,16.218114852905273,16.218114852905273
<urn:uuid:49e2d035-1d9b-44e0-8b5d-f5624b313a03>,13.891209602355957,13.891209602355957,13.891209602355957,16.21675682067871
<urn:uuid:0bb8ce9b-6079-46ac-8d58-1dad60a7b7ac>,10.426191329956055,10.426191329956055,13.477195739746094,16.374256134033203
<urn:uuid:415a2ea9-253e-42d2-b416-bc47b1cb2812>,11.940217018127441,12.931058883666992,12.931058883666992,12.931058883666992
<urn:uuid:32e5c8c5-a6a0-4eb0-9ae9-ad54056cbb88>,12.449645042419434,12.449645042419434,14.7430419921875,14.7430419921875
<urn:uuid:7febe89e-22e5-4a68-a0e5-b3343f222c54>,12.18486213684082,12.18486213684082,14.05951976776123,15.761758804321289
<urn:uuid:3dab3fc3-cc8f-4a67-b089-024fce58ab12>,11.660140037536621,11.660140037536621,12.570629119873047,15.064617156982422
<urn:uuid:c79a1833-3d0e-4da8-81e2-cb1820605d13>,15.578306198120117,15.578306198120117,15.578306198120117,15.578306198120117
<urn:uuid:38dc6d82-78b7-4052-9d08-dd1fa8ca2dd0>,13.797574996948242,14.770398139953613,14.770398139953613,16.196041107177734
<urn:uuid:7282c90c-9471-48d3-9cef-905ffa76b62b>,13.755818367004395,13.755818367004395,13.755818367004395,16.262409210205078
<urn:uuid:647cde02-209d-498e-80ee-af0e570ab9c7>,10.253744125366211,10.509573936462402,11.507817268371582,11.508769989013672
<urn:uuid:4c2b398b-cb92-4977-bf1e-d2407f4a7e38>,9.88286018371582,9.88286018371582,9.973548889160156,13.56730842590332
<urn:uuid:7dd24622-75b6-471f-8ae8-75cef419fcd4>,12.316754341125488,12.316754341125488,12.316754341125488,12.316754341125488
<urn:uuid:293ca421-829a-4224-ba2a-e8e7f08310b6>,12.08360481262207,12.08360481262207,18.761886596679688,18.761886596679688
<urn:uuid:7572e5ce-cc46-4c2a-b395-faa773fff6e1>,10.97427749633789,10.97427749633789,10.97427749633789,13.654605865478516
<urn:uuid:89f27152-919c-42a9-8774-3f95b17a8826>,15.034422874450684,16.326887130737305,16.326887130737305,16.326887130737305
<urn:uuid:630da9fd-1c41-4355-a784-6bbc74f0d574>,12.846884727478027,12.846884727478027,15.567495346069336,15.567495346069336
<urn:uuid:fb8184ca-9de2-4029-afdb-f2334d6dc2ec>,12.988228797912598,13.169720649719238,13.533679008483887,14.501808166503906
<urn:uuid:20a80818-46d5-4b47-a59c-029f02476727>,14.110978126525879,17.086095809936523,17.086095809936523,17.086095809936523
<urn:uuid:736c0078-0d26-4a14-9588-a0bd9fc6e2f6>,10.996819496154785,13.289992332458496,13.289992332458496,13.289992332458496
<urn:uuid:56133e85-0b66-4dc3-a2bf-e9299dc58150>,15.062304496765137,15.062304496765137,16.326183319091797,16.326183319091797
<urn:uuid:63d6f09b-e3fb-4175-8563-9366b44f7b48>,13.314478874206543,13.314478874206543,15.090211868286133,15.090211868286133
<urn:uuid:39c91919-525a-4ac0-8cce-9e9b1a3b2dfa>,11.366535186767578,11.366535186767578,11.366535186767578,11.366535186767578
<urn:uuid:05152344-6be4-494a-befa-09ec0d4fb53d>,16.148195266723633,16.148195266723633,16.148195266723633,16.148195266723633
<urn:uuid:2e9cb687-4926-4c22-aae9-a9cbd8eb2b99>,9.582436561584473,9.582436561584473,9.582436561584473,9.62552547454834
<urn:uuid:4a59b471-557a-4edd-a37f-201eef2a6550>,11.805590629577637,11.805590629577637,13.460346221923828,13.460346221923828
<urn:uuid:69fdeac1-03eb-4010-8efd-d947f1895f47>,14.576334953308105,14.960302352905273,14.960302352905273,14.960302352905273
<urn:uuid:4c0dac36-5f87-4bdb-a6e1-312e15b97861>,16.193788528442383,16.193788528442383,16.193788528442383,16.193788528442383
<urn:uuid:d9683798-5922-4461-b318-ced913e1ed97>,14.875136375427246,17.926393508911133,17.926393508911133,17.926393508911133
<urn:uuid:4d543c82-7419-4af2-b54f-a54c29acbc3d>,11.838655471801758,16.964515686035156,16.964515686035156,16.964515686035156
<urn:uuid:a086b32a-e44a-400a-aa2e-5abbd647e2e6>,14.352818489074707,14.352818489074707,14.352818489074707,16.53911018371582
<urn:uuid:7266a10d-d5e8-49ac-a52c-0c631a12acb1>,11.256270408630371,11.256270408630371,13.597177505493164,13.735686302185059
<urn:uuid:cccce2ec-488b-477a-8cb1-f8535b2594e0>,11.022839546203613,11.022839546203613,13.166950225830078,13.166950225830078
<urn:uuid:54d5199f-7c84-4f26-ae83-7b90337c1947>,12.542966842651367,12.542966842651367,16.471302032470703,16.471302032470703
<urn:uuid:a146807b-0808-445e-a446-c768b48e8cb4>,11.38912296295166,11.38912296295166,16.282793045043945,17.467395782470703
<urn:uuid:195c599b-9edb-48ad-a1b1-16b567b4f121>,11.491279602050781,11.491279602050781,11.847925186157227,15.37417984008789
<urn:uuid:aa0fd28e-5827-4a4d-a708-be1a22d96f75>,13.000893592834473,13.000893592834473,13.693989753723145,13.693989753723145
<urn:uuid:748770ce-2330-4c13-8090-e0ee49541128>,13.42436695098877,16.159706115722656,16.159706115722656,16.159706115722656
<urn:uuid:93da068e-42de-4a37-9807-b5aa1d691c98>,10.467913627624512,10.467913627624512,15.333395004272461,15.333395004272461
<urn:uuid:e8ff1e22-921d-45de-bd73-16ddedea5a73>,10.115365982055664,12.793240547180176,14.231986045837402,14.231986045837402
<urn:uuid:65985281-203d-48f7-ad5c-bd8704b824f6>,12.236446380615234,15.3749418258667,15.3749418258667,15.3749418258667
<urn:uuid:b61e9858-e847-40c7-9917-c365924b4c29>,11.570125579833984,24.242950439453125,24.242950439453125,24.242950439453125
