doc_id,stored,fp32,fp64,ecart
<urn:uuid:a81cf1d0-baa6-4942-a2da-2aa96c863ed0>,19.904321670532227,19.904321670532227,19.90440659297111,8.492243888369444e-05
<urn:uuid:892f8852-5ab3-44cc-9eee-104df5bb4bc3>,16.70947265625,16.70947265625,16.709458053994247,-1.4602255753004556e-05
<urn:uuid:3813f6d7-f960-4904-89a8-d137b28f6bc2>,18.327587127685547,18.327587127685547,18.32762092451019,3.379682464199618e-05
<urn:uuid:e8f22bfb-4011-4530-88a7-7febf55463fc>,18.231155395507812,18.231155395507812,18.231304159254915,0.00014876374710226514
<urn:uuid:afe5037b-5aa8-4fb1-9292-84c5cf8b5373>,19.699905395507812,19.699905395507812,19.70022875771866,0.00032336221084605654
<urn:uuid:2f6f50fd-b8fe-4837-847b-02f8c0ae1009>,18.64191246032715,18.64191246032715,18.64196864493728,5.6184610130571855e-05
<urn:uuid:76ab7540-f5b6-4626-89f0-1d7a2dc29b88>,16.719205856323242,16.719205856323242,16.719161056561248,-4.479976199434077e-05
<urn:uuid:6739e99b-4590-40f2-980a-f4823e9abfda>,18.647626876831055,18.647626876831055,18.647829164746877,0.00020228791582255212
<urn:uuid:8b06d221-8919-46b4-a2be-0b83722c9ea8>,17.741981506347656,17.741981506347656,17.741984394229473,2.887881816349136e-06
<urn:uuid:82d2e350-c6fe-4b5a-b047-075bba15b62f>,17.882526397705078,17.882526397705078,17.882509611418556,-1.67862865225743e-05
<urn:uuid:d9c3d1be-abc7-4d31-8865-75e3aea921b5>,16.55936622619629,16.55936622619629,16.559391835927396,2.560973110732334e-05
<urn:uuid:bf030e80-33ee-4156-a9bc-f76eb2d0c6c7>,17.2917537689209,17.2917537689209,17.29169534470954,-5.84242113568223e-05
<urn:uuid:432d091b-ca6b-451d-a9c4-8d3ba4f301dd>,16.864286422729492,16.864286422729492,16.864367102285062,8.067955556967377e-05
<urn:uuid:a93d5bfa-0b43-4200-aa6c-72591fa3f23d>,16.905651092529297,16.905651092529297,16.905709270254142,5.817772484562056e-05
<urn:uuid:c86d7857-c186-42c7-abed-d992a21fc2a7>,18.260549545288086,18.260549545288086,18.26065086900292,0.00010132371483351221
<urn:uuid:a0db39c8-033d-4faf-a9e0-52a510ff1306>,17.946338653564453,17.946338653564453,17.946481722303627,0.00014306873917391272
<urn:uuid:4eaa33d3-7968-49b3-8896-54dcf03e32ea>,19.33463478088379,19.33463478088379,19.334903073618833,0.00026829273504347384
<urn:uuid:e6059e00-5806-4cb1-834e-18dbe94e57d7>,17.263553619384766,17.263553619384766,17.263612122542813,5.850315804778461e-05
<urn:uuid:7f1c1f95-9902-4e59-aaec-48b8c0de37ab>,16.831501007080078,16.831501007080078,16.83154531666712,4.430958704304544e-05
<urn:uuid:3858ff5c-1107-41ed-b0e4-838c13d687d5>,16.806833267211914,16.806833267211914,16.807106214016105,0.0002729468041913208
<urn:uuid:ea7c78f0-12c7-48b9-ac9f-4c770bb2b5ec>,16.745426177978516,16.745426177978516,16.745454375802993,2.8197824477160793e-05
<urn:uuid:8b806659-a337-4065-934c-941b70f15dbf>,18.31784439086914,18.31784439086914,18.31756189494969,-0.0002824959194498433
<urn:uuid:169fcc28-f7da-43d4-b0c9-422daa57abad>,16.809558868408203,16.809558868408203,16.809657459241684,9.859083348118247e-05
<urn:uuid:54b312c7-174f-482c-9cec-ffd4eeb5b0b8>,17.946781158447266,17.946781158447266,17.94676214961241,-1.9008834854616907e-05
<urn:uuid:16b1066f-2857-4776-89d4-bd80a313fef3>,19.41801643371582,19.41801643371582,19.41803030399297,1.3870277150829224e-05
<urn:uuid:86966ddf-a838-4039-b937-1942fea8b877>,20.434844970703125,20.434844970703125,20.434849891189053,4.9204859280393975e-06
<urn:uuid:2a67190b-0c6e-422c-8a72-7070b6098241>,18.12690544128418,18.12690544128418,18.126941789526704,3.63482425242978e-05
<urn:uuid:ee8a8158-6b48-4164-adb6-0ba49ae761e5>,17.039960861206055,17.039960861206055,17.03951617568429,-0.00044468552176368803
<urn:uuid:ebb5df9e-3317-4533-8251-86f0d620a550>,17.06740951538086,17.06740951538086,17.067195232981774,-0.0002142823990851639
<urn:uuid:191c8034-363c-42cd-98d2-8453bb1a0379>,17.214475631713867,17.214475631713867,17.214632443224083,0.00015681151021595952
<urn:uuid:6285ca09-b8d6-403c-ac39-b290b420fb27>,18.21131706237793,18.21131706237793,18.21174007718275,0.0004230148048200988
<urn:uuid:a7752c2a-c5a1-4a47-8d8a-09c074c19806>,17.71549415588379,17.71549415588379,17.715308912453064,-0.00018524343072456873
<urn:uuid:cf15d9e9-d6e9-4323-878f-fb3c20a6c5c4>,17.197092056274414,17.197092056274414,17.197204946753605,0.00011289047919049722
<urn:uuid:8ff42676-5df2-4577-b0bf-9cf3982ac9ad>,16.492088317871094,16.492088317871094,16.492046442593992,-4.1875277101866004e-05
<urn:uuid:8bd7aec7-2bbf-4d66-8dc5-ef1f5af4e695>,17.070236206054688,17.070236206054688,17.070437651765232,0.00020144571054458993
<urn:uuid:85280042-9263-4fb0-b61b-9f5444ad7574>,17.338253021240234,17.338253021240234,17.338383226043135,0.00013020480290037995
<urn:uuid:18f4c707-2785-4f0a-8a44-2ac2e12b43f5>,20.70880889892578,20.70880889892578,20.708926844648634,0.00011794572285239724
<urn:uuid:2ca8996c-2dd6-4796-b5f8-6aac8e086b34>,16.725894927978516,16.725894927978516,16.725748822183167,-0.00014610579534846124
<urn:uuid:3f03f611-c9b4-4d24-b1ca-81214372001f>,18.101282119750977,18.101282119750977,18.101387596150474,0.00010547639949720633
<urn:uuid:26fd0ce8-f309-4379-a05e-760d6b4a8094>,17.357988357543945,17.357988357543945,17.35804639017029,5.80326263452946e-05
<urn:uuid:a1b871c3-f32b-4021-8516-312c0bfb22f0>,18.21544647216797,18.21544647216797,18.215566689816995,0.00012021764902669929
<urn:uuid:511efcaa-f18c-4b55-bed2-fd3607ee1024>,19.522520065307617,19.522520065307617,19.52259568245494,7.561714732418068e-05
<urn:uuid:2e9fa5b3-f8c5-4a8d-86a1-374519bc86fe>,17.37612533569336,17.37612533569336,17.376222922608978,9.758691561856381e-05
<urn:uuid:4d2ebd6a-47b3-41f6-9e24-91f58305210e>,17.434925079345703,17.434925079345703,17.434762348442852,-0.00016273090285068292
<urn:uuid:9ddcbd8e-2893-40da-89aa-d84216da3d36>,18.432315826416016,18.432315826416016,18.43233775570292,2.1929286905475465e-05
<urn:uuid:74f71cc7-c067-40fa-a723-987a89a0ff7f>,16.563495635986328,16.563495635986328,16.56352288184709,2.7245860760416463e-05
<urn:uuid:907179c9-546d-4fe3-94fe-c8f0a15b16d4>,18.26631736755371,18.26631736755371,18.265951263118907,-0.00036610443480356025
<urn:uuid:ddb5c80d-5042-46e9-9f0f-a8e69a60f818>,17.983251571655273,17.983251571655273,17.983275720359558,2.414870428424365e-05
<urn:uuid:08a2c7aa-a38f-45ac-8759-adcebfe28dc2>,16.69080352783203,16.69080352783203,16.690759335508897,-4.419232313424004e-05
<urn:uuid:8b23d5a5-7572-48ee-8d00-fee17284926f>,17.18732452392578,17.18732452392578,17.18749394318141,0.00016941925562719007
<urn:uuid:92625836-f78f-4b0c-bf8a-94db31fe378a>,19.48349952697754,19.48349952697754,19.483384418661334,-0.00011510831620498152
<urn:uuid:8a4609f1-6d23-4494-978a-8164eaff1345>,19.032819747924805,19.032819747924805,19.032774247453784,-4.550047102114263e-05
<urn:uuid:1cd51937-8d74-47f6-8d74-e62b91acdc48>,21.24793243408203,21.24793243408203,21.247984717150754,5.228306872240296e-05
<urn:uuid:c4bbe438-c940-48b7-a2e2-dffc6a5af764>,17.383108139038086,17.383108139038086,17.383096051781006,-1.2087257079684832e-05
<urn:uuid:adc85132-eda4-4e43-9ed0-e8edd877e644>,22.09506607055664,22.09506607055664,22.095123622568916,5.755201227586326e-05
<urn:uuid:29a6ffb8-c00b-4494-b155-d2527fa94b8e>,17.09563636779785,17.09563636779785,17.096084494431143,0.00044812663329096836
<urn:uuid:f4b17a25-525c-4c75-aee2-38a1e6ffbab0>,18.08869171142578,18.08869171142578,18.0884967080907,-0.00019500333507949108
<urn:uuid:5751467b-9381-4bfe-9213-667b979553a0>,16.496145248413086,16.496145248413086,16.496237954597866,9.270618478041115e-05
<urn:uuid:50d471bb-f07a-4f32-81d4-3063047508c5>,16.82651710510254,16.82651710510254,16.82602928135931,-0.0004878237432279775
<urn:uuid:7ce825e2-1853-460b-9600-4761e47a64f2>,17.285154342651367,17.285154342651367,17.285151920743463,-2.421907904448517e-06
<urn:uuid:303c6668-4f91-4798-a52d-f8d18a0ccc47>,16.829769134521484,16.829769134521484,16.829646436495022,-0.00012269802646258654
<urn:uuid:e182f320-690e-4220-864a-de16fd76963e>,20.336565017700195,20.336565017700195,20.33666224070727,9.722300707437626e-05
<urn:uuid:42d44b8d-05b3-4ac8-be8f-6d323be40f25>,18.8546199798584,18.8546199798584,18.854597807580838,-2.2172277560628117e-05
<urn:uuid:34cee997-d9a3-4653-902e-f4b0b2faa4e1>,17.792186737060547,17.792186737060547,17.792154992541565,-3.174451898146913e-05
<urn:uuid:de36e8bc-75cf-4f00-af94-aa7e952757fd>,16.56875991821289,16.56875991821289,16.56867474397057,-8.517424232223902e-05
<urn:uuid:bf09a210-1ffa-4bd0-b938-27e9f787f02d>,19.608234405517578,19.608234405517578,19.60833756952647,0.000103164008891099
<urn:uuid:e8f97099-c4eb-4a23-be35-a030af5ca634>,17.798004150390625,17.798004150390625,17.79800071066374,-3.439726885545724e-06
<urn:uuid:d809cd13-57b7-4ff5-9b87-7ae1f5b9a36e>,16.94733238220215,16.94733238220215,16.947443752929587,0.00011137072743849785
<urn:uuid:9e7d44ba-8cfe-4ba3-870e-051138391fc6>,16.865549087524414,16.865549087524414,16.86546619471681,-8.28928076046509e-05
<urn:uuid:cc8c79f6-e702-4147-88ab-4539e895f2b6>,17.272382736206055,17.272382736206055,17.272264151051992,-0.0001185851540626004
<urn:uuid:71ae07b3-30af-4a3a-a38e-56a5f1d81c6a>,18.29642105102539,18.29642105102539,18.29641184647395,-9.204551439268016e-06
<urn:uuid:dd45c94f-3c61-4bff-b6d8-8011b7179821>,19.00275421142578,19.00275421142578,19.002725061145718,-2.915028006356124e-05
<urn:uuid:fb8fe78f-3efa-4e06-a0a6-10b7861ce95e>,18.587955474853516,18.587955474853516,18.58802608767969,7.061282617470965e-05
<urn:uuid:f9d76182-aa1a-486a-a323-3105b1dcf396>,17.11541175842285,17.11541175842285,17.115438651066317,2.6892643465004085e-05
<urn:uuid:a1df98d4-59c8-4a88-9226-8a6031e4e1c2>,17.067028045654297,17.067028045654297,17.067428947667896,0.00040090201359888056
<urn:uuid:406ea733-ab7d-4e64-8c8d-89e053bb39d0>,19.985549926757812,19.985549926757812,19.985631644611605,8.171785379218477e-05
<urn:uuid:bf68a3cb-b409-43da-92ff-8cf4a8e0df3c>,16.938138961791992,16.938138961791992,16.937941867868208,-0.00019709392378430834
<urn:uuid:ce94473a-12f4-4244-aefa-68f28727e381>,16.52914047241211,16.52914047241211,16.52901934023841,-0.00012113217369957852
<urn:uuid:dff7ea0e-856c-480e-a451-760c7d4b351e>,17.131855010986328,17.131855010986328,17.132003244316653,0.00014823333032509822
<urn:uuid:1e5d4249-8fe8-4c78-af66-7c873f004278>,16.55942153930664,16.55942153930664,16.559456738379737,3.5199073096237044e-05
<urn:uuid:693317eb-1a98-4424-a67a-b3a0cf765ca6>,17.342464447021484,17.342464447021484,17.342411085805303,-5.336121618171319e-05
<urn:uuid:be57cc74-2103-46bb-a9f6-ad581f7c8902>,18.643613815307617,18.643613815307617,18.64359849059358,-1.5324714038200682e-05
<urn:uuid:08ca8c0e-37d0-4cd5-baa9-179f5fd3392c>,22.62958335876465,22.62958335876465,22.62951098318594,-7.237557870709566e-05
<urn:uuid:f099b993-c416-4751-9c93-6e885d3dfb97>,16.736103057861328,16.736103057861328,16.736136718992682,3.366113135427895e-05
<urn:uuid:90763981-751d-4cb0-bd93-e5583d13efe0>,19.21600341796875,19.21600341796875,19.2163756804513,0.00037226248254995653
<urn:uuid:b907c398-26d3-4745-a567-24c0525753d3>,18.05142593383789,18.05142593383789,18.05162589892207,0.0001999650841781886
<urn:uuid:924a3bf8-cd2c-4e6b-b1ba-cd091b84724f>,16.902746200561523,16.902746200561523,16.902946347431065,0.00020014686954183958
<urn:uuid:c153c847-2a0f-40b7-95ca-aeca97918bdf>,16.741134643554688,16.741134643554688,16.74119736535476,6.27218000737173e-05
<urn:uuid:1a117bb0-cfcf-48f8-b89a-706ac25a2c56>,18.85515022277832,18.85515022277832,18.855051754778547,-9.846799977353271e-05
<urn:uuid:04b450ac-afa3-46ff-a265-0f07c43660a4>,17.666427612304688,17.666427612304688,17.666451589511066,2.3977206378589244e-05
<urn:uuid:30f57206-fcc4-4ab1-8dc5-c1d2c4634f73>,16.977609634399414,16.977609634399414,16.977668047469443,5.841307002896201e-05
<urn:uuid:691e643b-1d81-410c-bc92-875849c06b56>,19.344043731689453,19.344043731689453,19.34381652946696,-0.00022720222249361655
<urn:uuid:c774fc2a-2679-4d61-8ce1-5e40c0f6d082>,18.28506851196289,18.28506851196289,18.28513512475967,6.661279677899756e-05
<urn:uuid:02026d5d-5e77-4b1d-bc76-7a1565d6490d>,18.076791763305664,18.076791763305664,18.076846851906254,5.508860058967002e-05
<urn:uuid:335dbf1c-1aae-47ff-b943-619bf00a9520>,17.196008682250977,17.196008682250977,17.19607765596284,6.897371186198598e-05
<urn:uuid:f2c63cfa-720c-454d-b3ab-7451fc82a350>,18.34214210510254,18.34214210510254,18.342226164031267,8.405892872787035e-05
<urn:uuid:cba326e0-1749-4d20-88d3-2f642fbbcee9>,16.854177474975586,16.854177474975586,16.854155550692674,-2.1924282911811588e-05
<urn:uuid:e7dda316-e209-4963-aa99-ba448a53c83a>,16.93638801574707,16.93638801574707,16.93634492755518,-4.3088191890916505e-05
<urn:uuid:01a8d089-79e2-451d-9e5c-3951ac703465>,17.607667922973633,17.607667922973633,17.607623199814043,-4.4723159589921124e-05
<urn:uuid:91f006fa-11a5-4ba0-91ba-9bbe97416c8b>,22.003646850585938,22.003646850585938,22.003637360306225,-9.490279712309757e-06
<urn:uuid:9797d158-486d-4803-9399-c73ad2109d08>,16.613237380981445,16.613237380981445,16.61316199409836,-7.538688308628139e-05
<urn:uuid:8e2c1348-eca3-4e2a-ace3-5033e97d7be0>,17.575468063354492,17.575468063354492,17.57548160416376,1.3540809266743281e-05
<urn:uuid:f58ed2cb-c972-4579-a089-aef2ab511aee>,17.025375366210938,17.025375366210938,17.025356835151225,-1.853105971250102e-05
<urn:uuid:62fa0303-10a1-4f9f-a8eb-41b44af7761b>,19.77893829345703,19.77893829345703,19.779183183237798,0.00024488978076675494
<urn:uuid:b6ea27b0-531e-4494-8e36-bce2cd40b696>,17.646543502807617,17.646543502807617,17.646653902806353,0.00011039999873574402
<urn:uuid:2573de77-b934-43a9-8abc-833cd25965fb>,17.7750244140625,17.7750244140625,17.775184485777668,0.0001600717151681863
<urn:uuid:44ba4ccb-ec1d-46ae-a025-092744c4b851>,17.34321403503418,17.34321403503418,17.34339662084404,0.00018258580985985873
<urn:uuid:fe24fd09-6924-4505-b279-70a8cc2d798a>,19.408218383789062,19.408218383789062,19.40808700047036,-0.0001313833187026603
<urn:uuid:ad0e8238-af72-4a95-a379-23039ad08f25>,18.6126708984375,18.6126708984375,18.612699334938807,2.843650130657238e-05
<urn:uuid:375a5f17-ae55-408d-90e7-c839e2337d8d>,18.49097442626953,18.49097442626953,18.490889814101845,-8.461216768651525e-05
<urn:uuid:c177eba9-4dfc-4c2d-a417-085a332b8314>,17.124784469604492,17.124784469604492,17.124773410250295,-1.1059354196873983e-05
<urn:uuid:381c7247-a737-4f79-adcc-fd8e9be7bd16>,16.74961280822754,16.74961280822754,16.749651657893025,3.884966548639568e-05
<urn:uuid:78a95f51-c4c1-4962-a19e-65d4b5715a2b>,18.03512954711914,18.03512954711914,18.035274153184865,0.00014460606572441748
<urn:uuid:d7bea3c5-0ef6-4301-be51-238653d239a4>,16.755340576171875,16.755340576171875,16.755473743064098,0.000133166892222647
<urn:uuid:baba9777-9691-42ed-94dd-f80ece0f9b85>,18.239990234375,18.239990234375,18.23991400218717,-7.623218782981667e-05
<urn:uuid:c5134a49-eaf5-42a4-84d4-9c8fab539d01>,18.876296997070312,18.876296997070312,18.87624158015586,-5.541691445287711e-05
<urn:uuid:4d0620be-2da1-4d7f-8107-32f2f51a5236>,16.694316864013672,16.694316864013672,16.694323415326025,6.551312353053618e-06
<urn:uuid:5bd731a9-e51a-4e4d-9769-24b9fa8907df>,20.087907791137695,20.087907791137695,20.0880111276493,0.00010333651160365775
<urn:uuid:67ddea49-2acc-4b37-8e24-b4b6f36e9db9>,18.010570526123047,18.010570526123047,18.010350436196294,-0.00022008992675282002
<urn:uuid:24c584d5-43b4-4919-8fb4-eaac986f62d1>,21.43311309814453,21.43311309814453,21.432900413583134,-0.00021268456139722502
<urn:uuid:475a890a-73e4-40cf-af91-1b021f22ffe6>,17.069345474243164,17.069345474243164,17.068999318045872,-0.0003461561972919469
<urn:uuid:e7586136-2f13-4b5c-b0b3-8f9df0636a7a>,17.43248748779297,17.43248748779297,17.432394592817857,-9.289497511133504e-05
<urn:uuid:2728042d-8df4-4529-8f6f-afa5737dd0e6>,16.57368278503418,16.57368278503418,16.573490639312286,-0.00019214572189341084
<urn:uuid:05ced341-1f0c-4c84-a02b-eda4e7f4e992>,19.339120864868164,19.339120864868164,19.33922189813373,0.00010103326556532011
<urn:uuid:c3f67264-6d9b-4b81-8d2a-2b072167f5c8>,16.52545738220215,16.52545738220215,16.525453619990184,-3.7622119641866902e-06
<urn:uuid:293ca421-829a-4224-ba2a-e8e7f08310b6>,18.761886596679688,18.761886596679688,18.7618826850169,-3.911662787459136e-06
<urn:uuid:a52636e5-065d-49f2-8485-7f1b8393ea69>,16.59727668762207,16.59727668762207,16.597208373641017,-6.831398105333619e-05
<urn:uuid:0777766e-f3aa-4872-a238-bb1ec6f04610>,17.656862258911133,17.656862258911133,17.65692754550076,6.528658962778877e-05
<urn:uuid:733f3ba8-3f3d-42cf-946a-9f23e516d0cf>,17.276079177856445,17.276079177856445,17.27620091056534,0.00012173270889448418
<urn:uuid:20a80818-46d5-4b47-a59c-029f02476727>,17.086095809936523,17.086095809936523,17.086061457933457,-3.4352003066118186e-05
<urn:uuid:2c159f7a-539b-486c-b78b-88d85fef6d9e>,18.12514877319336,18.12514877319336,18.12513210836202,-1.6664831338886188e-05
<urn:uuid:271d3d9c-0724-4b71-ac4b-00ab0ff92074>,16.767545700073242,16.767545700073242,16.7677174687646,0.00017176869135937523
<urn:uuid:e77c56f9-8dbb-4537-92a0-a1c0c9661460>,16.760679244995117,16.760679244995117,16.76059731882985,-8.192616526869756e-05
<urn:uuid:d9683798-5922-4461-b318-ced913e1ed97>,17.926393508911133,17.926393508911133,17.92661935316871,0.00022584425757798954
<urn:uuid:4d543c82-7419-4af2-b54f-a54c29acbc3d>,16.964515686035156,16.964515686035156,16.964517910893747,2.224858590693657e-06
<urn:uuid:7a73daee-e1f2-4591-bfc2-310a2adeb4d1>,17.607900619506836,17.607900619506836,17.607879510260318,-2.110924651788082e-05
<urn:uuid:20d04fd3-b8c0-4864-8476-ba4e98d605d5>,17.086395263671875,17.086395263671875,17.086359969519144,-3.529415273106906e-05
<urn:uuid:e22373b9-e0d1-40c6-8af3-5043c0176813>,17.8000545501709,17.8000545501709,17.800046139319722,-8.410851176421374e-06
<urn:uuid:b61e9858-e847-40c7-9917-c365924b4c29>,24.242950439453125,24.242950439453125,24.243239509401825,0.00028906994869970504
<urn:uuid:4b500524-f6eb-448b-9c65-02df2462628d>,16.505996704101562,16.505996704101562,16.505938239039228,-5.846506233453397e-05
<urn:uuid:e6fa4631-78c5-427d-8541-8609943664aa>,17.727636337280273,17.727636337280273,17.727454944844315,-0.00018139243595882704
<urn:uuid:eddacd6d-f3b8-4104-9670-0249f759a035>,17.96101951599121,17.96101951599121,17.960998979853507,-2.053613770414131e-05
<urn:uuid:58b2eceb-65a2-4ed1-81d8-99c539939631>,17.47282600402832,17.47282600402832,17.472910292661265,8.428863294440703e-05
<urn:uuid:a2881179-0f2f-4098-8070-03524e0be2e1>,19.394920349121094,19.394920349121094,19.39508286387939,0.0001625147582977604
<urn:uuid:c6db02fd-3598-4534-93d3-b2bbd91ae1cc>,18.858728408813477,18.858728408813477,18.858937145976235,0.00020873716275815468
<urn:uuid:756bc7e3-5649-4c0e-9887-3e0a0a84e0f5>,17.781787872314453,17.781787872314453,17.781562694528564,-0.00022517778588948545
<urn:uuid:f4ea3433-bbdc-44fd-9a48-5a4d5162fbc4>,17.569507598876953,17.569507598876953,17.569205025607594,-0.0003025732693586747
<urn:uuid:fa30bd50-71be-4cf0-8da9-9d4ed30bb50e>,17.670942306518555,17.670942306518555,17.670929516463218,-1.279005533660893e-05
<urn:uuid:b560da43-b57e-4733-bfb7-fd791c44d932>,18.79883575439453,18.79883575439453,18.798792949538367,-4.280485616448004e-05
<urn:uuid:3a5b1935-a912-4935-9dc4-3d16817dd5d4>,17.1441593170166,17.1441593170166,17.144101865546897,-5.7451469704261626e-05
<urn:uuid:aa5681bc-813a-4de1-9ffd-e00c81078d92>,17.05841064453125,17.05841064453125,17.058305590848455,-0.00010505368279467575
<urn:uuid:211a5b12-5a1d-44c6-825a-cf8ce5fd2f2a>,17.04348373413086,17.04348373413086,17.0435027683611,1.9034230241743444e-05
<urn:uuid:1d119e06-85a6-40ba-b739-ce48c8d1bdbe>,18.099199295043945,18.099199295043945,18.099187389182124,-1.1905861821759345e-05
<urn:uuid:7221c919-57c4-43e1-9351-decce5add342>,17.299184799194336,17.299184799194336,17.299997042606844,0.0008122434125077405
<urn:uuid:903c40b0-a40f-425e-91e9-29cb344c8d6a>,17.225753784179688,17.225753784179688,17.225559022272975,-0.0001947619067124151
<urn:uuid:b11fe3e9-75fd-46f7-84db-eb4f577b202e>,17.67428207397461,17.67428207397461,17.67398040947007,-0.0003016645045406108
<urn:uuid:9458e603-8064-45f6-ab63-43ba6d07104f>,17.0554256439209,17.0554256439209,17.055344926785796,-8.071713510204859e-05
<urn:uuid:92f19c2b-2285-4282-9d59-e09192d7ee54>,16.942323684692383,16.942323684692383,16.942255442223903,-6.824246847969562e-05
<urn:uuid:2612b981-7f4c-4a3f-bdd5-73b8ca98aac0>,16.602619171142578,16.602619171142578,16.602982422521134,0.0003632513785554181
<urn:uuid:d66ec5da-ab18-4a5a-9a0f-53d569a5eb5e>,16.54632568359375,16.54632568359375,16.54635522561669,2.9542022939921253e-05
<urn:uuid:f29a51a1-26bb-4163-ad01-20d04b18ceef>,18.483823776245117,18.483823776245117,18.483828006391594,4.230146476658092e-06
<urn:uuid:05c2d07d-f9df-46fc-a613-0fee5588f2b5>,18.42645835876465,18.42645835876465,18.42614689863219,-0.0003114601324583077
<urn:uuid:4a58a570-fac2-4b3a-bf8a-4e06a1fa2b5b>,17.458087921142578,17.458087921142578,17.45798531494642,-0.00010260619615820588
<urn:uuid:15689f70-14e3-4493-9d9b-9491e7d83d5a>,21.448829650878906,21.448829650878906,21.44897287785737,0.00014322697846225196
<urn:uuid:06758f83-6f95-43cd-9e75-fc703d62dd85>,16.95260238647461,16.95260238647461,16.95253015128198,-7.223519262922196e-05
<urn:uuid:af6326c5-4a0a-4112-86fb-13f43f156ace>,16.695556640625,16.695556640625,16.695504335176373,-5.230544862655506e-05
<urn:uuid:449c9591-d964-4fd0-8792-9d2bafc14fc3>,17.87296485900879,17.87296485900879,17.873144588118613,0.00017972910982422263
<urn:uuid:1fabc401-39ae-4a29-8231-deb5d593a349>,16.822568893432617,16.822568893432617,16.82247575239379,-9.314103882829272e-05
<urn:uuid:330f915a-a0fb-4324-8cd4-cd7ac81e16e0>,17.347702026367188,17.347702026367188,17.34766358192352,-3.8444443667629e-05
<urn:uuid:84bf9e36-46f9-4870-9fbd-3de86dc37c16>,17.10318374633789,17.10318374633789,17.10346007341773,0.00027632707983826776
<urn:uuid:cf2abb97-07cf-4c89-abc7-1a73f5a77f7c>,16.915584564208984,16.915584564208984,16.915620932410814,3.636820182961742e-05
<urn:uuid:354e40db-ac7e-4af2-8406-f6630f567fa1>,18.088319778442383,18.088319778442383,18.088301778095044,-1.8000347338897882e-05
<urn:uuid:84b847a5-d7cb-4e45-930c-be40b1975ea2>,17.294780731201172,17.294780731201172,17.29492959096581,0.0001488597646392975
<urn:uuid:28636f18-c26e-466e-a1ce-6b76a3f5ff8b>,16.71426010131836,16.71426010131836,16.71420943173628,-5.0669582080331566e-05
<urn:uuid:a94f3a0f-a0c8-4f00-bb0f-e0670d929e8a>,18.177858352661133,18.177858352661133,18.177625082196588,-0.00023327046454468814
<urn:uuid:ac7e7b2c-8f14-4875-b49c-c6226573411b>,18.38910675048828,18.38910675048828,18.38906786283509,-3.888765319004506e-05
<urn:uuid:fba6a6e4-4751-44c4-bcb6-20c0ddaddfaf>,16.555105209350586,16.555105209350586,16.554960954730173,-0.00014425462041245396
<urn:uuid:b1fe0504-c418-4d6e-936f-1b769baba2c0>,17.405170440673828,17.405170440673828,17.405216888023315,4.644734948655582e-05
<urn:uuid:8aa248f1-2b95-4d97-a975-6c5f0d0c6215>,16.831584930419922,16.831584930419922,16.83124744583067,-0.0003374845892523126
<urn:uuid:0dd9f71f-2115-43ab-9f9b-645fccb36116>,16.542491912841797,16.542491912841797,16.54251075102981,1.88381880121824e-05
<urn:uuid:d1da7ca1-f195-4eae-b174-b3993f478a6b>,17.854249954223633,17.854249954223633,17.854344990451008,9.503622737483397e-05
<urn:uuid:d71412f2-40a7-435f-8d83-c6473b404a79>,18.286577224731445,18.286577224731445,18.28656850055296,-8.724178485408629e-06
<urn:uuid:4589581c-ca99-4ea2-802b-b6ab64c5df3f>,16.603290557861328,16.603290557861328,16.603230918737925,-5.963912340334332e-05
<urn:uuid:f1b10c03-63c1-4ce5-89e8-2d240fffd66b>,19.938568115234375,19.938568115234375,19.938531003167764,-3.7112066610944794e-05
<urn:uuid:a75af7fe-1494-4a80-a2b1-4d13d56a16ed>,20.110605239868164,20.110605239868164,20.11046267491963,-0.0001425649485327085
<urn:uuid:d7087404-5697-4893-b2d7-ff6cdbe44db8>,17.661115646362305,17.661115646362305,17.661167844882325,5.219852002014136e-05
<urn:uuid:8f5a250f-f803-4bd2-8ec8-a176fb0f7cbf>,16.93735122680664,16.93735122680664,16.93732861378592,-2.261302072170679e-05
<urn:uuid:ead276c4-7dfb-494b-a93e-5c8a24c0fcbd>,17.933996200561523,17.933996200561523,17.93395511574203,-4.108481949316456e-05
<urn:uuid:ebc7770b-4d8b-460b-9e47-30492dc4baf1>,17.433568954467773,17.433568954467773,17.433436342088,-0.00013261237977246765
<urn:uuid:cbb4808e-0414-4e7d-ad22-aa89dac6aab7>,18.27852439880371,18.27852439880371,18.278264103583766,-0.0002602952199453057
<urn:uuid:d72d5b17-0ea5-4438-9100-2009292c688b>,20.397911071777344,20.397911071777344,20.39775565843823,-0.00015541333911528454
<urn:uuid:2099b2e2-b825-467c-b1b5-0c53da5e5f6a>,16.533611297607422,16.533611297607422,16.53339694962742,-0.00021434798000186106
<urn:uuid:e77832b3-84bd-46ff-abc1-b499c013e06f>,16.568517684936523,16.568517684936523,16.56784305207912,-0.0006746328574038785
<urn:uuid:f51944e1-6360-4e84-8eba-573275d28c0f>,16.932355880737305,16.932355880737305,16.932308360120025,-4.7520617279417365e-05
<urn:uuid:9695a5b7-f3a1-484b-9f83-91d615c98c23>,18.34726333618164,18.34726333618164,18.347450386817357,0.00018705063571644587
<urn:uuid:fcf986e0-18bd-4976-b93f-1742f8676c5a>,19.165616989135742,19.165616989135742,19.165660887941208,4.389880546540326e-05
<urn:uuid:e17a8719-d3fb-44af-9b5c-5019bf0021a6>,17.588775634765625,17.588775634765625,17.588765751377416,-9.883388209175337e-06
<urn:uuid:735c3d31-aca6-49d7-9879-dc962ac29dec>,16.69400978088379,16.69400978088379,16.69370798276167,-0.00030179812211983403
<urn:uuid:d15d4452-90f1-493e-88ca-9481a2580486>,17.09326934814453,17.09326934814453,17.093495636651973,0.00022628850744155216
<urn:uuid:541fb627-9700-4729-b255-65ad721207df>,18.395244598388672,18.395244598388672,18.395079111477735,-0.00016548691093731804
