"model","p","replicate","exact_score_ties","n_inf","tied_coords_amin","n_distinct_amin","cross4","mixed4","grp4","cross20","mixed20","grp20","old_rmax","old_t4g","old_t4s","old_t24s","fav_rmax","fav_t4g","fav_t4s","fav_t24s","adv_rmax","adv_t4g","adv_t4s","adv_t24s","rnd_rmax","rnd_t4g","rnd_t4s","rnd_t24s","new_rmax","new_t4g","new_t4s","new_t24s","sel_old_rmax","sel_new_rmax","sel_ties_differ"
"A1",500,1,0,0,392,253,0,0,3,1,0,5,4,4,0,1,4,4,0,1,4,4,0,1,4,4,0,1,4,4,0,1,8,8,FALSE
"A1",500,2,0,0,369,258,0,0,1,0,0,5,4,4,0,0,4,4,0,0,4,4,0,0,4,4,0,0,4,4,0,0,4,4,FALSE
"A1",500,3,0,0,365,272,1,1,4,0,0,5,4,4,0,0,4,4,0,0,7,3,0,0,5,3,0,0,4,4,0,0,4,4,FALSE
"A1",500,4,0,0,347,283,0,0,2,1,0,5,4,4,0,2,4,4,0,2,4,4,0,2,4,4,0,2,4,4,0,2,4,4,FALSE
"A1",500,5,0,0,354,284,0,0,1,1,0,4,4,4,0,0,4,4,0,0,4,4,0,0,4,4,0,0,4,4,0,0,4,4,FALSE
"A1",500,6,0,0,353,281,0,0,1,0,0,2,4,4,0,2,4,4,0,2,4,4,0,2,4,4,0,2,4,4,0,2,8,8,FALSE
"A1",500,7,0,0,336,290,1,1,3,1,0,4,4,4,0,1,4,4,0,1,5,3,1,1,5,3,1,1,4,4,0,1,4,4,FALSE
"A1",500,8,0,0,350,286,0,0,1,1,0,5,4,4,0,1,4,4,0,1,4,4,0,1,4,4,0,1,4,4,0,1,4,4,FALSE
"A1",500,9,0,0,342,293,0,0,1,1,0,3,4,4,0,2,4,4,0,2,4,4,0,2,4,4,0,2,4,4,0,2,4,4,FALSE
"A1",500,10,0,0,348,287,0,0,3,0,0,2,4,4,0,0,4,4,0,0,4,4,0,0,4,4,0,0,4,4,0,0,4,4,FALSE
"A1",500,11,0,0,382,261,0,0,1,1,0,4,5,3,0,0,5,3,0,0,5,3,0,0,5,3,0,0,5,3,0,0,4,4,FALSE
"A1",500,12,0,0,383,260,0,0,2,1,0,4,4,4,0,2,4,4,0,2,4,4,0,2,4,4,0,2,4,4,0,2,4,4,FALSE
"A1",500,13,0,0,343,289,0,0,2,1,0,4,4,4,0,0,4,4,0,0,4,4,0,0,4,4,0,0,4,4,0,0,4,4,FALSE
"A1",500,14,0,0,380,262,0,0,2,1,0,5,4,4,0,2,4,4,0,2,4,4,0,2,4,4,0,2,4,4,0,2,4,4,FALSE
"A1",500,15,0,0,363,270,0,0,1,1,0,7,4,4,0,2,4,4,0,2,4,4,0,2,4,4,0,2,4,4,0,2,4,4,FALSE
"A1",500,16,0,0,374,262,1,0,6,1,0,6,10,3,0,0,10,3,0,0,11,3,0,0,10,3,0,0,11,3,0,0,10,10,FALSE
"A1",500,17,0,0,378,261,0,0,1,0,0,2,4,4,0,2,4,4,0,2,4,4,0,2,4,4,0,2,4,4,0,2,4,4,FALSE
"A1",500,18,0,0,367,271,1,1,5,1,0,6,8,3,0,0,8,3,0,0,11,2,0,0,9,2,0,0,9,3,0,0,4,4,FALSE
"A1",500,19,0,0,378,264,0,0,2,1,0,7,4,4,0,0,4,4,0,0,4,4,0,0,4,4,0,0,4,4,0,0,74,74,FALSE
"A1",500,20,0,0,344,288,0,0,1,1,0,3,31,3,0,1,31,3,0,1,32,3,0,1,32,3,0,1,31,3,0,1,116,116,FALSE
"A1",500,21,0,0,357,274,1,1,2,1,0,5,4,4,0,3,4,4,0,3,5,3,0,3,5,3,0,3,4,4,0,3,4,4,FALSE
"A1",500,22,0,0,357,279,0,0,2,0,0,4,4,4,0,1,4,4,0,1,4,4,0,1,4,4,0,1,4,4,0,1,4,4,FALSE
"A1",500,23,0,0,377,260,1,0,2,1,0,6,6,3,0,2,6,3,0,2,8,3,0,2,7,3,0,2,6,3,0,2,4,4,FALSE
"A1",500,24,0,0,368,267,0,0,2,0,0,5,4,4,0,1,4,4,0,1,4,4,0,1,4,4,0,1,4,4,0,1,4,4,FALSE
"A1",500,25,0,0,375,256,0,0,1,1,0,6,4,4,0,1,4,4,0,1,4,4,0,1,4,4,0,1,4,4,0,1,4,4,FALSE
"B1",500,1,0,0,378,266,0,0,3,0,0,5,5,3,1,8,5,3,1,8,5,3,1,8,5,3,1,8,5,3,1,7,6,6,FALSE
"B1",500,2,0,0,329,305,0,0,1,0,0,4,12,3,0,2,12,3,0,2,13,3,0,2,12,3,0,2,12,3,0,2,37,37,FALSE
"B1",500,3,0,0,351,280,0,0,1,1,0,5,5,3,0,2,5,3,0,2,8,3,0,2,7,3,0,2,5,3,0,2,18,18,FALSE
"B1",500,4,0,0,369,271,0,0,4,1,0,4,8,2,2,6,8,2,2,6,9,2,2,6,8,2,2,6,8,2,2,6,13,13,FALSE
"B1",500,5,0,0,361,282,0,0,2,1,0,3,4,4,0,2,4,4,0,2,4,4,0,2,4,4,0,2,4,4,0,2,4,4,FALSE
"B1",500,6,0,0,374,266,1,1,4,1,0,3,5,3,0,0,5,3,0,0,7,2,0,0,7,2,0,0,5,3,0,0,4,4,FALSE
"B1",500,7,0,0,363,282,1,1,5,1,0,4,4,4,0,0,4,4,0,0,5,3,0,0,4,4,0,0,5,3,0,0,6,6,FALSE
"B1",500,8,0,0,382,261,0,0,3,0,0,2,4,4,0,3,4,4,0,3,4,4,0,3,4,4,0,3,4,4,0,3,6,6,FALSE
"B1",500,9,0,0,339,290,0,0,2,1,0,5,4,4,0,2,4,4,0,2,4,4,0,2,4,4,0,2,4,4,0,2,4,4,FALSE
"B1",500,10,0,0,382,264,0,0,1,1,0,4,9,3,0,0,9,3,0,0,12,3,0,0,11,3,0,0,10,3,0,0,92,92,FALSE
"B1",500,11,0,0,371,267,1,0,2,1,0,5,5,3,1,10,5,3,1,10,5,3,1,10,5,3,1,9,5,3,1,9,4,4,FALSE
"B1",500,12,0,0,380,254,1,0,2,0,0,3,6,3,1,4,6,3,1,4,13,3,1,4,7,3,0,4,9,3,1,4,29,29,FALSE
"B1",500,13,0,0,353,284,0,0,1,1,0,4,4,4,0,4,4,4,0,4,4,4,0,4,4,4,0,3,4,4,0,4,4,4,FALSE
"B1",500,14,0,0,355,281,1,1,2,1,0,5,4,4,0,4,4,4,0,4,5,3,0,4,4,4,0,4,4,4,0,4,4,4,FALSE
"B1",500,15,0,0,373,267,0,0,1,1,0,4,4,4,0,1,4,4,0,1,4,4,0,1,4,4,0,1,4,4,0,1,4,4,FALSE
"B1",500,16,0,0,357,277,1,1,3,1,0,3,4,4,0,3,4,4,0,3,6,3,1,3,4,4,0,3,4,4,0,3,5,5,FALSE
"B1",500,17,0,0,355,271,1,1,3,1,0,3,4,4,0,6,4,4,0,6,6,3,1,6,4,4,0,5,4,4,0,5,6,6,FALSE
"B1",500,18,0,0,366,279,0,0,3,1,0,7,4,4,0,5,4,4,0,5,4,4,0,5,4,4,0,5,4,4,0,4,7,7,FALSE
"B1",500,19,0,0,345,291,1,1,3,0,0,1,9,3,1,10,9,3,1,10,12,2,2,10,10,2,2,10,10,3,1,10,6,6,FALSE
"B1",500,20,0,0,357,274,0,0,1,0,0,2,4,4,0,2,4,4,0,2,4,4,0,2,4,4,0,2,4,4,0,2,4,4,FALSE
"B1",500,21,0,0,353,280,0,0,1,0,0,3,5,3,0,1,5,3,0,1,8,3,0,1,7,3,0,1,6,3,0,1,12,12,FALSE
"B1",500,22,0,0,379,262,1,1,4,1,0,3,7,3,1,6,7,3,1,6,7,2,1,6,7,3,0,6,7,3,1,5,6,6,FALSE
"B1",500,23,0,0,361,278,0,0,3,1,0,3,4,4,0,2,4,4,0,2,4,4,0,2,4,4,0,2,4,4,0,1,47,47,FALSE
"B1",500,24,0,0,342,282,1,1,3,1,0,3,4,4,0,1,4,4,0,1,5,3,0,1,5,3,0,1,4,4,0,1,37,37,FALSE
"B1",500,25,0,0,377,261,1,1,5,0,0,4,4,4,0,3,4,4,0,3,6,2,0,3,6,3,0,3,4,4,0,2,4,4,FALSE
"A2",500,1,0,0,379,256,0,0,1,1,0,3,5,3,0,0,5,3,0,0,8,3,0,0,7,3,0,0,5,3,0,0,37,37,FALSE
"A2",500,2,0,0,382,264,0,0,2,1,0,4,4,4,0,1,4,4,0,1,4,4,0,1,4,4,0,1,4,4,0,1,4,4,FALSE
"A2",500,3,0,0,384,250,1,1,4,0,0,4,6,3,0,1,6,3,0,1,7,2,0,1,7,2,0,1,6,3,0,0,5,5,FALSE
"A2",500,4,0,0,379,256,1,1,4,1,0,4,4,4,0,1,4,4,0,1,6,2,0,1,6,3,0,1,4,4,0,1,57,57,FALSE
"A2",500,5,0,0,380,259,0,0,4,1,0,6,5,3,0,1,5,3,0,1,5,3,0,1,5,3,0,1,5,3,0,1,44,44,FALSE
"A2",500,6,0,0,370,266,0,0,2,1,0,5,5,3,0,0,5,3,0,0,7,3,0,0,7,3,0,0,5,3,0,0,6,6,FALSE
"A2",500,7,0,0,365,267,1,1,5,0,0,2,8,3,1,3,8,3,1,3,14,2,1,3,12,3,0,3,9,2,0,3,8,8,FALSE
"A2",500,8,0,0,400,238,1,1,4,0,0,4,23,3,1,1,23,3,1,1,29,2,1,1,27,2,0,1,24,3,0,1,44,44,FALSE
"A2",500,9,0,0,382,251,0,0,1,0,0,4,7,2,0,0,7,2,0,0,12,2,0,0,11,2,0,0,7,2,0,0,4,4,FALSE
"A2",500,10,0,0,371,256,1,1,2,1,0,6,9,3,0,0,9,3,0,0,15,2,0,0,14,3,0,0,9,3,0,0,15,15,FALSE
"A2",500,11,0,0,377,255,0,0,4,1,0,3,28,3,0,0,28,3,0,0,31,3,0,0,29,3,0,0,30,3,0,0,13,13,FALSE
"A2",500,12,0,0,388,244,0,0,4,1,0,7,5,3,1,1,5,3,1,1,8,3,1,1,5,3,1,1,5,3,1,1,13,13,FALSE
"A2",500,13,0,0,375,265,0,0,2,0,0,3,4,4,0,1,4,4,0,1,4,4,0,1,4,4,0,0,4,4,0,0,23,23,FALSE
"A2",500,14,0,0,370,262,0,0,1,1,0,4,10,2,0,0,10,2,0,0,11,2,0,0,11,2,0,0,10,2,0,0,185,185,FALSE
"A2",500,15,0,0,380,261,1,1,5,1,0,5,22,3,0,3,22,3,0,3,25,1,0,3,24,2,0,3,22,3,0,2,173,173,FALSE
"A2",500,16,0,0,385,255,0,0,4,0,0,5,4,4,0,1,4,4,0,1,4,4,0,1,4,4,0,1,4,4,0,1,4,4,FALSE
"A2",500,17,0,0,367,265,1,1,5,1,0,3,7,3,0,2,7,3,0,2,11,1,0,2,8,1,0,1,8,3,0,2,5,5,FALSE
"A2",500,18,0,0,396,248,1,0,2,1,0,4,5,3,0,0,5,3,0,0,5,3,0,0,5,3,0,0,5,3,0,0,4,4,FALSE
"A2",500,19,0,0,373,261,1,0,3,1,0,4,9,2,1,2,9,2,1,2,13,2,1,2,10,2,0,2,10,2,1,2,10,10,FALSE
"A2",500,20,0,0,383,246,0,0,1,1,0,4,47,3,0,0,47,3,0,0,51,3,0,0,47,3,0,0,51,3,0,0,26,26,FALSE
"A2",500,21,0,0,386,242,1,1,2,1,0,5,7,2,0,1,7,2,0,1,9,1,0,1,7,1,0,1,9,2,0,1,10,10,FALSE
"A2",500,22,0,0,389,248,1,1,3,1,0,6,6,3,0,0,6,3,0,0,10,2,0,0,7,3,0,0,9,3,0,0,4,4,FALSE
"A2",500,23,0,0,400,236,0,0,1,1,0,5,5,3,0,2,5,3,0,2,8,3,0,2,6,3,0,2,5,3,0,2,4,4,FALSE
"A2",500,24,0,0,378,258,0,0,1,1,0,4,8,3,0,0,8,3,0,0,12,3,0,0,9,3,0,0,10,3,0,0,12,12,FALSE
"A2",500,25,0,0,374,262,1,1,4,0,0,1,7,3,0,0,7,3,0,0,10,1,0,0,8,2,0,0,7,2,0,0,4,4,FALSE
"A3",500,1,0,0,364,262,0,0,1,1,0,6,4,4,0,1,4,4,0,1,4,4,0,1,4,4,0,1,4,4,0,1,4,4,FALSE
"A3",500,2,0,0,362,275,0,0,2,1,0,4,4,4,0,1,4,4,0,1,4,4,0,1,4,4,0,1,4,4,0,1,7,7,FALSE
"A3",500,3,0,0,377,265,0,0,1,0,0,5,4,4,0,2,4,4,0,2,4,4,0,2,4,4,0,2,4,4,0,2,4,4,FALSE
"A3",500,4,0,0,383,254,1,1,4,1,0,3,4,4,0,0,4,4,0,0,7,3,0,0,4,4,0,0,6,3,0,0,16,16,FALSE
"A3",500,5,0,0,364,276,1,1,3,1,0,5,6,3,0,1,6,3,0,1,7,2,0,1,7,3,0,1,6,3,0,1,4,4,FALSE
"A3",500,6,0,0,355,278,0,0,1,1,0,4,4,4,0,1,4,4,0,1,4,4,0,1,4,4,0,1,4,4,0,1,4,4,FALSE
"A3",500,7,0,0,377,256,0,0,3,1,0,7,4,4,0,2,4,4,0,2,4,4,0,2,4,4,0,2,4,4,0,2,13,13,FALSE
"A3",500,8,0,0,359,275,0,0,1,1,0,4,4,4,0,0,4,4,0,0,4,4,0,0,4,4,0,0,4,4,0,0,4,4,FALSE
"A3",500,9,0,0,370,260,1,1,4,1,0,4,4,4,0,1,4,4,0,1,7,3,0,1,5,3,0,1,4,4,0,1,4,4,FALSE
"A3",500,10,0,0,359,272,0,0,1,1,0,5,4,4,0,0,4,4,0,0,4,4,0,0,4,4,0,0,4,4,0,0,4,4,FALSE
"A3",500,11,0,0,389,248,0,0,2,1,0,3,4,4,0,0,4,4,0,0,4,4,0,0,4,4,0,0,4,4,0,0,4,4,FALSE
"A3",500,12,0,0,367,259,0,0,1,1,0,4,4,4,0,1,4,4,0,1,4,4,0,1,4,4,0,1,4,4,0,1,4,4,FALSE
"A3",500,13,0,0,360,281,0,0,2,1,0,2,4,4,0,0,4,4,0,0,4,4,0,0,4,4,0,0,4,4,0,0,4,4,FALSE
"A3",500,14,0,0,392,245,0,0,2,1,0,7,4,4,0,0,4,4,0,0,4,4,0,0,4,4,0,0,4,4,0,0,4,4,FALSE
"A3",500,15,0,0,374,261,0,0,1,1,0,4,5,3,0,2,5,3,0,2,9,3,0,2,5,3,0,2,5,3,0,2,4,4,FALSE
"A3",500,16,0,0,395,248,1,1,4,1,0,4,4,4,0,0,4,4,0,0,6,2,0,0,5,3,0,0,4,4,0,0,4,4,FALSE
"A3",500,17,0,0,349,285,1,1,2,1,0,3,4,4,0,1,4,4,0,1,5,3,1,1,5,3,1,1,4,4,0,1,4,4,FALSE
"A3",500,18,0,0,366,266,0,0,4,0,0,4,4,4,0,0,4,4,0,0,4,4,0,0,4,4,0,0,4,4,0,0,4,4,FALSE
"A3",500,19,0,0,373,264,0,0,2,1,0,4,4,4,0,0,4,4,0,0,4,4,0,0,4,4,0,0,4,4,0,0,4,4,FALSE
"A3",500,20,0,0,378,256,0,0,2,0,0,4,5,3,0,1,5,3,0,1,9,3,0,1,5,3,0,1,6,3,0,1,23,23,FALSE
"A3",500,21,0,0,378,256,1,1,6,1,0,3,4,4,0,3,4,4,0,3,9,3,0,3,9,3,0,2,4,4,0,2,4,4,FALSE
"A3",500,22,0,0,379,254,1,1,5,1,0,6,4,4,0,2,4,4,0,2,8,3,1,2,7,3,0,2,4,4,0,2,38,38,FALSE
"A3",500,23,0,0,383,258,1,1,2,0,0,3,4,4,0,0,4,4,0,0,5,3,0,0,4,4,0,0,4,4,0,0,4,4,FALSE
"A3",500,24,0,0,382,258,0,0,1,0,0,3,4,4,0,1,4,4,0,1,4,4,0,1,4,4,0,1,4,4,0,1,4,4,FALSE
"A3",500,25,0,0,368,272,0,0,3,1,0,5,5,3,0,0,5,3,0,0,8,3,0,0,6,3,0,0,5,3,0,0,14,14,FALSE
"A1",1000,1,0,0,710,554,1,1,3,1,0,6,4,4,0,0,4,4,0,0,6,3,0,0,5,3,0,0,6,3,0,0,4,4,FALSE
"A1",1000,2,0,0,748,516,0,0,1,1,0,5,4,4,0,0,4,4,0,0,4,4,0,0,4,4,0,0,4,4,0,0,4,4,FALSE
"A1",1000,3,0,0,735,532,0,0,1,1,0,6,4,4,0,0,4,4,0,0,4,4,0,0,4,4,0,0,4,4,0,0,4,4,FALSE
"A1",1000,4,0,0,762,510,0,0,1,1,0,6,4,4,0,1,4,4,0,1,4,4,0,1,4,4,0,1,4,4,0,1,4,4,FALSE
"A1",1000,5,0,0,722,551,0,0,1,1,0,2,4,4,0,0,4,4,0,0,4,4,0,0,4,4,0,0,4,4,0,0,4,4,FALSE
"A1",1000,6,0,0,705,566,1,1,3,1,0,3,23,3,0,0,23,3,0,0,27,2,0,0,25,2,0,0,26,3,0,0,9,9,FALSE
"A1",1000,7,0,0,711,552,1,1,3,1,0,3,4,4,0,1,4,4,0,1,6,3,1,1,6,3,1,1,4,4,0,1,4,4,FALSE
"A1",1000,8,0,0,757,506,1,1,3,1,0,4,4,4,0,0,4,4,0,0,6,3,0,0,6,3,0,0,4,4,0,0,4,4,FALSE
"A1",1000,9,0,0,753,509,0,0,2,1,0,6,4,4,0,0,4,4,0,0,4,4,0,0,4,4,0,0,4,4,0,0,4,4,FALSE
"A1",1000,10,0,0,726,541,0,0,1,1,0,7,4,4,0,0,4,4,0,0,4,4,0,0,4,4,0,0,4,4,0,0,4,4,FALSE
"A1",1000,11,0,0,727,551,0,0,2,1,0,5,4,4,0,0,4,4,0,0,4,4,0,0,4,4,0,0,4,4,0,0,4,4,FALSE
"A1",1000,12,0,0,728,541,0,0,1,0,0,6,4,4,0,1,4,4,0,1,4,4,0,1,4,4,0,1,4,4,0,1,4,4,FALSE
"A1",1000,13,0,0,743,530,0,0,1,1,0,4,4,4,0,1,4,4,0,1,4,4,0,1,4,4,0,1,4,4,0,1,4,4,FALSE
"A1",1000,14,0,0,706,567,0,0,2,1,0,3,4,4,0,0,4,4,0,0,4,4,0,0,4,4,0,0,4,4,0,0,4,4,FALSE
"A1",1000,15,0,0,781,493,0,0,2,1,0,4,4,4,0,1,4,4,0,1,4,4,0,1,4,4,0,1,4,4,0,1,4,4,FALSE
"A1",1000,16,0,0,763,513,0,0,2,1,0,4,5,3,0,1,5,3,0,1,7,3,0,1,7,3,0,1,6,3,0,1,4,4,FALSE
"A1",1000,17,0,0,733,539,0,0,1,1,0,5,4,4,0,1,4,4,0,1,4,4,0,1,4,4,0,1,4,4,0,1,4,4,FALSE
"A1",1000,18,0,0,731,547,0,0,1,1,0,4,4,4,0,0,4,4,0,0,4,4,0,0,4,4,0,0,4,4,0,0,4,4,FALSE
"A1",1000,19,0,0,730,547,1,1,3,1,0,3,41,3,0,1,41,3,0,1,44,2,0,1,44,2,0,1,41,3,0,1,137,137,FALSE
"A1",1000,20,0,0,697,568,1,0,4,1,0,4,60,3,0,1,60,3,0,1,62,3,0,1,61,3,0,1,61,3,0,1,175,175,FALSE
"A1",1000,21,0,0,780,483,1,1,3,1,0,8,10,2,0,1,10,2,0,1,13,1,0,1,12,1,0,1,11,2,0,1,4,4,FALSE
"A1",1000,22,0,0,741,541,0,0,3,0,0,2,4,4,0,0,4,4,0,0,4,4,0,0,4,4,0,0,4,4,0,0,4,4,FALSE
"A1",1000,23,0,0,774,503,0,0,2,1,0,6,4,4,0,1,4,4,0,1,4,4,0,1,4,4,0,0,4,4,0,0,4,4,FALSE
"A1",1000,24,0,0,709,543,0,0,1,1,0,5,4,4,0,0,4,4,0,0,4,4,0,0,4,4,0,0,4,4,0,0,4,4,FALSE
"A1",1000,25,0,0,710,554,1,1,3,1,0,4,4,4,0,0,4,4,0,0,5,3,0,0,4,4,0,0,4,4,0,0,4,4,FALSE
"B1",1000,1,0,0,738,533,0,0,1,0,0,6,5,3,0,1,5,3,0,1,7,3,0,1,5,3,0,1,5,3,0,1,41,41,FALSE
"B1",1000,2,0,0,710,552,1,0,2,0,0,4,6,3,1,3,6,3,1,3,11,3,1,3,8,3,1,3,8,3,0,3,5,5,FALSE
"B1",1000,3,0,0,699,571,0,0,2,1,0,3,7,3,0,1,7,3,0,1,10,3,0,1,8,3,0,1,7,3,0,1,6,6,FALSE
"B1",1000,4,0,0,733,537,0,0,1,1,0,2,5,3,0,6,5,3,0,6,9,3,0,6,5,3,0,6,5,3,0,6,16,16,FALSE
"B1",1000,5,0,0,698,568,0,0,1,0,0,5,4,4,0,0,4,4,0,0,4,4,0,0,4,4,0,0,4,4,0,0,4,4,FALSE
"B1",1000,6,0,0,713,565,0,0,1,0,0,3,4,4,0,3,4,4,0,3,4,4,0,3,4,4,0,3,4,4,0,3,4,4,FALSE
"B1",1000,7,0,0,735,550,1,1,5,1,0,6,11,3,0,3,11,3,0,3,13,2,0,3,13,3,0,3,12,3,0,3,9,9,FALSE
"B1",1000,8,0,0,724,544,0,0,3,1,0,3,12,3,0,0,12,3,0,0,18,3,0,0,14,3,0,0,12,3,0,0,5,5,FALSE
"B1",1000,9,0,0,713,557,0,0,2,1,0,5,15,2,0,1,15,2,0,1,17,2,0,1,16,2,0,1,17,2,0,1,269,269,FALSE
"B1",1000,10,0,0,752,521,0,0,4,1,0,4,7,2,2,9,7,2,2,9,10,2,2,9,9,2,2,9,7,2,2,9,5,5,FALSE
"B1",1000,11,0,0,766,510,1,1,4,1,0,5,4,4,0,1,4,4,0,1,7,3,0,1,5,3,0,1,5,3,0,1,12,12,FALSE
"B1",1000,12,0,0,751,525,1,0,6,0,0,4,17,3,0,2,17,3,0,2,20,3,0,2,20,3,0,2,17,3,0,2,7,7,FALSE
"B1",1000,13,0,0,767,515,1,1,5,0,0,3,8,3,1,3,8,3,1,3,11,2,1,3,10,3,0,3,10,2,1,3,10,10,FALSE
"B1",1000,14,0,0,696,570,0,0,1,1,0,3,5,3,0,0,5,3,0,0,11,3,0,0,8,3,0,0,6,3,0,0,181,181,FALSE
"B1",1000,15,0,0,750,524,1,0,2,0,0,3,6,3,1,7,6,3,1,7,8,3,1,7,8,3,1,7,6,3,1,7,12,12,FALSE
"B1",1000,16,0,0,708,552,0,0,3,0,0,5,21,2,0,6,21,2,0,6,22,2,0,6,22,2,0,5,21,2,0,5,52,52,FALSE
"B1",1000,17,0,0,725,541,0,0,2,0,0,3,4,4,0,3,4,4,0,3,4,4,0,3,4,4,0,3,4,4,0,3,4,4,FALSE
"B1",1000,18,0,0,740,530,1,1,2,1,0,4,6,3,0,1,6,3,0,1,9,2,0,1,6,3,0,1,6,2,0,1,10,10,FALSE
"B1",1000,19,0,0,785,484,0,0,3,1,0,5,4,4,0,1,4,4,0,1,4,4,0,1,4,4,0,1,4,4,0,1,4,4,FALSE
"B1",1000,20,0,0,774,507,1,0,2,1,0,5,8,3,0,2,8,3,0,2,13,3,0,2,11,3,0,2,10,3,0,2,38,38,FALSE
"B1",1000,21,0,0,701,560,0,0,2,1,0,5,64,3,0,1,64,3,0,1,65,3,0,1,65,3,0,1,64,3,0,1,36,36,FALSE
"B1",1000,22,0,0,679,586,1,1,6,1,0,4,44,3,0,0,44,3,0,0,45,2,0,0,45,2,0,0,44,3,0,0,40,40,FALSE
"B1",1000,23,0,0,751,525,1,1,5,1,0,7,4,4,0,3,4,4,0,3,7,2,1,3,5,3,0,3,6,3,1,3,20,20,FALSE
"B1",1000,24,0,0,744,521,0,0,1,1,0,4,4,4,0,5,4,4,0,5,4,4,0,5,4,4,0,4,4,4,0,4,4,4,FALSE
"B1",1000,25,0,0,743,537,1,0,4,1,0,5,8,2,0,2,8,2,0,2,9,2,0,2,9,2,0,2,9,2,0,2,105,105,FALSE
"A2",1000,1,0,0,767,507,1,0,2,1,0,7,6,3,0,0,6,3,0,0,8,3,0,0,8,3,0,0,8,3,0,0,8,8,FALSE
"A2",1000,2,0,0,775,488,0,0,4,1,0,4,8,2,0,0,8,2,0,0,13,2,0,0,11,2,0,0,8,2,0,0,7,7,FALSE
"A2",1000,3,0,0,756,514,1,1,4,1,0,3,9,3,0,2,9,3,0,2,11,1,1,2,11,1,1,2,9,3,0,1,24,24,FALSE
"A2",1000,4,0,0,769,507,0,0,2,1,1,3,19,3,0,0,19,3,0,0,21,3,0,0,19,3,0,0,19,3,0,0,60,60,FALSE
"A2",1000,5,0,0,738,533,0,0,4,0,0,4,6,2,1,2,6,2,1,2,7,2,1,2,7,2,1,2,6,2,1,2,236,236,FALSE
"A2",1000,6,0,0,725,546,1,0,3,1,0,4,23,2,0,1,23,2,0,1,25,2,0,1,23,2,0,1,23,2,0,1,21,21,FALSE
"A2",1000,7,0,0,779,496,1,1,4,0,0,3,18,3,0,1,18,3,0,1,20,2,0,1,18,3,0,1,18,3,0,1,6,6,FALSE
"A2",1000,8,0,0,757,506,1,0,2,1,0,5,6,3,0,1,6,3,0,1,8,3,0,1,7,3,0,1,6,3,0,1,4,4,FALSE
"A2",1000,9,0,0,715,540,1,1,4,1,0,5,7,3,0,0,7,3,0,0,11,2,0,0,10,3,0,0,10,3,0,0,6,6,FALSE
"A2",1000,10,0,0,730,544,0,0,4,1,1,4,235,2,0,1,235,2,0,1,236,2,0,1,236,2,0,1,235,2,0,1,130,130,FALSE
"A2",1000,11,0,0,746,512,0,0,3,0,0,3,18,3,0,1,18,3,0,1,20,3,0,1,20,3,0,1,19,3,0,1,23,23,FALSE
"A2",1000,12,0,0,733,536,0,0,2,1,0,3,8,3,0,1,8,3,0,1,9,3,0,1,8,3,0,1,8,3,0,1,8,8,FALSE
"A2",1000,13,0,0,745,515,0,0,1,1,0,8,5,3,0,0,5,3,0,0,9,3,0,0,5,3,0,0,6,3,0,0,10,10,FALSE
"A2",1000,14,0,0,765,492,1,0,2,1,0,5,98,3,0,0,98,3,0,0,102,3,0,0,100,3,0,0,98,3,0,0,27,27,FALSE
"A2",1000,15,0,0,761,515,0,0,2,1,0,3,5,3,0,0,5,3,0,0,6,3,0,0,5,3,0,0,5,3,0,0,5,5,FALSE
"A2",1000,16,0,0,770,500,1,1,3,0,0,3,122,3,0,0,122,3,0,0,125,2,0,0,124,2,0,0,123,3,0,0,116,116,FALSE
"A2",1000,17,0,0,733,532,0,0,3,1,0,5,5,3,0,0,5,3,0,0,9,3,0,0,9,3,0,0,6,3,0,0,4,4,FALSE
"A2",1000,18,0,0,749,513,1,1,2,1,0,7,4,4,0,1,4,4,0,1,5,3,0,1,5,3,0,1,4,4,0,1,4,4,FALSE
"A2",1000,19,0,0,740,531,1,1,4,0,0,3,4,4,0,0,4,4,0,0,5,3,0,0,5,3,0,0,5,3,0,0,4,4,FALSE
"A2",1000,20,0,0,743,523,0,0,2,1,0,4,5,3,0,0,5,3,0,0,8,3,0,0,8,3,0,0,5,3,0,0,59,59,FALSE
"A2",1000,21,0,0,744,516,1,1,4,1,0,5,12,3,0,2,12,3,0,2,17,2,0,2,13,2,0,2,12,3,0,2,85,85,FALSE
"A2",1000,22,0,0,779,502,1,1,3,1,0,4,4,4,0,1,4,4,0,1,6,3,0,1,5,3,0,1,4,4,0,0,6,6,FALSE
"A2",1000,23,0,0,766,498,1,1,7,1,0,5,28,3,0,0,28,3,0,0,32,1,0,0,29,1,0,0,29,1,0,0,195,195,FALSE
"A2",1000,24,0,0,730,537,1,1,5,1,0,6,58,2,0,0,58,2,0,0,61,1,0,0,58,2,0,0,61,2,0,0,62,62,FALSE
"A2",1000,25,0,0,755,507,1,1,5,1,0,5,25,3,0,0,25,3,0,0,27,1,0,0,26,2,0,0,26,2,0,0,255,255,FALSE
"A3",1000,1,0,0,753,531,0,0,2,1,0,5,5,3,0,1,5,3,0,1,6,3,0,1,5,3,0,1,5,3,0,1,15,15,FALSE
"A3",1000,2,0,0,766,526,0,0,2,1,0,3,4,4,0,0,4,4,0,0,4,4,0,0,4,4,0,0,4,4,0,0,4,4,FALSE
"A3",1000,3,0,0,783,489,1,1,2,1,0,7,4,4,0,0,4,4,0,0,5,3,0,0,5,3,0,0,4,4,0,0,4,4,FALSE
"A3",1000,4,0,0,755,520,0,0,2,1,0,7,4,4,0,0,4,4,0,0,4,4,0,0,4,4,0,0,4,4,0,0,4,4,FALSE
"A3",1000,5,0,0,792,480,0,0,3,0,0,5,4,4,0,0,4,4,0,0,4,4,0,0,4,4,0,0,4,4,0,0,4,4,FALSE
"A3",1000,6,0,0,748,526,0,0,1,1,0,7,4,4,0,0,4,4,0,0,4,4,0,0,4,4,0,0,4,4,0,0,4,4,FALSE
"A3",1000,7,0,0,747,527,1,1,4,1,0,6,4,4,0,1,4,4,0,1,7,3,0,1,5,3,0,1,4,4,0,1,4,4,FALSE
"A3",1000,8,0,0,749,511,1,0,2,1,0,6,6,3,0,1,6,3,0,1,6,3,0,1,6,3,0,0,6,3,0,0,4,4,FALSE
"A3",1000,9,0,0,708,559,1,0,2,0,0,5,249,2,0,1,249,2,0,1,251,2,0,1,251,2,0,1,249,2,0,1,170,170,FALSE
"A3",1000,10,0,0,699,560,0,0,2,1,0,3,5,3,0,0,5,3,0,0,7,3,0,0,5,3,0,0,6,3,0,0,67,67,FALSE
"A3",1000,11,0,0,728,541,1,1,6,0,0,4,4,4,0,0,4,4,0,0,9,3,0,0,4,4,0,0,4,4,0,0,4,4,FALSE
"A3",1000,12,0,0,756,507,1,1,3,1,0,5,4,4,0,0,4,4,0,0,6,3,0,0,4,4,0,0,4,4,0,0,4,4,FALSE
"A3",1000,13,0,0,769,488,1,1,3,0,0,5,4,4,0,0,4,4,0,0,6,3,0,0,6,3,0,0,4,4,0,0,4,4,FALSE
"A3",1000,14,0,0,712,545,0,0,2,0,0,4,5,3,0,3,5,3,0,3,5,3,0,3,5,3,0,3,5,3,0,3,4,4,FALSE
"A3",1000,15,0,0,764,500,1,1,4,1,0,4,6,3,0,1,6,3,0,1,9,2,0,1,8,3,0,1,6,3,0,1,4,4,FALSE
"A3",1000,16,0,0,741,526,0,0,2,0,0,5,4,4,0,0,4,4,0,0,4,4,0,0,4,4,0,0,4,4,0,0,4,4,FALSE
"A3",1000,17,0,0,730,531,1,1,4,1,0,3,7,3,0,0,7,3,0,0,11,2,0,0,7,3,0,0,10,3,0,0,4,4,FALSE
"A3",1000,18,0,0,714,553,1,1,3,0,0,1,4,4,0,0,4,4,0,0,6,3,0,0,5,3,0,0,4,4,0,0,11,11,FALSE
"A3",1000,19,0,0,739,528,1,0,2,0,0,4,6,3,0,0,6,3,0,0,8,3,0,0,7,3,0,0,7,3,0,0,4,4,FALSE
"A3",1000,20,0,0,726,535,0,0,1,1,0,5,4,4,0,0,4,4,0,0,4,4,0,0,4,4,0,0,4,4,0,0,4,4,FALSE
"A3",1000,21,0,0,718,557,1,1,6,1,0,3,4,4,0,0,4,4,0,0,9,3,0,0,5,3,0,0,4,4,0,0,4,4,FALSE
"A3",1000,22,0,0,793,465,0,0,1,1,0,6,14,3,0,1,14,3,0,1,19,3,0,1,14,3,0,1,14,3,0,1,10,10,FALSE
"A3",1000,23,0,0,783,482,0,0,2,0,0,4,4,4,0,0,4,4,0,0,4,4,0,0,4,4,0,0,4,4,0,0,4,4,FALSE
"A3",1000,24,0,0,757,519,0,0,2,0,0,5,4,4,0,1,4,4,0,1,4,4,0,1,4,4,0,1,4,4,0,1,4,4,FALSE
"A3",1000,25,0,0,732,540,1,1,3,1,0,2,4,4,0,1,4,4,0,1,5,3,0,1,4,4,0,1,4,4,0,1,4,4,FALSE
"A1",2000,1,0,0,1526,1010,0,0,2,1,0,7,4,4,0,0,4,4,0,0,4,4,0,0,4,4,0,0,4,4,0,0,16,16,FALSE
"A1",2000,2,0,0,1440,1108,1,1,4,1,0,4,4,4,0,0,4,4,0,0,7,3,0,0,6,3,0,0,7,3,0,0,4,4,FALSE
"A1",2000,3,0,0,1525,1014,1,1,4,1,0,5,7,3,0,0,7,3,0,0,11,2,0,0,11,2,0,0,7,3,0,0,6,6,FALSE
"A1",2000,4,0,0,1417,1131,1,1,4,1,0,5,4,4,0,0,4,4,0,0,5,3,0,0,4,4,0,0,4,4,0,0,4,4,FALSE
"A1",2000,5,0,0,1444,1094,1,1,4,0,0,4,4,4,0,0,4,4,0,0,7,3,0,0,5,3,0,0,4,4,0,0,4,4,FALSE
"A1",2000,6,0,0,1476,1059,1,1,3,1,0,6,4,4,0,0,4,4,0,0,6,3,0,0,6,3,0,0,4,4,0,0,4,4,FALSE
"A1",2000,7,0,0,1418,1114,0,0,1,0,0,5,4,4,0,1,4,4,0,1,4,4,0,1,4,4,0,1,4,4,0,1,4,4,FALSE
"A1",2000,8,0,0,1424,1128,0,0,2,1,0,4,4,4,0,0,4,4,0,0,4,4,0,0,4,4,0,0,4,4,0,0,4,4,FALSE
"A1",2000,9,0,0,1493,1062,0,0,1,1,0,5,5,3,0,0,5,3,0,0,6,3,0,0,6,3,0,0,5,3,0,0,6,6,FALSE
"A1",2000,10,0,0,1446,1083,0,0,1,1,0,4,4,4,0,1,4,4,0,1,4,4,0,1,4,4,0,1,4,4,0,1,6,6,FALSE
"A1",2000,11,0,0,1484,1041,0,0,2,1,0,6,4,4,0,0,4,4,0,0,4,4,0,0,4,4,0,0,4,4,0,0,4,4,FALSE
"A1",2000,12,0,0,1452,1106,1,1,2,0,0,5,4,4,0,0,4,4,0,0,5,3,0,0,5,3,0,0,4,4,0,0,4,4,FALSE
"A1",2000,13,0,0,1481,1058,0,0,1,1,0,5,4,4,0,1,4,4,0,1,4,4,0,1,4,4,0,1,4,4,0,1,41,41,FALSE
"A1",2000,14,0,0,1478,1064,0,0,1,1,0,6,4,4,0,0,4,4,0,0,4,4,0,0,4,4,0,0,4,4,0,0,4,4,FALSE
"A1",2000,15,0,0,1447,1120,0,0,2,0,0,2,58,3,0,0,58,3,0,0,64,3,0,0,61,3,0,0,60,3,0,0,104,104,FALSE
"A1",2000,16,0,0,1409,1139,1,1,2,1,0,5,4,4,0,0,4,4,0,0,5,3,0,0,4,4,0,0,4,4,0,0,4,4,FALSE
"A1",2000,17,0,0,1395,1131,0,0,2,1,0,5,4,4,0,0,4,4,0,0,4,4,0,0,4,4,0,0,4,4,0,0,4,4,FALSE
"A1",2000,18,0,0,1450,1118,0,0,1,0,0,5,4,4,0,0,4,4,0,0,4,4,0,0,4,4,0,0,4,4,0,0,4,4,FALSE
"A1",2000,19,0,0,1476,1063,0,0,1,1,0,4,4,4,0,0,4,4,0,0,4,4,0,0,4,4,0,0,4,4,0,0,11,11,FALSE
"A1",2000,20,0,0,1470,1086,0,0,1,1,0,6,4,4,0,0,4,4,0,0,4,4,0,0,4,4,0,0,4,4,0,0,4,4,FALSE
"A1",2000,21,0,0,1388,1138,0,0,2,0,0,3,5,3,0,0,5,3,0,0,5,3,0,0,5,3,0,0,5,3,0,0,4,4,FALSE
"A1",2000,22,0,0,1479,1073,0,0,1,0,0,5,4,4,0,0,4,4,0,0,4,4,0,0,4,4,0,0,4,4,0,0,5,5,FALSE
"A1",2000,23,0,0,1451,1104,0,0,1,0,0,5,4,4,0,0,4,4,0,0,4,4,0,0,4,4,0,0,4,4,0,0,4,4,FALSE
"A1",2000,24,0,0,1501,1043,0,0,1,1,0,5,4,4,0,0,4,4,0,0,4,4,0,0,4,4,0,0,4,4,0,0,4,4,FALSE
"A1",2000,25,0,0,1455,1089,0,0,3,1,0,3,4,4,0,0,4,4,0,0,4,4,0,0,4,4,0,0,4,4,0,0,4,4,FALSE
"B1",2000,1,0,0,1533,1020,1,1,2,1,0,4,4,4,0,4,4,4,0,4,5,3,0,4,4,4,0,4,4,4,0,4,4,4,FALSE
"B1",2000,2,0,0,1454,1087,1,1,7,0,0,5,4,4,0,4,4,4,0,4,10,3,1,4,10,3,0,4,4,4,0,4,5,5,FALSE
"B1",2000,3,0,0,1442,1094,1,1,5,1,0,3,5,3,0,0,5,3,0,0,8,2,0,0,8,2,0,0,5,3,0,0,5,5,FALSE
"B1",2000,4,0,0,1423,1103,0,0,1,0,0,1,8,3,0,0,8,3,0,0,12,3,0,0,9,3,0,0,8,3,0,0,6,6,FALSE
"B1",2000,5,0,0,1458,1077,0,0,1,0,0,5,4,4,0,4,4,4,0,4,4,4,0,4,4,4,0,2,4,4,0,2,4,4,FALSE
"B1",2000,6,0,0,1533,983,1,1,6,1,0,4,13,2,1,4,13,2,1,4,17,1,1,4,17,1,0,4,15,2,1,4,678,678,FALSE
"B1",2000,7,0,0,1431,1113,1,0,2,1,0,6,9,2,2,7,9,2,2,7,12,2,2,7,12,2,1,7,9,2,1,7,8,8,FALSE
"B1",2000,8,0,0,1484,1077,0,0,1,1,0,4,4,4,0,1,4,4,0,1,4,4,0,1,4,4,0,1,4,4,0,1,4,4,FALSE
"B1",2000,9,0,0,1473,1079,0,0,1,1,0,4,60,3,1,5,60,3,1,5,63,3,1,5,60,3,1,5,60,3,1,5,132,132,FALSE
"B1",2000,10,0,0,1487,1032,0,0,3,1,0,6,5,3,0,1,5,3,0,1,7,3,0,1,5,3,0,1,5,3,0,1,4,4,FALSE
"B1",2000,11,0,0,1487,1031,1,1,4,0,0,4,4,4,0,3,4,4,0,3,7,3,1,3,6,3,0,3,4,4,0,3,6,6,FALSE
"B1",2000,12,0,0,1497,1054,0,0,1,1,0,5,4,4,0,0,4,4,0,0,4,4,0,0,4,4,0,0,4,4,0,0,4,4,FALSE
"B1",2000,13,0,0,1530,1023,1,1,3,1,0,7,4,4,0,8,4,4,0,8,6,3,1,8,5,3,0,7,4,4,0,8,15,15,FALSE
"B1",2000,14,0,0,1421,1108,1,1,5,1,0,4,8,3,0,0,8,3,0,0,10,2,0,0,9,2,0,0,8,3,0,0,10,10,FALSE
"B1",2000,15,0,0,1505,1041,0,0,2,1,0,4,4,4,0,5,4,4,0,5,4,4,0,5,4,4,0,5,4,4,0,5,6,6,FALSE
"B1",2000,16,0,0,1467,1086,0,0,3,1,0,5,5,3,0,0,5,3,0,0,8,3,0,0,6,3,0,0,5,3,0,0,16,16,FALSE
"B1",2000,17,0,0,1471,1087,1,1,3,0,0,3,18,3,0,0,18,3,0,0,20,2,0,0,20,2,0,0,19,3,0,0,28,28,FALSE
"B1",2000,18,0,0,1417,1134,1,0,3,1,0,6,14,2,0,0,14,2,0,0,18,2,0,0,17,2,0,0,15,2,0,0,15,15,FALSE
"B1",2000,19,0,0,1398,1123,1,1,3,1,0,5,4,4,0,1,4,4,0,1,6,3,0,1,4,4,0,1,5,3,0,1,59,59,FALSE
"B1",2000,20,0,0,1448,1082,1,0,2,1,0,4,6,3,0,0,6,3,0,0,7,3,0,0,6,3,0,0,6,3,0,0,4,4,FALSE
"B1",2000,21,0,0,1440,1090,1,1,3,1,0,3,123,3,0,1,123,3,0,1,127,2,0,1,124,3,0,1,124,3,0,1,260,260,FALSE
"B1",2000,22,0,0,1448,1099,0,0,3,1,0,6,7,2,0,0,7,2,0,0,9,2,0,0,7,2,0,0,7,2,0,0,83,83,FALSE
"B1",2000,23,0,0,1409,1132,0,0,1,1,0,4,4,4,0,0,4,4,0,0,4,4,0,0,4,4,0,0,4,4,0,0,28,28,FALSE
"B1",2000,24,0,0,1523,996,0,0,3,1,0,7,4,4,0,0,4,4,0,0,4,4,0,0,4,4,0,0,4,4,0,0,7,7,FALSE
"B1",2000,25,0,0,1457,1107,0,0,4,1,0,4,6,3,0,2,6,3,0,2,8,3,0,2,7,3,0,2,8,3,0,2,95,95,FALSE
"A2",2000,1,0,0,1510,1022,0,0,3,1,0,4,5,3,0,1,5,3,0,1,7,3,0,1,5,3,0,0,5,3,0,1,4,4,FALSE
"A2",2000,2,0,0,1490,1062,1,1,2,1,0,3,4,4,0,0,4,4,0,0,5,3,0,0,4,4,0,0,4,4,0,0,4,4,FALSE
"A2",2000,3,0,0,1536,995,0,0,4,1,0,3,9,2,0,1,9,2,0,1,11,2,0,1,9,2,0,1,9,2,0,1,34,34,FALSE
"A2",2000,4,0,0,1495,1052,1,1,4,1,0,3,90,3,0,1,90,3,0,1,92,2,0,1,92,3,0,1,90,3,0,1,48,48,FALSE
"A2",2000,5,0,0,1495,1028,1,1,5,0,0,6,322,3,0,0,322,3,0,0,326,2,0,0,325,2,0,0,325,2,0,0,133,133,FALSE
"A2",2000,6,0,0,1577,959,1,1,3,1,0,5,35,3,0,0,35,3,0,0,40,2,0,0,40,2,0,0,35,3,0,0,233,233,FALSE
"A2",2000,7,0,0,1560,966,1,1,5,1,0,6,8,3,0,0,8,3,0,0,13,2,0,0,13,2,0,0,8,3,0,0,219,219,FALSE
"A2",2000,8,0,0,1498,1045,0,0,1,1,0,5,6,2,0,0,6,2,0,0,9,2,0,0,9,2,0,0,9,2,0,0,4,4,FALSE
"A2",2000,9,0,0,1519,1017,0,0,4,1,0,5,10,1,0,0,10,1,0,0,10,1,0,0,10,1,0,0,10,1,0,0,173,173,FALSE
"A2",2000,10,0,0,1476,1088,1,0,3,0,0,3,9,2,0,0,9,2,0,0,10,2,0,0,9,2,0,0,9,2,0,0,17,17,FALSE
"A2",2000,11,0,0,1537,992,0,0,4,0,0,5,11,1,0,0,11,1,0,0,15,1,0,0,15,1,0,0,11,1,0,0,4,4,FALSE
"A2",2000,12,0,0,1537,1006,0,0,3,1,0,4,875,2,0,1,875,2,0,1,878,2,0,1,877,2,0,1,875,2,0,1,457,457,FALSE
"A2",2000,13,0,0,1494,1025,0,0,4,0,0,3,8,2,0,0,8,2,0,0,10,2,0,0,10,2,0,0,10,2,0,0,39,39,FALSE
"A2",2000,14,0,0,1529,991,1,1,5,1,0,5,25,2,0,0,25,2,0,0,29,1,0,0,29,2,0,0,25,2,0,0,89,89,FALSE
"A2",2000,15,0,0,1528,1010,1,1,7,1,0,5,4,4,0,0,4,4,0,0,10,3,0,0,10,3,0,0,8,3,0,0,279,279,FALSE
"A2",2000,16,0,0,1539,988,1,1,3,1,0,4,61,3,0,0,61,3,0,0,62,2,0,0,61,2,0,0,61,3,0,0,24,24,FALSE
"A2",2000,17,0,0,1463,1073,1,0,2,1,0,5,27,2,0,0,27,2,0,0,29,2,0,0,28,2,0,0,28,2,0,0,103,103,FALSE
"A2",2000,18,0,0,1519,1010,1,0,4,1,0,6,208,2,0,0,208,2,0,0,210,2,0,0,209,2,0,0,210,2,0,0,1891,1891,FALSE
"A2",2000,19,0,0,1507,1004,0,0,2,1,0,6,11,2,0,1,11,2,0,1,15,2,0,1,13,2,0,1,12,2,0,1,5,5,FALSE
"A2",2000,20,0,0,1539,1004,1,1,5,1,0,4,14,3,0,0,14,3,0,0,17,2,0,0,16,2,0,0,15,2,0,0,5,5,FALSE
"A2",2000,21,0,0,1521,1007,0,0,4,1,0,4,4,4,0,0,4,4,0,0,4,4,0,0,4,4,0,0,4,4,0,0,6,6,FALSE
"A2",2000,22,0,0,1484,1057,0,0,3,1,0,5,39,2,0,0,39,2,0,0,43,2,0,0,43,2,0,0,39,2,0,0,98,98,FALSE
"A2",2000,23,0,0,1456,1089,1,1,6,1,0,4,14,2,0,0,14,2,0,0,19,0,0,0,19,1,0,0,17,1,0,0,7,7,FALSE
"A2",2000,24,0,0,1491,1049,1,0,4,1,0,7,34,3,0,0,34,3,0,0,37,3,0,0,34,3,0,0,36,3,0,0,289,289,FALSE
"A2",2000,25,0,0,1483,1055,1,0,3,1,0,5,9,3,0,0,9,3,0,0,12,3,0,0,9,3,0,0,10,3,0,0,12,12,FALSE
"A3",2000,1,0,0,1500,1041,1,0,3,1,0,4,13,3,0,0,13,3,0,0,14,3,0,0,13,3,0,0,14,3,0,0,107,107,FALSE
"A3",2000,2,0,0,1391,1135,0,0,1,1,0,3,12,3,0,0,12,3,0,0,16,3,0,0,13,3,0,0,12,3,0,0,8,8,FALSE
"A3",2000,3,0,0,1526,1013,1,1,5,1,0,3,4,4,0,1,4,4,0,1,8,3,1,1,8,3,0,1,5,3,0,1,4,4,FALSE
"A3",2000,4,0,0,1591,944,1,1,2,1,0,6,4,4,0,0,4,4,0,0,5,3,0,0,4,4,0,0,4,4,0,0,4,4,FALSE
"A3",2000,5,0,0,1467,1075,1,1,6,0,0,2,4,4,0,0,4,4,0,0,9,3,0,0,7,3,0,0,4,4,0,0,10,10,FALSE
"A3",2000,6,0,0,1520,1011,1,1,7,1,0,5,4,4,0,0,4,4,0,0,10,3,0,0,5,3,0,0,10,3,0,0,451,451,FALSE
"A3",2000,7,0,0,1555,1000,0,0,1,1,0,5,5,3,0,0,5,3,0,0,9,3,0,0,8,3,0,0,5,3,0,0,4,4,FALSE
"A3",2000,8,0,0,1526,1004,0,0,1,0,0,5,4,4,0,0,4,4,0,0,4,4,0,0,4,4,0,0,4,4,0,0,5,5,FALSE
"A3",2000,9,0,0,1517,1013,0,0,1,1,0,5,5,3,0,1,5,3,0,1,5,3,0,1,5,3,0,0,5,3,0,0,4,4,FALSE
"A3",2000,10,0,0,1450,1084,0,0,1,1,0,5,5,3,0,0,5,3,0,0,8,3,0,0,7,3,0,0,5,3,0,0,4,4,FALSE
"A3",2000,11,0,0,1469,1067,1,1,4,1,0,5,4,4,0,1,4,4,0,1,6,2,0,1,5,3,0,1,5,3,0,1,5,5,FALSE
"A3",2000,12,0,0,1501,1014,1,1,2,1,0,7,4,4,0,0,4,4,0,0,5,3,0,0,4,4,0,0,4,4,0,0,4,4,FALSE
"A3",2000,13,0,0,1437,1107,1,1,5,1,0,4,4,4,0,1,4,4,0,1,7,2,0,1,6,3,0,1,5,3,0,1,4,4,FALSE
"A3",2000,14,0,0,1507,1021,1,1,2,1,0,5,4,4,0,0,4,4,0,0,5,3,0,0,4,4,0,0,4,4,0,0,4,4,FALSE
"A3",2000,15,0,0,1503,1049,0,0,1,1,0,5,4,4,0,0,4,4,0,0,4,4,0,0,4,4,0,0,4,4,0,0,4,4,FALSE
"A3",2000,16,0,0,1513,1030,0,0,3,0,0,3,4,4,0,0,4,4,0,0,4,4,0,0,4,4,0,0,4,4,0,0,4,4,FALSE
"A3",2000,17,0,0,1476,1058,0,0,1,1,0,4,4,4,0,0,4,4,0,0,4,4,0,0,4,4,0,0,4,4,0,0,4,4,FALSE
"A3",2000,18,0,0,1446,1103,0,0,1,1,0,5,4,4,0,1,4,4,0,1,4,4,0,1,4,4,0,1,4,4,0,1,4,4,FALSE
"A3",2000,19,0,0,1555,961,1,1,4,1,0,5,6,3,0,0,6,3,0,0,7,2,0,0,7,3,0,0,6,3,0,0,4,4,FALSE
"A3",2000,20,0,0,1417,1126,1,0,5,1,0,4,9,2,0,1,9,2,0,1,11,2,0,1,10,2,0,1,10,2,0,1,22,22,FALSE
"A3",2000,21,0,0,1475,1081,0,0,2,1,0,4,6,3,0,0,6,3,0,0,9,3,0,0,9,3,0,0,6,3,0,0,14,14,FALSE
"A3",2000,22,0,0,1529,1002,1,1,5,1,0,5,4,4,0,0,4,4,0,0,8,3,0,0,7,3,0,0,4,4,0,0,4,4,FALSE
"A3",2000,23,0,0,1495,1051,1,1,5,0,0,6,8,3,0,2,8,3,0,2,8,2,0,2,8,2,0,2,8,3,0,2,4,4,FALSE
"A3",2000,24,0,0,1467,1062,0,0,1,1,0,5,4,4,0,0,4,4,0,0,4,4,0,0,4,4,0,0,4,4,0,0,4,4,FALSE
"A3",2000,25,0,0,1486,1058,0,0,1,1,0,6,4,4,0,2,4,4,0,2,4,4,0,2,4,4,0,2,4,4,0,2,4,4,FALSE
